pet_id,start,end,duration_sec
cyclical_long_period_three_cycles_goldenretriever_10,2026-01-01 14:15:15,2026-01-01 14:15:20.168925,5.168924530396698
cyclical_long_period_three_cycles_goldenretriever_10,2026-01-01 23:41:03,2026-01-01 23:41:06.279099,3.27909879280196
cyclical_long_period_three_cycles_goldenretriever_10,2026-01-01 12:11:15,2026-01-01 12:11:19.227735,4.2277353973968435
cyclical_long_period_three_cycles_goldenretriever_10,2026-01-01 00:03:16,2026-01-01 00:03:19.879816,3.879815712562105
cyclical_long_period_three_cycles_goldenretriever_10,2026-01-01 10:09:25,2026-01-01 10:09:29.573981,4.573981285391821
cyclical_long_period_three_cycles_goldenretriever_10,2026-01-01 02:26:50,2026-01-01 02:26:53.532823,3.5328230897975663
cyclical_long_period_three_cycles_goldenretriever_10,2026-01-01 19:43:13,2026-01-01 19:43:15.257342,2.2573424671658855
cyclical_long_period_three_cycles_goldenretriever_10,2026-01-01 11:16:03,2026-01-01 11:16:07.395235,4.395235223561997
cyclical_long_period_three_cycles_goldenretriever_10,2026-01-01 09:32:03,2026-01-01 09:32:08.612117,5.612116956496374
cyclical_long_period_three_cycles_goldenretriever_10,2026-01-01 01:01:53,2026-01-01 01:01:55.581532,2.581532186781921
cyclical_long_period_three_cycles_goldenretriever_10,2026-01-01 18:50:19,2026-01-01 18:50:21.629362,2.6293616082462656
cyclical_long_period_three_cycles_goldenretriever_10,2026-01-01 07:53:54,2026-01-01 07:53:56.745022,2.7450222843304193
cyclical_long_period_three_cycles_goldenretriever_10,2026-01-01 11:47:26,2026-01-01 11:47:29.133543,3.1335425207531395
cyclical_long_period_three_cycles_goldenretriever_10,2026-01-02 11:48:15,2026-01-02 11:48:20.014014,5.014014045921783
cyclical_long_period_three_cycles_goldenretriever_10,2026-01-02 15:00:59,2026-01-02 15:01:01.723016,2.7230159542628045
cyclical_long_period_three_cycles_goldenretriever_10,2026-01-02 00:42:05,2026-01-02 00:42:08.396389,3.3963894122748477
cyclical_long_period_three_cycles_goldenretriever_10,2026-01-02 01:08:01,2026-01-02 01:08:05.889994,4.8899937955540755
cyclical_long_period_three_cycles_goldenretriever_10,2026-01-02 10:22:21,2026-01-02 10:22:23.509248,2.5092481995275926
cyclical_long_period_three_cycles_goldenretriever_10,2026-01-02 14:37:11,2026-01-02 14:37:13.680399,2.6803991025198735
cyclical_long_period_three_cycles_goldenretriever_10,2026-01-02 10:19:33,2026-01-02 10:19:36.999959,3.999959396283576
cyclical_long_period_three_cycles_goldenretriever_10,2026-01-02 10:49:50,2026-01-02 10:49:52.034221,2.0342207938108605
cyclical_long_period_three_cycles_goldenretriever_10,2026-01-02 04:45:53,2026-01-02 04:45:58.011552,5.011552377040512
cyclical_long_period_three_cycles_goldenretriever_10,2026-01-02 13:21:11,2026-01-02 13:21:15.517177,4.517177496233108
cyclical_long_period_three_cycles_goldenretriever_10,2026-01-02 07:22:06,2026-01-02 07:22:11.339208,5.339207982554071
cyclical_long_period_three_cycles_goldenretriever_10,2026-01-02 04:36:57,2026-01-02 04:37:01.908674,4.908673921557609
cyclical_long_period_three_cycles_goldenretriever_10,2026-01-02 15:13:36,2026-01-02 15:13:38.468740,2.4687404282568117
cyclical_long_period_three_cycles_goldenretriever_10,2026-01-03 05:27:46,2026-01-03 05:27:49.041650,3.04165029119249
cyclical_long_period_three_cycles_goldenretriever_10,2026-01-03 14:12:05,2026-01-03 14:12:10.840113,5.8401126527241685
cyclical_long_period_three_cycles_goldenretriever_10,2026-01-03 13:20:47,2026-01-03 13:20:52.053358,5.053358476830853
cyclical_long_period_three_cycles_goldenretriever_10,2026-01-03 23:00:39,2026-01-03 23:00:43.962739,4.962738666685489
cyclical_long_period_three_cycles_goldenretriever_10,2026-01-03 07:18:19,2026-01-03 07:18:22.939854,3.9398535192040245
cyclical_long_period_three_cycles_goldenretriever_10,2026-01-03 20:18:49,2026-01-03 20:18:51.532149,2.532149128535124
cyclical_long_period_three_cycles_goldenretriever_10,2026-01-03 21:29:22,2026-01-03 21:29:27.120267,5.120266580213945
cyclical_long_period_three_cycles_goldenretriever_10,2026-01-03 18:21:13,2026-01-03 18:21:15.226788,2.2267879239265818
cyclical_long_period_three_cycles_goldenretriever_10,2026-01-03 02:42:21,2026-01-03 02:42:23.369527,2.3695266105360613
cyclical_long_period_three_cycles_goldenretriever_10,2026-01-04 14:45:45,2026-01-04 14:45:50.456532,5.456531899700032
cyclical_long_period_three_cycles_goldenretriever_10,2026-01-04 08:04:39,2026-01-04 08:04:43.670306,4.670306452784763
cyclical_long_period_three_cycles_goldenretriever_10,2026-01-04 03:29:57,2026-01-04 03:29:59.267555,2.2675552591733403
cyclical_long_period_three_cycles_goldenretriever_10,2026-01-04 21:41:46,2026-01-04 21:41:48.476458,2.476457876721418
cyclical_long_period_three_cycles_goldenretriever_10,2026-01-04 21:02:25,2026-01-04 21:02:29.040205,4.040204859270967
cyclical_long_period_three_cycles_goldenretriever_10,2026-01-04 09:21:02,2026-01-04 09:21:05.888955,3.888954619792844
cyclical_long_period_three_cycles_goldenretriever_10,2026-01-04 15:29:41,2026-01-04 15:29:46.245893,5.245893269224675
cyclical_long_period_three_cycles_goldenretriever_10,2026-01-04 15:21:05,2026-01-04 15:21:10.959766,5.959766398128392
cyclical_long_period_three_cycles_goldenretriever_10,2026-01-04 15:13:58,2026-01-04 15:14:01.050532,3.050532363186816
cyclical_long_period_three_cycles_goldenretriever_10,2026-01-04 10:14:44,2026-01-04 10:14:47.548483,3.548482772748062
cyclical_long_period_three_cycles_goldenretriever_10,2026-01-05 12:39:21,2026-01-05 12:39:23.181042,2.1810420212597252
cyclical_long_period_three_cycles_goldenretriever_10,2026-01-05 03:14:33,2026-01-05 03:14:38.838316,5.838316001507977
cyclical_long_period_three_cycles_goldenretriever_10,2026-01-05 15:17:53,2026-01-05 15:17:55.756824,2.756824285013608
cyclical_long_period_three_cycles_goldenretriever_10,2026-01-05 11:40:46,2026-01-05 11:40:48.214608,2.2146077811972766
cyclical_long_period_three_cycles_goldenretriever_10,2026-01-05 09:08:44,2026-01-05 09:08:47.156106,3.1561057703423434
cyclical_long_period_three_cycles_goldenretriever_10,2026-01-05 19:37:04,2026-01-05 19:37:07.897972,3.897971916461861
cyclical_long_period_three_cycles_goldenretriever_10,2026-01-05 18:49:49,2026-01-05 18:49:51.194485,2.194485347786287
cyclical_long_period_three_cycles_goldenretriever_10,2026-01-05 14:48:05,2026-01-05 14:48:10.598478,5.598477568149008
cyclical_long_period_three_cycles_goldenretriever_10,2026-01-05 20:16:51,2026-01-05 20:16:56.300955,5.300955383955152
cyclical_long_period_three_cycles_goldenretriever_10,2026-01-06 11:28:16,2026-01-06 11:28:21.239430,5.239429628125792
cyclical_long_period_three_cycles_goldenretriever_10,2026-01-06 19:10:17,2026-01-06 19:10:20.530480,3.530479925091695
cyclical_long_period_three_cycles_goldenretriever_10,2026-01-06 14:36:21,2026-01-06 14:36:23.233882,2.2338815347076864
cyclical_long_period_three_cycles_goldenretriever_10,2026-01-06 16:18:57,2026-01-06 16:19:01.691472,4.691471956436519
cyclical_long_period_three_cycles_goldenretriever_10,2026-01-06 10:27:34,2026-01-06 10:27:37.005210,3.0052102805209064
cyclical_long_period_three_cycles_goldenretriever_10,2026-01-06 14:10:00,2026-01-06 14:10:04.890674,4.890673960116242
cyclical_long_period_three_cycles_goldenretriever_10,2026-01-06 13:43:41,2026-01-06 13:43:43.473485,2.4734853735173483
cyclical_long_period_three_cycles_goldenretriever_10,2026-01-06 12:50:17,2026-01-06 12:50:21.727366,4.72736604726113
cyclical_long_period_three_cycles_goldenretriever_10,2026-01-07 21:53:42,2026-01-07 21:53:44.674599,2.6745987214091764
cyclical_long_period_three_cycles_goldenretriever_10,2026-01-07 15:12:02,2026-01-07 15:12:04.723941,2.723940517230039
cyclical_long_period_three_cycles_goldenretriever_10,2026-01-07 20:34:20,2026-01-07 20:34:22.446168,2.4461675070949545
cyclical_long_period_three_cycles_goldenretriever_10,2026-01-07 19:31:25,2026-01-07 19:31:29.052473,4.052472502085433
cyclical_long_period_three_cycles_goldenretriever_10,2026-01-07 15:39:22,2026-01-07 15:39:27.962973,5.962973187996052
cyclical_long_period_three_cycles_goldenretriever_10,2026-01-07 15:07:08,2026-01-07 15:07:12.365514,4.365514435308848
cyclical_long_period_three_cycles_goldenretriever_10,2026-01-07 07:31:46,2026-01-07 07:31:49.512167,3.5121670686043305
cyclical_long_period_three_cycles_goldenretriever_10,2026-01-07 06:00:58,2026-01-07 06:01:00.382585,2.3825846356926683
cyclical_long_period_three_cycles_goldenretriever_10,2026-01-07 07:53:13,2026-01-07 07:53:16.908133,3.9081332529920085
cyclical_long_period_three_cycles_goldenretriever_10,2026-01-07 16:36:00,2026-01-07 16:36:04.902972,4.902972252835595
cyclical_long_period_three_cycles_goldenretriever_10,2026-01-07 00:09:09,2026-01-07 00:09:14.987770,5.987769774083091
cyclical_long_period_three_cycles_goldenretriever_10,2026-01-07 08:27:30,2026-01-07 08:27:32.075876,2.0758757712698626
cyclical_long_period_three_cycles_goldenretriever_10,2026-01-07 00:02:23,2026-01-07 00:02:26.834464,3.8344636678056827
cyclical_long_period_three_cycles_goldenretriever_10,2026-01-07 22:15:57,2026-01-07 22:16:01.354255,4.354254631499396
cyclical_long_period_three_cycles_goldenretriever_10,2026-01-07 14:31:31,2026-01-07 14:31:33.410818,2.4108179489623343
cyclical_long_period_three_cycles_goldenretriever_10,2026-01-08 02:56:40,2026-01-08 02:56:44.837652,4.837652073348975
cyclical_long_period_three_cycles_goldenretriever_10,2026-01-08 21:54:46,2026-01-08 21:54:49.394954,3.394953565787533
cyclical_long_period_three_cycles_goldenretriever_10,2026-01-08 10:53:02,2026-01-08 10:53:04.959802,2.9598019319208624
cyclical_long_period_three_cycles_goldenretriever_10,2026-01-08 10:14:02,2026-01-08 10:14:05.999586,3.999586233509338
cyclical_long_period_three_cycles_goldenretriever_10,2026-01-08 09:46:30,2026-01-08 09:46:33.577493,3.577493440229102
cyclical_long_period_three_cycles_goldenretriever_10,2026-01-08 12:23:14,2026-01-08 12:23:16.163123,2.1631234152632692
cyclical_long_period_three_cycles_goldenretriever_10,2026-01-08 07:52:27,2026-01-08 07:52:31.980437,4.98043710620102
cyclical_long_period_three_cycles_goldenretriever_10,2026-01-08 11:08:44,2026-01-08 11:08:49.632106,5.632106380878205
cyclical_long_period_three_cycles_goldenretriever_10,2026-01-08 01:53:08,2026-01-08 01:53:12.279833,4.279832768911223
cyclical_long_period_three_cycles_goldenretriever_10,2026-01-08 19:20:33,2026-01-08 19:20:38.924183,5.92418304052212
cyclical_long_period_three_cycles_goldenretriever_10,2026-01-08 02:11:19,2026-01-08 02:11:24.561459,5.561459143994399
cyclical_long_period_three_cycles_goldenretriever_10,2026-01-09 13:12:52,2026-01-09 13:12:56.682223,4.682222767345998
cyclical_long_period_three_cycles_goldenretriever_10,2026-01-09 17:50:32,2026-01-09 17:50:34.056677,2.056676853805259
cyclical_long_period_three_cycles_goldenretriever_10,2026-01-09 07:24:25,2026-01-09 07:24:30.036110,5.036109876737234
cyclical_long_period_three_cycles_goldenretriever_10,2026-01-09 02:03:02,2026-01-09 02:03:05.142463,3.1424625616539537
cyclical_long_period_three_cycles_goldenretriever_10,2026-01-10 07:51:30,2026-01-10 07:51:32.803348,2.8033483663392227
cyclical_long_period_three_cycles_goldenretriever_10,2026-01-10 14:26:31,2026-01-10 14:26:35.066368,4.066368414216465
cyclical_long_period_three_cycles_goldenretriever_10,2026-01-10 20:37:10,2026-01-10 20:37:12.743158,2.743157936893137
cyclical_long_period_three_cycles_goldenretriever_10,2026-01-10 16:46:08,2026-01-10 16:46:11.157592,3.1575924376339883
cyclical_long_period_three_cycles_goldenretriever_10,2026-01-10 21:39:50,2026-01-10 21:39:52.418602,2.4186018866852255
cyclical_long_period_three_cycles_goldenretriever_10,2026-01-10 23:47:10,2026-01-10 23:47:14.662716,4.662716468297548
cyclical_long_period_three_cycles_goldenretriever_10,2026-01-10 17:57:02,2026-01-10 17:57:07.114051,5.11405091574334
cyclical_long_period_three_cycles_goldenretriever_10,2026-01-10 13:16:55,2026-01-10 13:16:58.418913,3.418913394510191
cyclical_long_period_three_cycles_goldenretriever_10,2026-01-10 11:00:16,2026-01-10 11:00:21.766672,5.7666715535921504
cyclical_long_period_three_cycles_goldenretriever_10,2026-01-10 12:24:01,2026-01-10 12:24:04.784155,3.7841550598760705
cyclical_long_period_three_cycles_goldenretriever_10,2026-01-10 16:38:15,2026-01-10 16:38:17.035031,2.0350312151447443
cyclical_long_period_three_cycles_goldenretriever_10,2026-01-11 18:43:01,2026-01-11 18:43:04.007045,3.0070454852026827
cyclical_long_period_three_cycles_goldenretriever_10,2026-01-11 12:13:36,2026-01-11 12:13:40.023094,4.023093515941946
cyclical_long_period_three_cycles_goldenretriever_10,2026-01-11 12:03:41,2026-01-11 12:03:44.319327,3.3193271173410475
cyclical_long_period_three_cycles_goldenretriever_10,2026-01-11 06:59:04,2026-01-11 06:59:08.651095,4.651094810677646
cyclical_long_period_three_cycles_goldenretriever_10,2026-01-11 19:17:29,2026-01-11 19:17:32.588783,3.5887832446729107
cyclical_long_period_three_cycles_goldenretriever_10,2026-01-11 17:54:24,2026-01-11 17:54:29.154519,5.154518752677013
cyclical_long_period_three_cycles_goldenretriever_10,2026-01-11 18:38:50,2026-01-11 18:38:55.266771,5.266770694138351
cyclical_long_period_three_cycles_goldenretriever_10,2026-01-11 23:46:13,2026-01-11 23:46:17.341586,4.341585883191769
cyclical_long_period_three_cycles_goldenretriever_10,2026-01-11 20:58:36,2026-01-11 20:58:41.458117,5.458116850469336
cyclical_long_period_three_cycles_goldenretriever_10,2026-01-11 17:04:53,2026-01-11 17:04:58.601699,5.601699400938796
cyclical_long_period_three_cycles_goldenretriever_10,2026-01-11 09:32:06,2026-01-11 09:32:08.529522,2.5295219525613604
cyclical_long_period_three_cycles_goldenretriever_10,2026-01-12 16:37:25,2026-01-12 16:37:28.564847,3.564846701716833
cyclical_long_period_three_cycles_goldenretriever_10,2026-01-12 10:22:45,2026-01-12 10:22:50.096459,5.096458622591873
cyclical_long_period_three_cycles_goldenretriever_10,2026-01-12 03:56:59,2026-01-12 03:57:04.301930,5.301930088009831
cyclical_long_period_three_cycles_goldenretriever_10,2026-01-12 22:25:28,2026-01-12 22:25:30.491367,2.4913665109076364
cyclical_long_period_three_cycles_goldenretriever_10,2026-01-12 19:50:50,2026-01-12 19:50:54.777417,4.77741653784773
cyclical_long_period_three_cycles_goldenretriever_10,2026-01-12 15:07:05,2026-01-12 15:07:10.994154,5.994153805266343
cyclical_long_period_three_cycles_goldenretriever_10,2026-01-12 12:22:23,2026-01-12 12:22:25.531475,2.531475167675164
cyclical_long_period_three_cycles_goldenretriever_10,2026-01-13 18:21:35,2026-01-13 18:21:38.194952,3.1949516098277626
cyclical_long_period_three_cycles_goldenretriever_10,2026-01-13 06:15:53,2026-01-13 06:15:58.059635,5.059634542714775
cyclical_long_period_three_cycles_goldenretriever_10,2026-01-13 13:46:29,2026-01-13 13:46:33.262607,4.262607075845779
cyclical_long_period_three_cycles_goldenretriever_10,2026-01-13 02:41:24,2026-01-13 02:41:28.382706,4.382705853465828
cyclical_long_period_three_cycles_goldenretriever_10,2026-01-13 04:57:36,2026-01-13 04:57:39.668778,3.668778483664765
cyclical_long_period_three_cycles_goldenretriever_10,2026-01-13 19:30:16,2026-01-13 19:30:19.241049,3.241049458664376
cyclical_long_period_three_cycles_goldenretriever_10,2026-01-13 17:48:16,2026-01-13 17:48:20.794596,4.794596471042873
cyclical_long_period_three_cycles_goldenretriever_10,2026-01-13 17:37:30,2026-01-13 17:37:35.297132,5.29713219554766
cyclical_long_period_three_cycles_goldenretriever_10,2026-01-13 00:36:13,2026-01-13 00:36:15.432807,2.4328072379699295
cyclical_long_period_three_cycles_goldenretriever_10,2026-01-13 12:20:52,2026-01-13 12:20:56.670303,4.67030325382382
cyclical_long_period_three_cycles_goldenretriever_10,2026-01-13 01:44:03,2026-01-13 01:44:05.756947,2.7569472897474325
cyclical_long_period_three_cycles_goldenretriever_10,2026-01-13 08:14:51,2026-01-13 08:14:53.259350,2.25935026460926
cyclical_long_period_three_cycles_goldenretriever_10,2026-01-14 09:30:27,2026-01-14 09:30:32.146688,5.146687594967068
cyclical_long_period_three_cycles_goldenretriever_10,2026-01-14 02:48:43,2026-01-14 02:48:48.853480,5.853480373931372
cyclical_long_period_three_cycles_goldenretriever_10,2026-01-14 05:12:04,2026-01-14 05:12:07.027832,3.027831836932999
cyclical_long_period_three_cycles_goldenretriever_10,2026-01-14 06:30:29,2026-01-14 06:30:34.377837,5.377837090077312
cyclical_long_period_three_cycles_goldenretriever_10,2026-01-14 15:30:22,2026-01-14 15:30:26.345979,4.34597910386096
cyclical_long_period_three_cycles_goldenretriever_10,2026-01-14 07:42:01,2026-01-14 07:42:06.851917,5.851917247556983
cyclical_long_period_three_cycles_goldenretriever_10,2026-01-14 07:38:49,2026-01-14 07:38:53.554056,4.55405622706753
cyclical_long_period_three_cycles_goldenretriever_10,2026-01-14 17:44:45,2026-01-14 17:44:49.223682,4.223681718558475
cyclical_long_period_three_cycles_goldenretriever_10,2026-01-14 10:35:24,2026-01-14 10:35:27.075735,3.075735255823403
cyclical_long_period_three_cycles_goldenretriever_10,2026-01-15 05:16:49,2026-01-15 05:16:52.383163,3.383163039483346
cyclical_long_period_three_cycles_goldenretriever_10,2026-01-15 10:59:19,2026-01-15 10:59:21.123063,2.1230630504732835
cyclical_long_period_three_cycles_goldenretriever_10,2026-01-15 04:20:04,2026-01-15 04:20:09.591091,5.591091484905861
cyclical_long_period_three_cycles_goldenretriever_10,2026-01-15 16:06:29,2026-01-15 16:06:31.622514,2.6225138353620214
cyclical_long_period_three_cycles_goldenretriever_10,2026-01-15 20:30:47,2026-01-15 20:30:51.675636,4.675635651414082
cyclical_long_period_three_cycles_goldenretriever_10,2026-01-15 20:07:28,2026-01-15 20:07:32.802375,4.802374674447671
cyclical_long_period_three_cycles_goldenretriever_10,2026-01-15 17:36:17,2026-01-15 17:36:19.799984,2.799983538305853
cyclical_long_period_three_cycles_goldenretriever_10,2026-01-15 17:12:24,2026-01-15 17:12:29.019490,5.019489876265833
cyclical_long_period_three_cycles_goldenretriever_10,2026-01-15 13:59:05,2026-01-15 13:59:09.055022,4.05502178037554
cyclical_long_period_three_cycles_goldenretriever_10,2026-01-15 10:16:37,2026-01-15 10:16:39.780626,2.780625638177858
cyclical_long_period_three_cycles_goldenretriever_10,2026-01-15 06:24:20,2026-01-15 06:24:25.346365,5.346364509459887
cyclical_long_period_three_cycles_goldenretriever_10,2026-01-15 00:40:38,2026-01-15 00:40:43.190529,5.190529391947274
cyclical_long_period_three_cycles_goldenretriever_10,2026-01-16 17:05:03,2026-01-16 17:05:05.529278,2.529278260691296
cyclical_long_period_three_cycles_goldenretriever_10,2026-01-16 09:32:47,2026-01-16 09:32:49.863162,2.8631616741288535
cyclical_long_period_three_cycles_goldenretriever_10,2026-01-16 14:16:58,2026-01-16 14:17:00.469205,2.4692051805570054
cyclical_long_period_three_cycles_goldenretriever_10,2026-01-16 18:13:54,2026-01-16 18:13:58.977692,4.977692217411647
cyclical_long_period_three_cycles_goldenretriever_10,2026-01-16 10:24:19,2026-01-16 10:24:24.712840,5.712840018135423
cyclical_long_period_three_cycles_goldenretriever_10,2026-01-16 19:48:54,2026-01-16 19:48:56.209525,2.2095246070142243
cyclical_long_period_three_cycles_goldenretriever_10,2026-01-16 19:36:50,2026-01-16 19:36:54.893126,4.893126048613428
cyclical_long_period_three_cycles_goldenretriever_10,2026-01-16 17:12:17,2026-01-16 17:12:20.333083,3.3330828857336705
cyclical_long_period_three_cycles_goldenretriever_10,2026-01-16 05:55:23,2026-01-16 05:55:26.769253,3.769252706764178
cyclical_long_period_three_cycles_goldenretriever_10,2026-01-16 18:01:56,2026-01-16 18:01:59.083258,3.0832577987701084
cyclical_long_period_three_cycles_goldenretriever_10,2026-01-16 13:02:51,2026-01-16 13:02:56.760929,5.760929072501182
cyclical_long_period_three_cycles_goldenretriever_10,2026-01-16 02:10:52,2026-01-16 02:10:55.052164,3.052164174350748
cyclical_long_period_three_cycles_goldenretriever_10,2026-01-16 07:12:56,2026-01-16 07:12:59.663599,3.6635994150026523
cyclical_long_period_three_cycles_goldenretriever_10,2026-01-16 06:49:45,2026-01-16 06:49:50.398933,5.398933159736527
cyclical_long_period_three_cycles_goldenretriever_10,2026-01-16 23:57:51,2026-01-16 23:57:53.293684,2.2936841584227983
cyclical_long_period_three_cycles_goldenretriever_10,2026-01-16 11:57:27,2026-01-16 11:57:32.546872,5.546872226964147
cyclical_long_period_three_cycles_goldenretriever_10,2026-01-16 04:49:07,2026-01-16 04:49:09.368106,2.3681061167603903
cyclical_long_period_three_cycles_goldenretriever_10,2026-01-17 17:45:27,2026-01-17 17:45:32.872418,5.872418318549854
cyclical_long_period_three_cycles_goldenretriever_10,2026-01-17 08:38:16,2026-01-17 08:38:18.061230,2.0612299626519053
cyclical_long_period_three_cycles_goldenretriever_10,2026-01-17 15:41:04,2026-01-17 15:41:06.749820,2.7498203598563156
cyclical_long_period_three_cycles_goldenretriever_10,2026-01-17 08:28:44,2026-01-17 08:28:47.645883,3.645883222998553
cyclical_long_period_three_cycles_goldenretriever_10,2026-01-17 12:30:25,2026-01-17 12:30:30.446827,5.446826537098158
cyclical_long_period_three_cycles_goldenretriever_10,2026-01-17 10:42:42,2026-01-17 10:42:45.683363,3.683363272839055
cyclical_long_period_three_cycles_goldenretriever_10,2026-01-17 08:36:56,2026-01-17 08:36:58.038316,2.0383157237936596
cyclical_long_period_three_cycles_goldenretriever_10,2026-01-17 19:21:44,2026-01-17 19:21:47.273029,3.273029026076658
cyclical_long_period_three_cycles_goldenretriever_10,2026-01-17 14:02:27,2026-01-17 14:02:29.415491,2.415491045602832
cyclical_long_period_three_cycles_goldenretriever_10,2026-01-17 20:08:27,2026-01-17 20:08:31.545768,4.545768268635381
cyclical_long_period_three_cycles_goldenretriever_10,2026-01-17 21:54:14,2026-01-17 21:54:16.502702,2.502702038729844
cyclical_long_period_three_cycles_goldenretriever_10,2026-01-17 01:37:06,2026-01-17 01:37:11.542077,5.542077224354041
cyclical_long_period_three_cycles_goldenretriever_10,2026-01-17 12:30:52,2026-01-17 12:30:54.915247,2.915246973616487
cyclical_long_period_three_cycles_goldenretriever_10,2026-01-17 03:26:16,2026-01-17 03:26:21.286840,5.286839948024219
cyclical_long_period_three_cycles_goldenretriever_10,2026-01-17 09:08:12,2026-01-17 09:08:17.107024,5.107024452216505
cyclical_long_period_three_cycles_goldenretriever_10,2026-01-17 06:59:37,2026-01-17 06:59:42.153778,5.153778406047071
cyclical_long_period_three_cycles_goldenretriever_10,2026-01-17 13:11:36,2026-01-17 13:11:39.047446,3.0474461993636868
cyclical_long_period_three_cycles_goldenretriever_10,2026-01-17 15:56:44,2026-01-17 15:56:48.614129,4.614128848625024
cyclical_long_period_three_cycles_goldenretriever_10,2026-01-18 16:11:21,2026-01-18 16:11:26.406305,5.406304539073586
cyclical_long_period_three_cycles_goldenretriever_10,2026-01-18 06:36:07,2026-01-18 06:36:09.611952,2.611951720092921
cyclical_long_period_three_cycles_goldenretriever_10,2026-01-18 13:36:27,2026-01-18 13:36:29.732704,2.7327044035585986
cyclical_long_period_three_cycles_goldenretriever_10,2026-01-18 12:44:34,2026-01-18 12:44:38.536965,4.5369652433887415
cyclical_long_period_three_cycles_goldenretriever_10,2026-01-18 08:24:20,2026-01-18 08:24:25.178211,5.17821129177777
cyclical_long_period_three_cycles_goldenretriever_10,2026-01-18 18:54:30,2026-01-18 18:54:33.288441,3.2884413234465364
cyclical_long_period_three_cycles_goldenretriever_10,2026-01-18 06:54:17,2026-01-18 06:54:22.619966,5.619966205376365
cyclical_long_period_three_cycles_goldenretriever_10,2026-01-19 20:33:43,2026-01-19 20:33:48.175475,5.175474922126852
cyclical_long_period_three_cycles_goldenretriever_10,2026-01-19 17:52:50,2026-01-19 17:52:52.148150,2.148150193835783
cyclical_long_period_three_cycles_goldenretriever_10,2026-01-19 06:51:10,2026-01-19 06:51:12.863467,2.8634666973856477
cyclical_long_period_three_cycles_goldenretriever_10,2026-01-19 18:47:20,2026-01-19 18:47:22.882362,2.882362408372177
cyclical_long_period_three_cycles_goldenretriever_10,2026-01-19 10:35:50,2026-01-19 10:35:53.362308,3.3623078499804695
cyclical_long_period_three_cycles_goldenretriever_10,2026-01-19 21:38:36,2026-01-19 21:38:40.149302,4.149302112433325
cyclical_long_period_three_cycles_goldenretriever_10,2026-01-19 11:58:36,2026-01-19 11:58:38.531793,2.5317926807839877
cyclical_long_period_three_cycles_goldenretriever_10,2026-01-19 14:25:02,2026-01-19 14:25:04.939077,2.939077033930603
cyclical_long_period_three_cycles_goldenretriever_10,2026-01-19 10:21:34,2026-01-19 10:21:39.649947,5.649946699707302
cyclical_long_period_three_cycles_goldenretriever_10,2026-01-19 15:38:28,2026-01-19 15:38:32.241459,4.241458535286506
cyclical_long_period_three_cycles_goldenretriever_10,2026-01-20 06:27:29,2026-01-20 06:27:33.425549,4.425549200291845
cyclical_long_period_three_cycles_goldenretriever_10,2026-01-20 11:44:59,2026-01-20 11:45:03.830085,4.830084519193888
cyclical_long_period_three_cycles_goldenretriever_10,2026-01-20 15:33:47,2026-01-20 15:33:51.981834,4.981833721083338
cyclical_long_period_three_cycles_goldenretriever_10,2026-01-20 23:44:51,2026-01-20 23:44:56.947075,5.947075245715816
cyclical_long_period_three_cycles_goldenretriever_10,2026-01-20 02:01:34,2026-01-20 02:01:37.163557,3.163557453895439
cyclical_long_period_three_cycles_goldenretriever_10,2026-01-21 07:10:39,2026-01-21 07:10:42.460108,3.4601084044008346
cyclical_long_period_three_cycles_goldenretriever_10,2026-01-21 10:22:12,2026-01-21 10:22:17.397269,5.3972685180297475
cyclical_long_period_three_cycles_goldenretriever_10,2026-01-21 11:53:51,2026-01-21 11:53:55.879972,4.879971544408395
cyclical_long_period_three_cycles_goldenretriever_10,2026-01-21 20:33:55,2026-01-21 20:33:58.625163,3.625162564439931
cyclical_long_period_three_cycles_goldenretriever_10,2026-01-21 07:26:55,2026-01-21 07:26:57.729218,2.7292183080567716
cyclical_long_period_three_cycles_goldenretriever_10,2026-01-21 19:29:55,2026-01-21 19:29:57.206298,2.2062978264240773
cyclical_long_period_three_cycles_goldenretriever_10,2026-01-21 08:13:53,2026-01-21 08:13:58.287023,5.287022806428689
cyclical_long_period_three_cycles_goldenretriever_10,2026-01-22 10:31:32,2026-01-22 10:31:38.068712,6.068711587941004
cyclical_long_period_three_cycles_goldenretriever_10,2026-01-22 18:38:50,2026-01-22 18:38:57.446659,7.446658955010671
cyclical_long_period_three_cycles_goldenretriever_10,2026-01-22 02:12:30,2026-01-22 02:12:36.896176,6.896175849535417
cyclical_long_period_three_cycles_goldenretriever_10,2026-01-22 14:10:30,2026-01-22 14:10:33.629511,3.629510777138561
cyclical_long_period_three_cycles_goldenretriever_10,2026-01-22 07:05:24,2026-01-22 07:05:28.150919,4.1509192983888985
cyclical_long_period_three_cycles_goldenretriever_10,2026-01-22 01:35:54,2026-01-22 01:36:01.943289,7.943288911785577
cyclical_long_period_three_cycles_goldenretriever_10,2026-01-22 10:46:48,2026-01-22 10:46:51.659596,3.6595961930403127
cyclical_long_period_three_cycles_goldenretriever_10,2026-01-22 13:21:43,2026-01-22 13:21:47.852559,4.852558915823476
cyclical_long_period_three_cycles_goldenretriever_10,2026-01-22 13:22:34,2026-01-22 13:22:38.315912,4.315911812319595
cyclical_long_period_three_cycles_goldenretriever_10,2026-01-22 16:40:00,2026-01-22 16:40:06.745062,6.745062196729687
cyclical_long_period_three_cycles_goldenretriever_10,2026-01-22 17:58:34,2026-01-22 17:58:39.288546,5.2885460722547535
cyclical_long_period_three_cycles_goldenretriever_10,2026-01-22 11:31:41,2026-01-22 11:31:43.913649,2.913648834155201
cyclical_long_period_three_cycles_goldenretriever_10,2026-01-22 20:46:34,2026-01-22 20:46:39.646979,5.646978752093182
cyclical_long_period_three_cycles_goldenretriever_10,2026-01-22 13:03:31,2026-01-22 13:03:38.659033,7.659032934991213
cyclical_long_period_three_cycles_goldenretriever_10,2026-01-22 17:50:39,2026-01-22 17:50:42.739316,3.739316429130052
cyclical_long_period_three_cycles_goldenretriever_10,2026-01-22 08:21:09,2026-01-22 08:21:15.453841,6.45384143186397
cyclical_long_period_three_cycles_goldenretriever_10,2026-01-22 19:58:46,2026-01-22 19:58:53.720658,7.7206579534757065
cyclical_long_period_three_cycles_goldenretriever_10,2026-01-22 10:17:45,2026-01-22 10:17:52.339005,7.339004972745651
cyclical_long_period_three_cycles_goldenretriever_10,2026-01-22 11:30:16,2026-01-22 11:30:20.145035,4.145035187880876
cyclical_long_period_three_cycles_goldenretriever_10,2026-01-22 23:04:06,2026-01-22 23:04:12.263671,6.263670792455822
cyclical_long_period_three_cycles_goldenretriever_10,2026-01-22 06:20:04,2026-01-22 06:20:08.434845,4.434845038022984
cyclical_long_period_three_cycles_goldenretriever_10,2026-01-22 02:00:00,2026-01-22 02:00:05.000000,5.0
cyclical_long_period_three_cycles_goldenretriever_10,2026-01-23 01:10:25,2026-01-23 01:10:32.434121,7.434120753793344
cyclical_long_period_three_cycles_goldenretriever_10,2026-01-23 21:05:40,2026-01-23 21:05:43.596430,3.5964298536959385
cyclical_long_period_three_cycles_goldenretriever_10,2026-01-23 01:02:33,2026-01-23 01:02:41.366218,8.36621792374492
cyclical_long_period_three_cycles_goldenretriever_10,2026-01-23 00:21:29,2026-01-23 00:21:32.670058,3.6700582120523264
cyclical_long_period_three_cycles_goldenretriever_10,2026-01-23 14:17:07,2026-01-23 14:17:10.367548,3.367547868311957
cyclical_long_period_three_cycles_goldenretriever_10,2026-01-23 08:27:13,2026-01-23 08:27:16.163894,3.1638938067139324
cyclical_long_period_three_cycles_goldenretriever_10,2026-01-23 23:01:53,2026-01-23 23:02:01.063587,8.0635866061516
cyclical_long_period_three_cycles_goldenretriever_10,2026-01-23 22:45:30,2026-01-23 22:45:36.614571,6.614571377898121
cyclical_long_period_three_cycles_goldenretriever_10,2026-01-23 14:36:02,2026-01-23 14:36:08.812560,6.812559529019322
cyclical_long_period_three_cycles_goldenretriever_10,2026-01-23 11:03:06,2026-01-23 11:03:13.056143,7.056143313409048
cyclical_long_period_three_cycles_goldenretriever_10,2026-01-23 21:30:40,2026-01-23 21:30:47.017485,7.017484960239441
cyclical_long_period_three_cycles_goldenretriever_10,2026-01-23 20:07:26,2026-01-23 20:07:34.237995,8.237995008663788
cyclical_long_period_three_cycles_goldenretriever_10,2026-01-23 07:10:10,2026-01-23 07:10:18.044695,8.044695069738262
cyclical_long_period_three_cycles_goldenretriever_10,2026-01-23 06:54:55,2026-01-23 06:55:02.473929,7.4739294825105596
cyclical_long_period_three_cycles_goldenretriever_10,2026-01-23 12:53:06,2026-01-23 12:53:12.165124,6.16512421275414
cyclical_long_period_three_cycles_goldenretriever_10,2026-01-23 09:10:19,2026-01-23 09:10:25.832866,6.832865758315364
cyclical_long_period_three_cycles_goldenretriever_10,2026-01-23 08:49:30,2026-01-23 08:49:36.355747,6.355746865297213
cyclical_long_period_three_cycles_goldenretriever_10,2026-01-23 04:06:52,2026-01-23 04:06:56.193428,4.193428451326461
cyclical_long_period_three_cycles_goldenretriever_10,2026-01-23 16:24:42,2026-01-23 16:24:49.805185,7.8051846633364645
cyclical_long_period_three_cycles_goldenretriever_10,2026-01-24 02:08:54,2026-01-24 02:08:58.045607,4.045606691925416
cyclical_long_period_three_cycles_goldenretriever_10,2026-01-24 12:00:57,2026-01-24 12:01:01.603050,4.603049961173586
cyclical_long_period_three_cycles_goldenretriever_10,2026-01-24 22:29:17,2026-01-24 22:29:25.072903,8.072902532189612
cyclical_long_period_three_cycles_goldenretriever_10,2026-01-24 19:31:23,2026-01-24 19:31:27.062997,4.062997022850087
cyclical_long_period_three_cycles_goldenretriever_10,2026-01-24 23:10:48,2026-01-24 23:10:53.820223,5.820222765464223
cyclical_long_period_three_cycles_goldenretriever_10,2026-01-24 21:03:14,2026-01-24 21:03:22.216531,8.216531109533788
cyclical_long_period_three_cycles_goldenretriever_10,2026-01-24 18:35:40,2026-01-24 18:35:46.273662,6.273661802976422
cyclical_long_period_three_cycles_goldenretriever_10,2026-01-24 19:36:34,2026-01-24 19:36:41.005241,7.005240970016785
cyclical_long_period_three_cycles_goldenretriever_10,2026-01-24 07:45:54,2026-01-24 07:46:01.134133,7.134133233120846
cyclical_long_period_three_cycles_goldenretriever_10,2026-01-24 09:11:17,2026-01-24 09:11:20.096188,3.0961876739103285
cyclical_long_period_three_cycles_goldenretriever_10,2026-01-24 13:32:49,2026-01-24 13:32:56.021220,7.021219891159946
cyclical_long_period_three_cycles_goldenretriever_10,2026-01-24 02:04:49,2026-01-24 02:04:52.757709,3.7577091265902096
cyclical_long_period_three_cycles_goldenretriever_10,2026-01-24 17:04:24,2026-01-24 17:04:32.281575,8.281575131736991
cyclical_long_period_three_cycles_goldenretriever_10,2026-01-24 08:42:23,2026-01-24 08:42:29.548079,6.5480788734435045
cyclical_long_period_three_cycles_goldenretriever_10,2026-01-24 13:22:30,2026-01-24 13:22:34.644855,4.6448550892252625
cyclical_long_period_three_cycles_goldenretriever_10,2026-01-24 19:36:37,2026-01-24 19:36:44.091640,7.091639682378979
cyclical_long_period_three_cycles_goldenretriever_10,2026-01-24 06:28:47,2026-01-24 06:28:50.272412,3.272411615716112
cyclical_long_period_three_cycles_goldenretriever_10,2026-01-24 18:00:50,2026-01-24 18:00:55.128115,5.128114699742964
cyclical_long_period_three_cycles_goldenretriever_10,2026-01-24 02:11:08,2026-01-24 02:11:13.546754,5.546754282016491
cyclical_long_period_three_cycles_goldenretriever_10,2026-01-24 12:36:13,2026-01-24 12:36:20.899516,7.899515778101545
cyclical_long_period_three_cycles_goldenretriever_10,2026-01-24 16:56:28,2026-01-24 16:56:32.489078,4.4890783124874005
cyclical_long_period_three_cycles_goldenretriever_10,2026-01-24 06:09:39,2026-01-24 06:09:47.637768,8.637768409132885
cyclical_long_period_three_cycles_goldenretriever_10,2026-01-25 22:54:19,2026-01-25 22:54:26.446974,7.446973621731095
cyclical_long_period_three_cycles_goldenretriever_10,2026-01-25 05:58:55,2026-01-25 05:59:00.168647,5.168647318558439
cyclical_long_period_three_cycles_goldenretriever_10,2026-01-25 11:57:27,2026-01-25 11:57:32.388885,5.388885037116756
cyclical_long_period_three_cycles_goldenretriever_10,2026-01-25 03:20:10,2026-01-25 03:20:14.437791,4.4377912869426
cyclical_long_period_three_cycles_goldenretriever_10,2026-01-25 10:19:23,2026-01-25 10:19:31.532253,8.532252896067732
cyclical_long_period_three_cycles_goldenretriever_10,2026-01-25 17:07:07,2026-01-25 17:07:13.968717,6.96871686935908
cyclical_long_period_three_cycles_goldenretriever_10,2026-01-25 14:48:34,2026-01-25 14:48:38.632631,4.6326309681405835
cyclical_long_period_three_cycles_goldenretriever_10,2026-01-25 18:20:37,2026-01-25 18:20:43.343294,6.3432939240369235
cyclical_long_period_three_cycles_goldenretriever_10,2026-01-25 19:22:43,2026-01-25 19:22:47.690674,4.690673679789803
cyclical_long_period_three_cycles_goldenretriever_10,2026-01-25 11:59:22,2026-01-25 11:59:29.166004,7.166004437579863
cyclical_long_period_three_cycles_goldenretriever_10,2026-01-25 04:46:02,2026-01-25 04:46:06.571934,4.5719343206204845
cyclical_long_period_three_cycles_goldenretriever_10,2026-01-25 20:28:05,2026-01-25 20:28:12.328149,7.328149353226848
cyclical_long_period_three_cycles_goldenretriever_10,2026-01-25 18:22:59,2026-01-25 18:23:04.397831,5.397831033560147
cyclical_long_period_three_cycles_goldenretriever_10,2026-01-25 01:37:31,2026-01-25 01:37:37.526024,6.526024228318941
cyclical_long_period_three_cycles_goldenretriever_10,2026-01-25 08:45:35,2026-01-25 08:45:42.373107,7.373107276257171
cyclical_long_period_three_cycles_goldenretriever_10,2026-01-25 18:41:55,2026-01-25 18:41:58.253453,3.2534525417539992
cyclical_long_period_three_cycles_goldenretriever_10,2026-01-25 13:04:49,2026-01-25 13:04:55.635803,6.635803054167433
cyclical_long_period_three_cycles_goldenretriever_10,2026-01-25 19:46:17,2026-01-25 19:46:25.136313,8.136312768939266
cyclical_long_period_three_cycles_goldenretriever_10,2026-01-25 20:28:39,2026-01-25 20:28:46.010586,7.01058552246857
cyclical_long_period_three_cycles_goldenretriever_10,2026-01-25 13:43:31,2026-01-25 13:43:38.732305,7.732305235616697
cyclical_long_period_three_cycles_goldenretriever_10,2026-01-25 15:14:24,2026-01-25 15:14:32.675430,8.675430253172621
cyclical_long_period_three_cycles_goldenretriever_10,2026-01-25 07:11:14,2026-01-25 07:11:20.719061,6.719060568940026
cyclical_long_period_three_cycles_goldenretriever_10,2026-01-25 02:39:45,2026-01-25 02:39:49.399655,4.399654716831067
cyclical_long_period_three_cycles_goldenretriever_10,2026-01-25 10:03:38,2026-01-25 10:03:43.752652,5.7526524743553225
cyclical_long_period_three_cycles_goldenretriever_10,2026-01-25 21:49:43,2026-01-25 21:49:47.201677,4.201676663276715
cyclical_long_period_three_cycles_goldenretriever_10,2026-01-25 10:02:10,2026-01-25 10:02:13.558352,3.558351618805025
cyclical_long_period_three_cycles_goldenretriever_10,2026-01-26 01:03:31,2026-01-26 01:03:39.518861,8.518860773325928
cyclical_long_period_three_cycles_goldenretriever_10,2026-01-26 22:41:58,2026-01-26 22:42:03.111159,5.111158943083399
cyclical_long_period_three_cycles_goldenretriever_10,2026-01-26 12:19:16,2026-01-26 12:19:19.058289,3.058289404562491
cyclical_long_period_three_cycles_goldenretriever_10,2026-01-26 19:34:18,2026-01-26 19:34:23.473412,5.4734117410448855
cyclical_long_period_three_cycles_goldenretriever_10,2026-01-26 19:27:27,2026-01-26 19:27:32.309348,5.309347814177597
cyclical_long_period_three_cycles_goldenretriever_10,2026-01-26 15:45:16,2026-01-26 15:45:24.614371,8.614370963008257
cyclical_long_period_three_cycles_goldenretriever_10,2026-01-26 13:05:19,2026-01-26 13:05:22.838439,3.838438552630881
cyclical_long_period_three_cycles_goldenretriever_10,2026-01-26 13:37:39,2026-01-26 13:37:45.353991,6.353990521412821
cyclical_long_period_three_cycles_goldenretriever_10,2026-01-26 13:53:46,2026-01-26 13:53:51.388685,5.388684554496261
cyclical_long_period_three_cycles_goldenretriever_10,2026-01-26 23:30:37,2026-01-26 23:30:45.156744,8.156743565408082
cyclical_long_period_three_cycles_goldenretriever_10,2026-01-26 20:38:21,2026-01-26 20:38:25.245940,4.24593969390179
cyclical_long_period_three_cycles_goldenretriever_10,2026-01-26 05:18:22,2026-01-26 05:18:30.235105,8.235105329423803
cyclical_long_period_three_cycles_goldenretriever_10,2026-01-26 19:10:33,2026-01-26 19:10:40.082134,7.082133623642821
cyclical_long_period_three_cycles_goldenretriever_10,2026-01-26 16:53:22,2026-01-26 16:53:28.939542,6.9395420424504755
cyclical_long_period_three_cycles_goldenretriever_10,2026-01-26 14:18:23,2026-01-26 14:18:26.084956,3.0849562050807466
cyclical_long_period_three_cycles_goldenretriever_10,2026-01-26 14:21:28,2026-01-26 14:21:34.187641,6.187641388307922
cyclical_long_period_three_cycles_goldenretriever_10,2026-01-26 08:45:14,2026-01-26 08:45:22.306090,8.30608952300045
cyclical_long_period_three_cycles_goldenretriever_10,2026-01-26 07:58:11,2026-01-26 07:58:14.495393,3.4953931793616984
cyclical_long_period_three_cycles_goldenretriever_10,2026-01-26 21:19:35,2026-01-26 21:19:43.697647,8.697647157747367
cyclical_long_period_three_cycles_goldenretriever_10,2026-01-26 18:20:55,2026-01-26 18:21:00.175510,5.175510045133638
cyclical_long_period_three_cycles_goldenretriever_10,2026-01-26 13:44:40,2026-01-26 13:44:47.404245,7.404244583538612
cyclical_long_period_three_cycles_goldenretriever_10,2026-01-26 06:48:43,2026-01-26 06:48:48.007903,5.007902810188239
cyclical_long_period_three_cycles_goldenretriever_10,2026-01-26 18:33:37,2026-01-26 18:33:43.345634,6.3456339602478185
cyclical_long_period_three_cycles_goldenretriever_10,2026-01-26 14:02:24,2026-01-26 14:02:29.982761,5.982760715169282
cyclical_long_period_three_cycles_goldenretriever_10,2026-01-26 19:13:32,2026-01-26 19:13:35.286595,3.286594643262633
cyclical_long_period_three_cycles_goldenretriever_10,2026-01-27 04:45:53,2026-01-27 04:45:57.226949,4.226948757615435
cyclical_long_period_three_cycles_goldenretriever_10,2026-01-27 07:55:12,2026-01-27 07:55:17.251300,5.251299735545249
cyclical_long_period_three_cycles_goldenretriever_10,2026-01-27 18:53:40,2026-01-27 18:53:47.180280,7.180280065846352
cyclical_long_period_three_cycles_goldenretriever_10,2026-01-27 00:25:43,2026-01-27 00:25:47.719638,4.719637960911054
cyclical_long_period_three_cycles_goldenretriever_10,2026-01-27 05:37:22,2026-01-27 05:37:30.539958,8.539958074575761
cyclical_long_period_three_cycles_goldenretriever_10,2026-01-27 06:56:00,2026-01-27 06:56:06.131406,6.131406171963003
cyclical_long_period_three_cycles_goldenretriever_10,2026-01-27 00:28:25,2026-01-27 00:28:30.537046,5.537046343515795
cyclical_long_period_three_cycles_goldenretriever_10,2026-01-27 09:23:03,2026-01-27 09:23:08.041714,5.041713612368391
cyclical_long_period_three_cycles_goldenretriever_10,2026-01-27 13:07:00,2026-01-27 13:07:08.413812,8.413812491195017
cyclical_long_period_three_cycles_goldenretriever_10,2026-01-27 11:20:54,2026-01-27 11:20:59.558635,5.558634914110219
cyclical_long_period_three_cycles_goldenretriever_10,2026-01-27 20:48:19,2026-01-27 20:48:23.133785,4.133785156007853
cyclical_long_period_three_cycles_goldenretriever_10,2026-01-27 14:05:12,2026-01-27 14:05:19.766204,7.766203742556282
cyclical_long_period_three_cycles_goldenretriever_10,2026-01-27 04:35:18,2026-01-27 04:35:21.722601,3.7226009266876607
cyclical_long_period_three_cycles_goldenretriever_10,2026-01-27 01:59:21,2026-01-27 01:59:29.523887,8.523886559039012
cyclical_long_period_three_cycles_goldenretriever_10,2026-01-27 16:45:09,2026-01-27 16:45:12.354430,3.3544301833417887
cyclical_long_period_three_cycles_goldenretriever_10,2026-01-27 03:30:38,2026-01-27 03:30:43.476105,5.4761054822792685
cyclical_long_period_three_cycles_goldenretriever_10,2026-01-28 07:04:56,2026-01-28 07:04:59.881078,3.8810775182789627
cyclical_long_period_three_cycles_goldenretriever_10,2026-01-28 16:45:42,2026-01-28 16:45:47.788084,5.788083779993383
cyclical_long_period_three_cycles_goldenretriever_10,2026-01-28 07:31:33,2026-01-28 07:31:36.844166,3.8441662910591767
cyclical_long_period_three_cycles_goldenretriever_10,2026-01-28 16:13:54,2026-01-28 16:13:59.644413,5.644413460886947
cyclical_long_period_three_cycles_goldenretriever_10,2026-01-28 10:48:34,2026-01-28 10:48:38.470811,4.470810736769142
cyclical_long_period_three_cycles_goldenretriever_10,2026-01-28 23:25:07,2026-01-28 23:25:10.883839,3.8838388289695525
cyclical_long_period_three_cycles_goldenretriever_10,2026-01-28 22:50:02,2026-01-28 22:50:05.107162,3.1071619297053386
cyclical_long_period_three_cycles_goldenretriever_10,2026-01-28 10:59:33,2026-01-28 10:59:37.432081,4.4320805563748715
cyclical_long_period_three_cycles_goldenretriever_10,2026-01-28 02:44:01,2026-01-28 02:44:06.641846,5.641845968527578
cyclical_long_period_three_cycles_goldenretriever_10,2026-01-28 23:07:11,2026-01-28 23:07:17.305266,6.305266282443525
cyclical_long_period_three_cycles_goldenretriever_10,2026-01-28 03:36:04,2026-01-28 03:36:11.527867,7.527866763742349
cyclical_long_period_three_cycles_goldenretriever_10,2026-01-28 05:58:05,2026-01-28 05:58:08.594665,3.5946652734184807
cyclical_long_period_three_cycles_goldenretriever_10,2026-01-28 23:08:53,2026-01-28 23:08:56.422462,3.4224616770211256
cyclical_long_period_three_cycles_goldenretriever_10,2026-01-28 14:38:23,2026-01-28 14:38:28.063795,5.0637952354570075
cyclical_long_period_three_cycles_goldenretriever_10,2026-01-28 16:01:28,2026-01-28 16:01:33.748101,5.748100544956192
cyclical_long_period_three_cycles_goldenretriever_10,2026-01-28 21:43:54,2026-01-28 21:44:02.393658,8.393657728544213
cyclical_long_period_three_cycles_goldenretriever_10,2026-01-28 12:25:25,2026-01-28 12:25:29.270308,4.270307981547143
cyclical_long_period_three_cycles_goldenretriever_10,2026-01-28 16:53:53,2026-01-28 16:53:56.381941,3.381941011655313
cyclical_long_period_three_cycles_goldenretriever_10,2026-01-28 14:08:55,2026-01-28 14:09:02.830841,7.830840530635612
cyclical_long_period_three_cycles_goldenretriever_10,2026-01-28 22:24:55,2026-01-28 22:25:02.850877,7.850876850053894
cyclical_long_period_three_cycles_goldenretriever_10,2026-01-28 13:41:55,2026-01-28 13:41:58.827261,3.827260559579193
cyclical_long_period_three_cycles_goldenretriever_10,2026-01-28 20:53:16,2026-01-28 20:53:19.671008,3.671007919388874
cyclical_long_period_three_cycles_goldenretriever_10,2026-01-28 08:36:17,2026-01-28 08:36:23.642746,6.642745929471361
cyclical_long_period_three_cycles_goldenretriever_10,2026-01-28 14:43:59,2026-01-28 14:44:04.104600,5.104599825730166
cyclical_long_period_three_cycles_goldenretriever_10,2026-01-29 02:48:15,2026-01-29 02:48:20.371415,5.371415352548707
cyclical_long_period_three_cycles_goldenretriever_10,2026-01-29 02:52:06,2026-01-29 02:52:08.504338,2.50433820273891
cyclical_long_period_three_cycles_goldenretriever_10,2026-01-29 04:57:08,2026-01-29 04:57:12.267383,4.267382616730671
cyclical_long_period_three_cycles_goldenretriever_10,2026-01-29 15:56:32,2026-01-29 15:56:36.064932,4.064932112007014
cyclical_long_period_three_cycles_goldenretriever_10,2026-01-29 08:55:43,2026-01-29 08:55:45.474846,2.4748460138624195
cyclical_long_period_three_cycles_goldenretriever_10,2026-01-30 16:01:26,2026-01-30 16:01:28.982295,2.9822954967093867
cyclical_long_period_three_cycles_goldenretriever_10,2026-01-30 06:17:02,2026-01-30 06:17:06.290165,4.290164690396367
cyclical_long_period_three_cycles_goldenretriever_10,2026-01-30 06:20:12,2026-01-30 06:20:14.795592,2.7955916431799914
cyclical_long_period_three_cycles_goldenretriever_10,2026-01-30 11:04:03,2026-01-30 11:04:08.049326,5.049326068444764
cyclical_long_period_three_cycles_goldenretriever_10,2026-01-30 04:33:33,2026-01-30 04:33:35.087131,2.0871314923233526
cyclical_long_period_three_cycles_goldenretriever_10,2026-01-30 18:22:19,2026-01-30 18:22:21.235825,2.235824513368039
cyclical_long_period_three_cycles_goldenretriever_10,2026-01-30 09:23:40,2026-01-30 09:23:43.167907,3.1679068928385816
cyclical_long_period_three_cycles_goldenretriever_10,2026-01-30 21:18:47,2026-01-30 21:18:52.967340,5.9673397680261235
cyclical_long_period_three_cycles_goldenretriever_10,2026-01-30 21:13:22,2026-01-30 21:13:27.142631,5.142631139969625
cyclical_long_period_three_cycles_goldenretriever_10,2026-01-30 16:27:32,2026-01-30 16:27:37.154588,5.154588369879644
cyclical_long_period_three_cycles_goldenretriever_10,2026-01-30 20:54:32,2026-01-30 20:54:35.196094,3.196094385671451
cyclical_long_period_three_cycles_goldenretriever_10,2026-01-30 13:09:30,2026-01-30 13:09:32.395476,2.395476117084307
cyclical_long_period_three_cycles_goldenretriever_10,2026-01-30 18:24:50,2026-01-30 18:24:55.320194,5.320194019470955
cyclical_long_period_three_cycles_goldenretriever_10,2026-01-30 10:20:54,2026-01-30 10:20:59.394590,5.394590001656148
cyclical_long_period_three_cycles_goldenretriever_10,2026-01-30 13:39:11,2026-01-30 13:39:13.055591,2.055590703001339
cyclical_long_period_three_cycles_goldenretriever_10,2026-01-30 23:25:31,2026-01-30 23:25:36.393736,5.393735736959439
cyclical_long_period_three_cycles_goldenretriever_10,2026-01-30 09:59:11,2026-01-30 09:59:15.753543,4.753542719245803
cyclical_long_period_three_cycles_goldenretriever_10,2026-01-31 11:23:04,2026-01-31 11:23:06.060412,2.0604116269208665
cyclical_long_period_three_cycles_goldenretriever_10,2026-01-31 10:44:14,2026-01-31 10:44:16.166191,2.166191107814757
cyclical_long_period_three_cycles_goldenretriever_10,2026-01-31 09:39:54,2026-01-31 09:39:56.818353,2.818352646683397
cyclical_long_period_three_cycles_goldenretriever_10,2026-01-31 15:58:28,2026-01-31 15:58:31.362395,3.362394849476802
cyclical_long_period_three_cycles_goldenretriever_10,2026-01-31 04:40:03,2026-01-31 04:40:05.054637,2.0546365692950443
cyclical_long_period_three_cycles_goldenretriever_10,2026-01-31 16:54:05,2026-01-31 16:54:07.377613,2.37761301224018
cyclical_long_period_three_cycles_goldenretriever_10,2026-01-31 06:27:03,2026-01-31 06:27:07.491517,4.491517337199239
cyclical_long_period_three_cycles_goldenretriever_10,2026-02-01 10:15:19,2026-02-01 10:15:22.197988,3.1979878778803537
cyclical_long_period_three_cycles_goldenretriever_10,2026-02-01 17:58:25,2026-02-01 17:58:29.415239,4.415239450353413
cyclical_long_period_three_cycles_goldenretriever_10,2026-02-01 08:16:50,2026-02-01 08:16:55.072214,5.072214122884793
cyclical_long_period_three_cycles_goldenretriever_10,2026-02-01 16:13:19,2026-02-01 16:13:23.741175,4.741175378575776
cyclical_long_period_three_cycles_goldenretriever_10,2026-02-01 18:31:11,2026-02-01 18:31:14.154944,3.1549439719517554
cyclical_long_period_three_cycles_goldenretriever_10,2026-02-01 15:06:48,2026-02-01 15:06:50.575623,2.575622951624901
cyclical_long_period_three_cycles_goldenretriever_10,2026-02-01 09:53:23,2026-02-01 09:53:25.925640,2.9256401662299942
cyclical_long_period_three_cycles_goldenretriever_10,2026-02-01 02:29:31,2026-02-01 02:29:35.815519,4.815519212978948
cyclical_long_period_three_cycles_goldenretriever_10,2026-02-01 12:37:01,2026-02-01 12:37:04.656527,3.6565270346814054
cyclical_long_period_three_cycles_goldenretriever_10,2026-02-01 11:35:52,2026-02-01 11:35:55.926685,3.926685020403863
cyclical_long_period_three_cycles_goldenretriever_10,2026-02-01 14:23:25,2026-02-01 14:23:27.857408,2.8574075278123656
cyclical_long_period_three_cycles_goldenretriever_10,2026-02-01 15:41:19,2026-02-01 15:41:22.917344,3.9173440842366687
cyclical_long_period_three_cycles_goldenretriever_10,2026-02-01 18:30:46,2026-02-01 18:30:48.849329,2.849329295415263
cyclical_long_period_three_cycles_goldenretriever_10,2026-02-01 16:44:00,2026-02-01 16:44:03.799795,3.7997954301366206
cyclical_long_period_three_cycles_goldenretriever_10,2026-02-01 11:23:55,2026-02-01 11:23:58.063879,3.0638785845660026
cyclical_long_period_three_cycles_goldenretriever_10,2026-02-02 06:05:31,2026-02-02 06:05:36.005632,5.00563164678644
cyclical_long_period_three_cycles_goldenretriever_10,2026-02-02 16:53:22,2026-02-02 16:53:26.829387,4.829387253812807
cyclical_long_period_three_cycles_goldenretriever_10,2026-02-02 12:06:46,2026-02-02 12:06:49.143480,3.1434804317405556
cyclical_long_period_three_cycles_goldenretriever_10,2026-02-02 11:16:31,2026-02-02 11:16:36.676593,5.6765931029502195
cyclical_long_period_three_cycles_goldenretriever_10,2026-02-02 23:58:03,2026-02-02 23:58:05.655138,2.6551376567117466
cyclical_long_period_three_cycles_goldenretriever_10,2026-02-02 12:59:16,2026-02-02 12:59:20.807652,4.807652435726561
cyclical_long_period_three_cycles_goldenretriever_10,2026-02-03 23:12:41,2026-02-03 23:12:43.464542,2.464542326642166
cyclical_long_period_three_cycles_goldenretriever_10,2026-02-03 01:50:22,2026-02-03 01:50:26.726179,4.726178684586463
cyclical_long_period_three_cycles_goldenretriever_10,2026-02-03 19:53:44,2026-02-03 19:53:49.400869,5.400869026645707
cyclical_long_period_three_cycles_goldenretriever_10,2026-02-03 19:09:41,2026-02-03 19:09:43.501413,2.5014126396073824
cyclical_long_period_three_cycles_goldenretriever_10,2026-02-03 08:52:20,2026-02-03 08:52:22.455797,2.4557966707977665
cyclical_long_period_three_cycles_goldenretriever_10,2026-02-03 21:41:25,2026-02-03 21:41:30.805898,5.805897734509275
cyclical_long_period_three_cycles_goldenretriever_10,2026-02-03 18:32:12,2026-02-03 18:32:15.377387,3.377386556753975
cyclical_long_period_three_cycles_goldenretriever_10,2026-02-03 21:33:48,2026-02-03 21:33:53.315759,5.315758794109115
cyclical_long_period_three_cycles_goldenretriever_10,2026-02-04 10:37:39,2026-02-04 10:37:44.456695,5.456695122731902
cyclical_long_period_three_cycles_goldenretriever_10,2026-02-04 14:32:10,2026-02-04 14:32:13.468530,3.4685298579561223
cyclical_long_period_three_cycles_goldenretriever_10,2026-02-04 23:31:32,2026-02-04 23:31:35.964140,3.964140008084172
cyclical_long_period_three_cycles_goldenretriever_10,2026-02-05 11:06:21,2026-02-05 11:06:27.256552,6.256551635074339
cyclical_long_period_three_cycles_goldenretriever_10,2026-02-05 20:40:28,2026-02-05 20:40:32.034041,4.0340410583450215
cyclical_long_period_three_cycles_goldenretriever_10,2026-02-05 21:21:58,2026-02-05 21:22:01.221605,3.221605168932735
cyclical_long_period_three_cycles_goldenretriever_10,2026-02-05 05:33:48,2026-02-05 05:33:53.639870,5.639870222197357
cyclical_long_period_three_cycles_goldenretriever_10,2026-02-05 05:58:21,2026-02-05 05:58:29.367191,8.367191263803193
cyclical_long_period_three_cycles_goldenretriever_10,2026-02-05 02:34:40,2026-02-05 02:34:48.578983,8.578982659180244
cyclical_long_period_three_cycles_goldenretriever_10,2026-02-05 06:02:37,2026-02-05 06:02:44.047676,7.047675831884833
cyclical_long_period_three_cycles_goldenretriever_10,2026-02-05 03:11:44,2026-02-05 03:11:48.294801,4.294801007818702
cyclical_long_period_three_cycles_goldenretriever_10,2026-02-05 10:04:50,2026-02-05 10:04:55.209560,5.209559892469668
cyclical_long_period_three_cycles_goldenretriever_10,2026-02-05 23:46:46,2026-02-05 23:46:52.052996,6.052996176200389
cyclical_long_period_three_cycles_goldenretriever_10,2026-02-05 18:05:15,2026-02-05 18:05:21.968770,6.968769831608686
cyclical_long_period_three_cycles_goldenretriever_10,2026-02-05 04:21:23,2026-02-05 04:21:27.811544,4.811543926004982
cyclical_long_period_three_cycles_goldenretriever_10,2026-02-05 22:23:30,2026-02-05 22:23:33.555156,3.5551559590252575
cyclical_long_period_three_cycles_goldenretriever_10,2026-02-05 06:20:39,2026-02-05 06:20:45.509004,6.509004363919894
cyclical_long_period_three_cycles_goldenretriever_10,2026-02-05 07:27:52,2026-02-05 07:27:58.903428,6.903428201905189
cyclical_long_period_three_cycles_goldenretriever_10,2026-02-05 06:11:39,2026-02-05 06:11:42.413770,3.4137695411677234
cyclical_long_period_three_cycles_goldenretriever_10,2026-02-05 23:44:18,2026-02-05 23:44:24.528648,6.5286479089035865
cyclical_long_period_three_cycles_goldenretriever_10,2026-02-05 06:13:03,2026-02-05 06:13:09.202478,6.202478066049689
cyclical_long_period_three_cycles_goldenretriever_10,2026-02-05 02:35:08,2026-02-05 02:35:14.229457,6.229457381305323
cyclical_long_period_three_cycles_goldenretriever_10,2026-02-05 15:17:42,2026-02-05 15:17:49.545986,7.545986158638534
cyclical_long_period_three_cycles_goldenretriever_10,2026-02-05 05:08:00,2026-02-05 05:08:03.576372,3.5763723826574556
cyclical_long_period_three_cycles_goldenretriever_10,2026-02-05 14:50:15,2026-02-05 14:50:20.571624,5.571624233334092
cyclical_long_period_three_cycles_goldenretriever_10,2026-02-05 14:48:37,2026-02-05 14:48:42.924256,5.924256240472618
cyclical_long_period_three_cycles_goldenretriever_10,2026-02-05 05:17:52,2026-02-05 05:17:59.957860,7.957860262287312
cyclical_long_period_three_cycles_goldenretriever_10,2026-02-05 19:27:21,2026-02-05 19:27:26.779005,5.779004581609095
cyclical_long_period_three_cycles_goldenretriever_10,2026-02-05 21:42:48,2026-02-05 21:42:54.311018,6.311017508579967
cyclical_long_period_three_cycles_goldenretriever_10,2026-02-05 21:09:54,2026-02-05 21:09:59.133463,5.1334625796549
cyclical_long_period_three_cycles_goldenretriever_10,2026-02-05 12:59:41,2026-02-05 12:59:48.496757,7.4967573713798465
cyclical_long_period_three_cycles_goldenretriever_10,2026-02-06 21:21:40,2026-02-06 21:21:47.188724,7.188723596857198
cyclical_long_period_three_cycles_goldenretriever_10,2026-02-06 13:18:22,2026-02-06 13:18:27.852135,5.8521353912972485
cyclical_long_period_three_cycles_goldenretriever_10,2026-02-06 21:48:42,2026-02-06 21:48:48.996189,6.996189379379563
cyclical_long_period_three_cycles_goldenretriever_10,2026-02-06 18:36:50,2026-02-06 18:36:54.888313,4.888313164881655
cyclical_long_period_three_cycles_goldenretriever_10,2026-02-06 13:42:18,2026-02-06 13:42:23.147645,5.147645404228208
cyclical_long_period_three_cycles_goldenretriever_10,2026-02-06 06:02:30,2026-02-06 06:02:37.467671,7.467670610110695
cyclical_long_period_three_cycles_goldenretriever_10,2026-02-06 09:35:43,2026-02-06 09:35:51.086795,8.086794655229475
cyclical_long_period_three_cycles_goldenretriever_10,2026-02-06 05:16:42,2026-02-06 05:16:49.087945,7.087945014032563
cyclical_long_period_three_cycles_goldenretriever_10,2026-02-06 18:52:47,2026-02-06 18:52:52.690510,5.690510184778691
cyclical_long_period_three_cycles_goldenretriever_10,2026-02-06 01:00:03,2026-02-06 01:00:08.444167,5.4441672387874345
cyclical_long_period_three_cycles_goldenretriever_10,2026-02-06 03:58:46,2026-02-06 03:58:49.529134,3.5291342213359105
cyclical_long_period_three_cycles_goldenretriever_10,2026-02-06 18:48:18,2026-02-06 18:48:23.757992,5.757992495922495
cyclical_long_period_three_cycles_goldenretriever_10,2026-02-06 07:20:36,2026-02-06 07:20:39.219846,3.219845503649187
cyclical_long_period_three_cycles_goldenretriever_10,2026-02-06 12:53:35,2026-02-06 12:53:38.134533,3.1345334114822023
cyclical_long_period_three_cycles_goldenretriever_10,2026-02-06 16:24:47,2026-02-06 16:24:54.398768,7.398768262023029
cyclical_long_period_three_cycles_goldenretriever_10,2026-02-06 14:05:06,2026-02-06 14:05:12.164754,6.164754254115765
cyclical_long_period_three_cycles_goldenretriever_10,2026-02-06 14:45:44,2026-02-06 14:45:47.221758,3.221758033663662
cyclical_long_period_three_cycles_goldenretriever_10,2026-02-06 12:14:09,2026-02-06 12:14:15.473264,6.473264293418831
cyclical_long_period_three_cycles_goldenretriever_10,2026-02-06 19:54:07,2026-02-06 19:54:14.572286,7.572286317603854
cyclical_long_period_three_cycles_goldenretriever_10,2026-02-06 18:04:40,2026-02-06 18:04:46.330645,6.330644782320155
cyclical_long_period_three_cycles_goldenretriever_10,2026-02-06 21:57:45,2026-02-06 21:57:50.514831,5.514830871143224
cyclical_long_period_three_cycles_goldenretriever_10,2026-02-06 09:41:22,2026-02-06 09:41:28.948248,6.948248234324326
cyclical_long_period_three_cycles_goldenretriever_10,2026-02-06 17:32:35,2026-02-06 17:32:40.707134,5.707134438235455
cyclical_long_period_three_cycles_goldenretriever_10,2026-02-06 10:04:16,2026-02-06 10:04:23.915114,7.91511398907117
cyclical_long_period_three_cycles_goldenretriever_10,2026-02-07 03:18:13,2026-02-07 03:18:21.214741,8.21474072533276
cyclical_long_period_three_cycles_goldenretriever_10,2026-02-07 08:09:23,2026-02-07 08:09:26.691457,3.691457108258066
cyclical_long_period_three_cycles_goldenretriever_10,2026-02-07 19:27:27,2026-02-07 19:27:33.509441,6.509440715445416
cyclical_long_period_three_cycles_goldenretriever_10,2026-02-07 17:56:27,2026-02-07 17:56:32.862490,5.862490116274256
cyclical_long_period_three_cycles_goldenretriever_10,2026-02-07 00:45:20,2026-02-07 00:45:27.137222,7.13722208067406
cyclical_long_period_three_cycles_goldenretriever_10,2026-02-07 07:09:15,2026-02-07 07:09:20.108282,5.108281978520196
cyclical_long_period_three_cycles_goldenretriever_10,2026-02-07 07:08:26,2026-02-07 07:08:31.743349,5.743348805057448
cyclical_long_period_three_cycles_goldenretriever_10,2026-02-07 05:31:20,2026-02-07 05:31:24.711260,4.711259788155539
cyclical_long_period_three_cycles_goldenretriever_10,2026-02-07 18:22:30,2026-02-07 18:22:38.517948,8.517947750218477
cyclical_long_period_three_cycles_goldenretriever_10,2026-02-07 03:49:24,2026-02-07 03:49:32.064213,8.064212512778532
cyclical_long_period_three_cycles_goldenretriever_10,2026-02-07 11:46:41,2026-02-07 11:46:47.829072,6.829071864097552
cyclical_long_period_three_cycles_goldenretriever_10,2026-02-07 02:29:31,2026-02-07 02:29:38.221741,7.221741155028353
cyclical_long_period_three_cycles_goldenretriever_10,2026-02-07 17:30:22,2026-02-07 17:30:28.977054,6.977054118567323
cyclical_long_period_three_cycles_goldenretriever_10,2026-02-07 21:57:02,2026-02-07 21:57:07.909902,5.909901940317923
cyclical_long_period_three_cycles_goldenretriever_10,2026-02-07 10:10:23,2026-02-07 10:10:31.064476,8.064475974027644
cyclical_long_period_three_cycles_goldenretriever_10,2026-02-07 19:24:02,2026-02-07 19:24:05.148605,3.148605479161625
cyclical_long_period_three_cycles_goldenretriever_10,2026-02-07 13:36:05,2026-02-07 13:36:10.017571,5.017570714219065
cyclical_long_period_three_cycles_goldenretriever_10,2026-02-07 21:09:01,2026-02-07 21:09:09.248233,8.24823286931531
cyclical_long_period_three_cycles_goldenretriever_10,2026-02-07 19:29:10,2026-02-07 19:29:14.884108,4.884107604958358
cyclical_long_period_three_cycles_goldenretriever_10,2026-02-07 13:34:31,2026-02-07 13:34:36.583610,5.5836095096156315
cyclical_long_period_three_cycles_goldenretriever_10,2026-02-07 09:11:13,2026-02-07 09:11:21.603441,8.60344145055557
cyclical_long_period_three_cycles_goldenretriever_10,2026-02-07 09:30:22,2026-02-07 09:30:29.499822,7.499821638016017
cyclical_long_period_three_cycles_goldenretriever_10,2026-02-07 14:17:40,2026-02-07 14:17:46.929049,6.929048791028995
cyclical_long_period_three_cycles_goldenretriever_10,2026-02-08 02:28:05,2026-02-08 02:28:07.983260,2.9832602516517217
cyclical_long_period_three_cycles_goldenretriever_10,2026-02-08 19:32:09,2026-02-08 19:32:13.712694,4.7126935319523335
cyclical_long_period_three_cycles_goldenretriever_10,2026-02-08 10:44:43,2026-02-08 10:44:50.832170,7.832169532945332
cyclical_long_period_three_cycles_goldenretriever_10,2026-02-08 23:40:06,2026-02-08 23:40:13.078783,7.078782631004377
cyclical_long_period_three_cycles_goldenretriever_10,2026-02-08 23:20:08,2026-02-08 23:20:13.364907,5.364906608652432
cyclical_long_period_three_cycles_goldenretriever_10,2026-02-08 22:23:22,2026-02-08 22:23:27.462526,5.462525564400112
cyclical_long_period_three_cycles_goldenretriever_10,2026-02-08 17:37:24,2026-02-08 17:37:30.851778,6.851778288741395
cyclical_long_period_three_cycles_goldenretriever_10,2026-02-08 02:16:19,2026-02-08 02:16:24.970486,5.970485827142228
cyclical_long_period_three_cycles_goldenretriever_10,2026-02-08 00:54:53,2026-02-08 00:55:01.601584,8.601584053646699
cyclical_long_period_three_cycles_goldenretriever_10,2026-02-08 22:37:51,2026-02-08 22:37:57.931884,6.931884205079608
cyclical_long_period_three_cycles_goldenretriever_10,2026-02-08 12:22:55,2026-02-08 12:23:02.691761,7.691760527498346
cyclical_long_period_three_cycles_goldenretriever_10,2026-02-08 02:48:14,2026-02-08 02:48:20.755714,6.755713613503485
cyclical_long_period_three_cycles_goldenretriever_10,2026-02-08 18:40:48,2026-02-08 18:40:55.884810,7.884810294275848
cyclical_long_period_three_cycles_goldenretriever_10,2026-02-08 03:17:30,2026-02-08 03:17:37.814112,7.814112102567423
cyclical_long_period_three_cycles_goldenretriever_10,2026-02-08 22:34:36,2026-02-08 22:34:43.068288,7.068287943730211
cyclical_long_period_three_cycles_goldenretriever_10,2026-02-08 17:35:33,2026-02-08 17:35:40.200091,7.200090752537734
cyclical_long_period_three_cycles_goldenretriever_10,2026-02-08 19:46:46,2026-02-08 19:46:51.811135,5.811135351026063
cyclical_long_period_three_cycles_goldenretriever_10,2026-02-08 10:29:57,2026-02-08 10:30:04.971535,7.971534992189786
cyclical_long_period_three_cycles_goldenretriever_10,2026-02-08 04:44:30,2026-02-08 04:44:37.638429,7.6384289584861005
cyclical_long_period_three_cycles_goldenretriever_10,2026-02-08 11:10:29,2026-02-08 11:10:33.822779,4.822778816453325
cyclical_long_period_three_cycles_goldenretriever_10,2026-02-08 06:20:35,2026-02-08 06:20:40.050766,5.050766467325512
cyclical_long_period_three_cycles_goldenretriever_10,2026-02-08 12:17:21,2026-02-08 12:17:24.253311,3.2533107153235696
cyclical_long_period_three_cycles_goldenretriever_10,2026-02-08 10:23:22,2026-02-08 10:23:27.068986,5.068986349152604
cyclical_long_period_three_cycles_goldenretriever_10,2026-02-08 02:58:22,2026-02-08 02:58:25.736540,3.736539576653437
cyclical_long_period_three_cycles_goldenretriever_10,2026-02-08 20:17:22,2026-02-08 20:17:26.826781,4.826780554383557
cyclical_long_period_three_cycles_goldenretriever_10,2026-02-09 14:12:48,2026-02-09 14:12:50.969456,2.9694559506113287
cyclical_long_period_three_cycles_goldenretriever_10,2026-02-09 04:30:05,2026-02-09 04:30:10.966129,5.966129473344425
cyclical_long_period_three_cycles_goldenretriever_10,2026-02-09 03:19:42,2026-02-09 03:19:46.742751,4.742750693070525
cyclical_long_period_three_cycles_goldenretriever_10,2026-02-09 20:20:05,2026-02-09 20:20:10.104728,5.104727852221911
cyclical_long_period_three_cycles_goldenretriever_10,2026-02-09 02:01:16,2026-02-09 02:01:21.179774,5.179774022321749
cyclical_long_period_three_cycles_goldenretriever_10,2026-02-09 03:05:39,2026-02-09 03:05:44.707354,5.707354092074002
cyclical_long_period_three_cycles_goldenretriever_10,2026-02-09 05:54:02,2026-02-09 05:54:10.367312,8.367312174352389
cyclical_long_period_three_cycles_goldenretriever_10,2026-02-09 03:29:57,2026-02-09 03:30:04.787557,7.787556888972559
cyclical_long_period_three_cycles_goldenretriever_10,2026-02-09 15:32:51,2026-02-09 15:32:57.634336,6.634336033564
cyclical_long_period_three_cycles_goldenretriever_10,2026-02-09 02:18:57,2026-02-09 02:19:05.607322,8.607322095666856
cyclical_long_period_three_cycles_goldenretriever_10,2026-02-09 01:35:48,2026-02-09 01:35:54.084380,6.084380149551185
cyclical_long_period_three_cycles_goldenretriever_10,2026-02-09 20:06:21,2026-02-09 20:06:26.771950,5.771949717618723
cyclical_long_period_three_cycles_goldenretriever_10,2026-02-09 13:17:09,2026-02-09 13:17:13.888355,4.888355069094498
cyclical_long_period_three_cycles_goldenretriever_10,2026-02-09 18:50:12,2026-02-09 18:50:18.792613,6.7926125226570075
cyclical_long_period_three_cycles_goldenretriever_10,2026-02-09 22:46:59,2026-02-09 22:47:02.833690,3.833689524785267
cyclical_long_period_three_cycles_goldenretriever_10,2026-02-09 03:16:37,2026-02-09 03:16:45.062155,8.0621554580315
cyclical_long_period_three_cycles_goldenretriever_10,2026-02-09 00:29:38,2026-02-09 00:29:45.604657,7.604657041061537
cyclical_long_period_three_cycles_goldenretriever_10,2026-02-09 00:45:02,2026-02-09 00:45:08.419874,6.419874160456792
cyclical_long_period_three_cycles_goldenretriever_10,2026-02-09 15:51:49,2026-02-09 15:51:56.888582,7.888582196770504
cyclical_long_period_three_cycles_goldenretriever_10,2026-02-09 16:52:17,2026-02-09 16:52:22.146925,5.146925416493359
cyclical_long_period_three_cycles_goldenretriever_10,2026-02-09 00:12:42,2026-02-09 00:12:48.487202,6.487202402279617
cyclical_long_period_three_cycles_goldenretriever_10,2026-02-09 12:47:00,2026-02-09 12:47:04.111837,4.1118373520303155
cyclical_long_period_three_cycles_goldenretriever_10,2026-02-09 16:21:22,2026-02-09 16:21:25.937955,3.9379545757496786
cyclical_long_period_three_cycles_goldenretriever_10,2026-02-09 13:04:28,2026-02-09 13:04:33.125061,5.125061286426343
cyclical_long_period_three_cycles_goldenretriever_10,2026-02-09 00:26:39,2026-02-09 00:26:47.260094,8.26009400202983
cyclical_long_period_three_cycles_goldenretriever_10,2026-02-09 19:59:17,2026-02-09 19:59:24.584461,7.584460798853943
cyclical_long_period_three_cycles_goldenretriever_10,2026-02-09 21:06:28,2026-02-09 21:06:31.610147,3.6101472001260637
cyclical_long_period_three_cycles_goldenretriever_10,2026-02-09 11:10:07,2026-02-09 11:10:13.950944,6.950943639220928
cyclical_long_period_three_cycles_goldenretriever_10,2026-02-09 15:58:12,2026-02-09 15:58:16.695579,4.695578783192881
cyclical_long_period_three_cycles_goldenretriever_10,2026-02-09 12:24:01,2026-02-09 12:24:04.160789,3.1607888144002776
cyclical_long_period_three_cycles_goldenretriever_10,2026-02-09 18:13:24,2026-02-09 18:13:27.100063,3.1000626902039032
cyclical_long_period_three_cycles_goldenretriever_10,2026-02-09 17:28:13,2026-02-09 17:28:17.019038,4.019038199681005
cyclical_long_period_three_cycles_goldenretriever_10,2026-02-09 21:54:09,2026-02-09 21:54:13.551240,4.551240209268898
cyclical_long_period_three_cycles_goldenretriever_10,2026-02-09 14:03:51,2026-02-09 14:03:58.428439,7.428439402656731
cyclical_long_period_three_cycles_goldenretriever_10,2026-02-09 13:31:02,2026-02-09 13:31:08.140110,6.140109563282296
cyclical_long_period_three_cycles_goldenretriever_10,2026-02-10 10:23:53,2026-02-10 10:23:59.498396,6.498395503756765
cyclical_long_period_three_cycles_goldenretriever_10,2026-02-10 02:12:22,2026-02-10 02:12:29.398678,7.398678097990818
cyclical_long_period_three_cycles_goldenretriever_10,2026-02-10 05:44:55,2026-02-10 05:45:02.762194,7.762193787689472
cyclical_long_period_three_cycles_goldenretriever_10,2026-02-10 12:46:50,2026-02-10 12:46:56.807751,6.8077510293008565
cyclical_long_period_three_cycles_goldenretriever_10,2026-02-10 03:34:25,2026-02-10 03:34:28.956441,3.956441465641788
cyclical_long_period_three_cycles_goldenretriever_10,2026-02-10 12:19:36,2026-02-10 12:19:41.058613,5.058612544187031
cyclical_long_period_three_cycles_goldenretriever_10,2026-02-10 12:05:39,2026-02-10 12:05:43.419047,4.419046869585985
cyclical_long_period_three_cycles_goldenretriever_10,2026-02-10 05:09:06,2026-02-10 05:09:11.106159,5.106158761721926
cyclical_long_period_three_cycles_goldenretriever_10,2026-02-10 23:56:49,2026-02-10 23:56:55.268776,6.268776172307542
cyclical_long_period_three_cycles_goldenretriever_10,2026-02-10 22:32:08,2026-02-10 22:32:12.638856,4.638855734456258
cyclical_long_period_three_cycles_goldenretriever_10,2026-02-10 05:58:44,2026-02-10 05:58:47.673240,3.6732400731386092
cyclical_long_period_three_cycles_goldenretriever_10,2026-02-10 04:29:59,2026-02-10 04:30:03.856437,4.8564374443421805
cyclical_long_period_three_cycles_goldenretriever_10,2026-02-10 17:37:35,2026-02-10 17:37:38.434815,3.434814965273668
cyclical_long_period_three_cycles_goldenretriever_10,2026-02-10 18:06:30,2026-02-10 18:06:35.160949,5.1609494734689
cyclical_long_period_three_cycles_goldenretriever_10,2026-02-10 04:30:05,2026-02-10 04:30:11.819930,6.819929664691468
cyclical_long_period_three_cycles_goldenretriever_10,2026-02-10 04:55:39,2026-02-10 04:55:46.396521,7.396520695034593
cyclical_long_period_three_cycles_goldenretriever_10,2026-02-10 16:01:15,2026-02-10 16:01:21.129426,6.1294257214206835
cyclical_long_period_three_cycles_goldenretriever_10,2026-02-10 12:22:37,2026-02-10 12:22:43.406068,6.406067949242757
cyclical_long_period_three_cycles_goldenretriever_10,2026-02-10 11:31:47,2026-02-10 11:31:54.274651,7.274650536926523
cyclical_long_period_three_cycles_goldenretriever_10,2026-02-10 17:01:02,2026-02-10 17:01:09.839133,7.839133234634512
cyclical_long_period_three_cycles_goldenretriever_10,2026-02-10 06:22:09,2026-02-10 06:22:13.304834,4.304833716091458
cyclical_long_period_three_cycles_goldenretriever_10,2026-02-10 17:05:10,2026-02-10 17:05:14.294538,4.2945378644644725
cyclical_long_period_three_cycles_goldenretriever_10,2026-02-10 15:12:47,2026-02-10 15:12:54.012084,7.012084423192793
cyclical_long_period_three_cycles_goldenretriever_10,2026-02-10 16:58:03,2026-02-10 16:58:11.686809,8.686808555678233
cyclical_long_period_three_cycles_goldenretriever_10,2026-02-10 22:31:52,2026-02-10 22:31:59.833751,7.833750793816668
cyclical_long_period_three_cycles_goldenretriever_10,2026-02-10 23:03:10,2026-02-10 23:03:13.292552,3.292551843390521
cyclical_long_period_three_cycles_goldenretriever_10,2026-02-10 22:46:00,2026-02-10 22:46:08.286290,8.286289778622058
cyclical_long_period_three_cycles_goldenretriever_10,2026-02-10 06:10:10,2026-02-10 06:10:13.149117,3.1491174702066385
cyclical_long_period_three_cycles_goldenretriever_10,2026-02-10 16:59:26,2026-02-10 16:59:33.194656,7.194656270562165
cyclical_long_period_three_cycles_goldenretriever_10,2026-02-10 09:41:23,2026-02-10 09:41:25.915512,2.9155115979306716
cyclical_long_period_three_cycles_goldenretriever_10,2026-02-10 15:55:45,2026-02-10 15:55:48.556956,3.5569560834483944
cyclical_long_period_three_cycles_goldenretriever_10,2026-02-10 19:32:46,2026-02-10 19:32:52.253401,6.253401384802457
cyclical_long_period_three_cycles_goldenretriever_10,2026-02-10 20:29:57,2026-02-10 20:30:05.236812,8.236812455396453
cyclical_long_period_three_cycles_goldenretriever_10,2026-02-11 12:45:07,2026-02-11 12:45:11.333750,4.333749631304537
cyclical_long_period_three_cycles_goldenretriever_10,2026-02-11 15:09:39,2026-02-11 15:09:42.719091,3.7190909989052456
cyclical_long_period_three_cycles_goldenretriever_10,2026-02-11 05:46:12,2026-02-11 05:46:19.404568,7.404567784525353
cyclical_long_period_three_cycles_goldenretriever_10,2026-02-11 16:16:38,2026-02-11 16:16:41.393395,3.39339497483032
cyclical_long_period_three_cycles_goldenretriever_10,2026-02-11 02:52:32,2026-02-11 02:52:37.785638,5.78563786636297
cyclical_long_period_three_cycles_goldenretriever_10,2026-02-11 17:41:46,2026-02-11 17:41:54.281902,8.281902196241269
cyclical_long_period_three_cycles_goldenretriever_10,2026-02-11 03:43:02,2026-02-11 03:43:05.239109,3.2391085895726976
cyclical_long_period_three_cycles_goldenretriever_10,2026-02-11 19:41:12,2026-02-11 19:41:20.604138,8.604137605712028
cyclical_long_period_three_cycles_goldenretriever_10,2026-02-11 05:02:14,2026-02-11 05:02:19.674567,5.674566977907986
cyclical_long_period_three_cycles_goldenretriever_10,2026-02-11 23:22:02,2026-02-11 23:22:09.654638,7.654638022189432
cyclical_long_period_three_cycles_goldenretriever_10,2026-02-11 15:57:18,2026-02-11 15:57:26.065306,8.065306066196573
cyclical_long_period_three_cycles_goldenretriever_10,2026-02-11 06:26:58,2026-02-11 06:27:06.124924,8.124924296007707
cyclical_long_period_three_cycles_goldenretriever_10,2026-02-11 20:26:41,2026-02-11 20:26:48.074032,7.074031930923679
cyclical_long_period_three_cycles_goldenretriever_10,2026-02-11 08:01:41,2026-02-11 08:01:46.258684,5.258684275078318
cyclical_long_period_three_cycles_goldenretriever_10,2026-02-11 11:12:12,2026-02-11 11:12:17.276020,5.276020167647652
cyclical_long_period_three_cycles_goldenretriever_10,2026-02-11 09:53:41,2026-02-11 09:53:47.696541,6.69654132618237
cyclical_long_period_three_cycles_goldenretriever_10,2026-02-11 16:37:25,2026-02-11 16:37:27.903825,2.9038245646993857
cyclical_long_period_three_cycles_goldenretriever_10,2026-02-11 07:17:04,2026-02-11 07:17:11.341925,7.341925352650648
cyclical_long_period_three_cycles_goldenretriever_10,2026-02-11 06:27:58,2026-02-11 06:28:02.217691,4.217691099123351
cyclical_long_period_three_cycles_goldenretriever_10,2026-02-11 08:04:29,2026-02-11 08:04:32.013279,3.0132791272140453
cyclical_long_period_three_cycles_goldenretriever_10,2026-02-11 16:28:48,2026-02-11 16:28:52.503562,4.503561714893932
cyclical_long_period_three_cycles_goldenretriever_10,2026-02-12 15:28:44,2026-02-12 15:28:47.085893,3.08589306524438
cyclical_long_period_three_cycles_goldenretriever_10,2026-02-12 20:40:47,2026-02-12 20:40:49.951412,2.9514116951492353
cyclical_long_period_three_cycles_goldenretriever_10,2026-02-12 17:40:38,2026-02-12 17:40:41.250224,3.250223661201816
cyclical_long_period_three_cycles_goldenretriever_10,2026-02-12 08:25:26,2026-02-12 08:25:29.909026,3.909025846918324
cyclical_long_period_three_cycles_goldenretriever_10,2026-02-12 17:43:59,2026-02-12 17:44:01.058791,2.058791277479539
cyclical_long_period_three_cycles_goldenretriever_10,2026-02-12 09:15:21,2026-02-12 09:15:26.235285,5.235284659597456
cyclical_long_period_three_cycles_goldenretriever_10,2026-02-12 01:50:31,2026-02-12 01:50:33.973607,2.973606879277751
cyclical_long_period_three_cycles_goldenretriever_10,2026-02-12 01:04:58,2026-02-12 01:05:02.077392,4.077391718796424
cyclical_long_period_three_cycles_goldenretriever_10,2026-02-13 09:08:31,2026-02-13 09:08:34.341396,3.341396134305141
cyclical_long_period_three_cycles_goldenretriever_10,2026-02-13 13:45:02,2026-02-13 13:45:05.628899,3.628899077400734
cyclical_long_period_three_cycles_goldenretriever_10,2026-02-13 23:38:30,2026-02-13 23:38:35.007816,5.007816316670173
cyclical_long_period_three_cycles_goldenretriever_10,2026-02-13 14:19:34,2026-02-13 14:19:38.635870,4.635869759202464
cyclical_long_period_three_cycles_goldenretriever_10,2026-02-13 06:20:29,2026-02-13 06:20:32.106877,3.106876565586143
cyclical_long_period_three_cycles_goldenretriever_10,2026-02-13 12:29:07,2026-02-13 12:29:12.768162,5.7681616874162405
cyclical_long_period_three_cycles_goldenretriever_10,2026-02-13 14:10:43,2026-02-13 14:10:46.032815,3.0328147432139345
cyclical_long_period_three_cycles_goldenretriever_10,2026-02-13 12:31:29,2026-02-13 12:31:31.168742,2.1687418604980153
cyclical_long_period_three_cycles_goldenretriever_10,2026-02-13 11:43:05,2026-02-13 11:43:07.955439,2.9554389878611227
cyclical_long_period_three_cycles_goldenretriever_10,2026-02-13 22:54:33,2026-02-13 22:54:35.059014,2.0590137022394193
cyclical_long_period_three_cycles_goldenretriever_10,2026-02-13 08:47:33,2026-02-13 08:47:36.552109,3.5521085563512904
cyclical_long_period_three_cycles_goldenretriever_10,2026-02-14 19:35:42,2026-02-14 19:35:46.600719,4.600718528483075
cyclical_long_period_three_cycles_goldenretriever_10,2026-02-14 08:01:30,2026-02-14 08:01:35.777448,5.777448146477095
cyclical_long_period_three_cycles_goldenretriever_10,2026-02-14 12:25:32,2026-02-14 12:25:34.375283,2.375282964862598
cyclical_long_period_three_cycles_goldenretriever_10,2026-02-14 07:56:51,2026-02-14 07:56:55.767867,4.76786694659806
cyclical_long_period_three_cycles_goldenretriever_10,2026-02-14 07:48:00,2026-02-14 07:48:02.724143,2.724143150708437
cyclical_long_period_three_cycles_goldenretriever_10,2026-02-14 19:16:48,2026-02-14 19:16:51.455775,3.4557751057064308
cyclical_long_period_three_cycles_goldenretriever_10,2026-02-14 14:15:56,2026-02-14 14:15:58.845008,2.8450080126546493
cyclical_long_period_three_cycles_goldenretriever_10,2026-02-14 21:05:53,2026-02-14 21:05:55.212061,2.2120610670697713
cyclical_long_period_three_cycles_goldenretriever_10,2026-02-14 20:55:46,2026-02-14 20:55:49.758243,3.7582431002751497
cyclical_long_period_three_cycles_goldenretriever_10,2026-02-15 06:07:19,2026-02-15 06:07:24.684115,5.684115142212278
cyclical_long_period_three_cycles_goldenretriever_10,2026-02-15 04:54:19,2026-02-15 04:54:22.328158,3.3281578704422956
cyclical_long_period_three_cycles_goldenretriever_10,2026-02-15 21:33:42,2026-02-15 21:33:47.328874,5.32887365057379
cyclical_long_period_three_cycles_goldenretriever_10,2026-02-15 18:40:05,2026-02-15 18:40:10.359540,5.3595398899387945
cyclical_long_period_three_cycles_goldenretriever_10,2026-02-15 12:01:18,2026-02-15 12:01:21.588280,3.5882801185432167
cyclical_long_period_three_cycles_goldenretriever_10,2026-02-15 10:20:11,2026-02-15 10:20:15.409149,4.409148574715227
cyclical_long_period_three_cycles_goldenretriever_10,2026-02-15 06:26:33,2026-02-15 06:26:37.609572,4.609572414124147
cyclical_long_period_three_cycles_goldenretriever_10,2026-02-15 21:24:29,2026-02-15 21:24:31.353312,2.353311597551396
cyclical_long_period_three_cycles_goldenretriever_10,2026-02-15 12:59:36,2026-02-15 12:59:38.295934,2.295934105081647
cyclical_long_period_three_cycles_goldenretriever_10,2026-02-16 21:53:59,2026-02-16 21:54:02.571294,3.5712942265428778
cyclical_long_period_three_cycles_goldenretriever_10,2026-02-16 09:20:19,2026-02-16 09:20:22.737101,3.737100828279879
cyclical_long_period_three_cycles_goldenretriever_10,2026-02-16 01:56:20,2026-02-16 01:56:23.636801,3.6368013329091373
cyclical_long_period_three_cycles_goldenretriever_10,2026-02-16 20:57:29,2026-02-16 20:57:33.179864,4.179864127633124
cyclical_long_period_three_cycles_goldenretriever_10,2026-02-16 19:13:15,2026-02-16 19:13:18.091378,3.091377726455369
cyclical_long_period_three_cycles_goldenretriever_10,2026-02-16 19:56:01,2026-02-16 19:56:03.522724,2.522723928359805
cyclical_long_period_three_cycles_goldenretriever_10,2026-02-16 09:45:05,2026-02-16 09:45:07.660340,2.660339716457013
cyclical_long_period_three_cycles_goldenretriever_10,2026-02-16 18:46:44,2026-02-16 18:46:47.506232,3.5062324727580476
cyclical_long_period_three_cycles_goldenretriever_10,2026-02-16 05:41:52,2026-02-16 05:41:57.086923,5.086923162501057
cyclical_long_period_three_cycles_goldenretriever_10,2026-02-16 04:40:28,2026-02-16 04:40:31.124180,3.1241804273286555
cyclical_long_period_three_cycles_goldenretriever_10,2026-02-16 07:25:17,2026-02-16 07:25:21.156990,4.156989815434336
cyclical_long_period_three_cycles_goldenretriever_10,2026-02-16 12:28:45,2026-02-16 12:28:49.488919,4.488919367148542
cyclical_long_period_three_cycles_goldenretriever_10,2026-02-16 04:40:52,2026-02-16 04:40:54.902799,2.9027989139553108
cyclical_long_period_three_cycles_goldenretriever_10,2026-02-17 01:40:02,2026-02-17 01:40:05.270090,3.2700898561897778
cyclical_long_period_three_cycles_goldenretriever_10,2026-02-17 14:20:12,2026-02-17 14:20:16.339782,4.339782018678719
cyclical_long_period_three_cycles_goldenretriever_10,2026-02-17 14:40:26,2026-02-17 14:40:28.102232,2.102231727545561
cyclical_long_period_three_cycles_goldenretriever_10,2026-02-17 11:11:01,2026-02-17 11:11:03.934034,2.9340335406664546
cyclical_long_period_three_cycles_goldenretriever_10,2026-02-17 05:39:09,2026-02-17 05:39:13.004789,4.004788965439346
cyclical_long_period_three_cycles_goldenretriever_10,2026-02-17 14:54:27,2026-02-17 14:54:31.851168,4.851167523468263
cyclical_long_period_three_cycles_goldenretriever_10,2026-02-17 06:22:42,2026-02-17 06:22:45.638701,3.638700999820239
cyclical_long_period_three_cycles_goldenretriever_10,2026-02-17 08:16:58,2026-02-17 08:17:00.333035,2.333035066219963
cyclical_long_period_three_cycles_goldenretriever_10,2026-02-17 10:55:09,2026-02-17 10:55:13.365139,4.365139115231016
cyclical_long_period_three_cycles_goldenretriever_10,2026-02-17 16:26:00,2026-02-17 16:26:04.906875,4.906875416938041
cyclical_long_period_three_cycles_goldenretriever_10,2026-02-17 01:10:22,2026-02-17 01:10:24.748380,2.748380290777245
cyclical_long_period_three_cycles_goldenretriever_10,2026-02-17 20:15:38,2026-02-17 20:15:42.153835,4.153834877161063
cyclical_long_period_three_cycles_goldenretriever_10,2026-02-17 17:57:33,2026-02-17 17:57:35.717851,2.7178506863357335
cyclical_long_period_three_cycles_goldenretriever_10,2026-02-18 21:26:45,2026-02-18 21:26:47.059836,2.0598363635164305
cyclical_long_period_three_cycles_goldenretriever_10,2026-02-18 17:42:58,2026-02-18 17:43:03.996889,5.996888534283778
cyclical_long_period_three_cycles_goldenretriever_10,2026-02-18 14:26:16,2026-02-18 14:26:21.844707,5.844706589401202
cyclical_long_period_three_cycles_goldenretriever_10,2026-02-18 11:30:02,2026-02-18 11:30:07.477828,5.477828007171955
cyclical_long_period_three_cycles_goldenretriever_10,2026-02-18 07:42:31,2026-02-18 07:42:33.133142,2.1331422710185772
cyclical_long_period_three_cycles_goldenretriever_10,2026-02-18 22:58:38,2026-02-18 22:58:42.477023,4.477022760218988
cyclical_long_period_three_cycles_goldenretriever_10,2026-02-18 18:44:36,2026-02-18 18:44:38.813381,2.813380624399437
cyclical_long_period_three_cycles_goldenretriever_10,2026-02-18 12:31:11,2026-02-18 12:31:13.338148,2.3381475659862065
cyclical_long_period_three_cycles_goldenretriever_10,2026-02-19 22:42:24,2026-02-19 22:42:31.975674,7.975673871893149
cyclical_long_period_three_cycles_goldenretriever_10,2026-02-19 05:50:13,2026-02-19 05:50:21.578727,8.578727450110184
cyclical_long_period_three_cycles_goldenretriever_10,2026-02-19 22:21:24,2026-02-19 22:21:27.664265,3.6642649811427184
cyclical_long_period_three_cycles_goldenretriever_10,2026-02-19 13:46:39,2026-02-19 13:46:45.151203,6.151203485863484
cyclical_long_period_three_cycles_goldenretriever_10,2026-02-19 11:03:05,2026-02-19 11:03:09.766084,4.766083985746126
cyclical_long_period_three_cycles_goldenretriever_10,2026-02-19 04:15:18,2026-02-19 04:15:24.583271,6.583270893985313
cyclical_long_period_three_cycles_goldenretriever_10,2026-02-19 07:50:07,2026-02-19 07:50:11.212235,4.212235291997386
cyclical_long_period_three_cycles_goldenretriever_10,2026-02-19 16:18:11,2026-02-19 16:18:19.675847,8.675847371793502
cyclical_long_period_three_cycles_goldenretriever_10,2026-02-19 11:17:02,2026-02-19 11:17:04.942770,2.9427703086213737
cyclical_long_period_three_cycles_goldenretriever_10,2026-02-19 05:35:01,2026-02-19 05:35:09.413590,8.41358973641032
cyclical_long_period_three_cycles_goldenretriever_10,2026-02-19 00:12:38,2026-02-19 00:12:44.712987,6.712987319436961
cyclical_long_period_three_cycles_goldenretriever_10,2026-02-19 07:00:22,2026-02-19 07:00:25.167441,3.1674412982663185
cyclical_long_period_three_cycles_goldenretriever_10,2026-02-19 04:38:51,2026-02-19 04:38:59.270077,8.270076732916111
cyclical_long_period_three_cycles_goldenretriever_10,2026-02-19 23:46:48,2026-02-19 23:46:56.351514,8.351514210084673
cyclical_long_period_three_cycles_goldenretriever_10,2026-02-19 01:47:08,2026-02-19 01:47:15.066677,7.066676736528492
cyclical_long_period_three_cycles_goldenretriever_10,2026-02-19 20:00:11,2026-02-19 20:00:19.165576,8.165576381317763
cyclical_long_period_three_cycles_goldenretriever_10,2026-02-19 05:26:55,2026-02-19 05:26:59.988164,4.988163748471578
cyclical_long_period_three_cycles_goldenretriever_10,2026-02-19 10:45:07,2026-02-19 10:45:10.822662,3.822662076872328
cyclical_long_period_three_cycles_goldenretriever_10,2026-02-19 13:44:43,2026-02-19 13:44:50.065871,7.065871249678683
cyclical_long_period_three_cycles_goldenretriever_10,2026-02-19 13:26:42,2026-02-19 13:26:49.732362,7.732361658695602
cyclical_long_period_three_cycles_goldenretriever_10,2026-02-19 13:49:13,2026-02-19 13:49:19.550886,6.5508864262760484
cyclical_long_period_three_cycles_goldenretriever_10,2026-02-19 19:25:42,2026-02-19 19:25:49.677700,7.6777004500888575
cyclical_long_period_three_cycles_goldenretriever_10,2026-02-19 21:44:12,2026-02-19 21:44:19.131215,7.131215321134164
cyclical_long_period_three_cycles_goldenretriever_10,2026-02-19 07:45:57,2026-02-19 07:46:03.064235,6.064235022817585
cyclical_long_period_three_cycles_goldenretriever_10,2026-02-19 11:36:43,2026-02-19 11:36:49.765313,6.765313118420748
cyclical_long_period_three_cycles_goldenretriever_10,2026-02-19 01:01:13,2026-02-19 01:01:16.884525,3.8845246034518572
cyclical_long_period_three_cycles_goldenretriever_10,2026-02-20 06:12:44,2026-02-20 06:12:50.377410,6.377409577969383
cyclical_long_period_three_cycles_goldenretriever_10,2026-02-20 15:40:56,2026-02-20 15:41:01.113803,5.113802949047417
cyclical_long_period_three_cycles_goldenretriever_10,2026-02-20 05:48:05,2026-02-20 05:48:08.464595,3.4645954228691225
cyclical_long_period_three_cycles_goldenretriever_10,2026-02-20 07:17:37,2026-02-20 07:17:40.438873,3.438872993604816
cyclical_long_period_three_cycles_goldenretriever_10,2026-02-20 22:21:56,2026-02-20 22:21:58.985344,2.9853438350011947
cyclical_long_period_three_cycles_goldenretriever_10,2026-02-20 21:03:06,2026-02-20 21:03:12.103261,6.103261209827451
cyclical_long_period_three_cycles_goldenretriever_10,2026-02-20 16:28:14,2026-02-20 16:28:21.497426,7.497425674196882
cyclical_long_period_three_cycles_goldenretriever_10,2026-02-20 05:05:44,2026-02-20 05:05:49.654927,5.654926815648289
cyclical_long_period_three_cycles_goldenretriever_10,2026-02-20 19:48:14,2026-02-20 19:48:17.896451,3.8964509500250233
cyclical_long_period_three_cycles_goldenretriever_10,2026-02-20 13:44:08,2026-02-20 13:44:16.231249,8.231249066191381
cyclical_long_period_three_cycles_goldenretriever_10,2026-02-20 00:40:32,2026-02-20 00:40:34.909763,2.9097628962674094
cyclical_long_period_three_cycles_goldenretriever_10,2026-02-20 07:58:39,2026-02-20 07:58:43.388854,4.388853829977937
cyclical_long_period_three_cycles_goldenretriever_10,2026-02-20 16:32:44,2026-02-20 16:32:52.611911,8.611911090752828
cyclical_long_period_three_cycles_goldenretriever_10,2026-02-20 15:57:12,2026-02-20 15:57:17.758936,5.758935561115848
cyclical_long_period_three_cycles_goldenretriever_10,2026-02-20 10:45:04,2026-02-20 10:45:10.929656,6.929655852558762
cyclical_long_period_three_cycles_goldenretriever_10,2026-02-20 17:46:29,2026-02-20 17:46:32.263145,3.2631452640149683
cyclical_long_period_three_cycles_goldenretriever_10,2026-02-20 13:42:33,2026-02-20 13:42:40.294364,7.294363785016798
cyclical_long_period_three_cycles_goldenretriever_10,2026-02-20 06:09:55,2026-02-20 06:09:57.950398,2.950397946454366
cyclical_long_period_three_cycles_goldenretriever_10,2026-02-20 16:34:17,2026-02-20 16:34:22.422658,5.422657600201693
cyclical_long_period_three_cycles_goldenretriever_10,2026-02-20 07:49:56,2026-02-20 07:50:02.267494,6.267493974532281
cyclical_long_period_three_cycles_goldenretriever_10,2026-02-21 00:24:55,2026-02-21 00:25:00.458690,5.45869032175518
cyclical_long_period_three_cycles_goldenretriever_10,2026-02-21 19:57:53,2026-02-21 19:57:59.670334,6.670333510583463
cyclical_long_period_three_cycles_goldenretriever_10,2026-02-21 19:15:44,2026-02-21 19:15:49.254386,5.254386392479086
cyclical_long_period_three_cycles_goldenretriever_10,2026-02-21 04:50:24,2026-02-21 04:50:29.944855,5.944855365903294
cyclical_long_period_three_cycles_goldenretriever_10,2026-02-21 18:58:06,2026-02-21 18:58:10.366179,4.366179430302443
cyclical_long_period_three_cycles_goldenretriever_10,2026-02-21 23:15:46,2026-02-21 23:15:54.271596,8.271595523142167
cyclical_long_period_three_cycles_goldenretriever_10,2026-02-21 19:02:35,2026-02-21 19:02:39.218939,4.218938613124972
cyclical_long_period_three_cycles_goldenretriever_10,2026-02-21 18:35:41,2026-02-21 18:35:45.928621,4.928620817241968
cyclical_long_period_three_cycles_goldenretriever_10,2026-02-21 12:07:46,2026-02-21 12:07:49.039372,3.0393715553481084
cyclical_long_period_three_cycles_goldenretriever_10,2026-02-21 18:29:02,2026-02-21 18:29:07.013147,5.013146801200382
cyclical_long_period_three_cycles_goldenretriever_10,2026-02-21 14:18:22,2026-02-21 14:18:29.203532,7.203531780762285
cyclical_long_period_three_cycles_goldenretriever_10,2026-02-21 21:55:22,2026-02-21 21:55:25.660392,3.660392113716403
cyclical_long_period_three_cycles_goldenretriever_10,2026-02-21 10:26:27,2026-02-21 10:26:30.104612,3.1046118850458653
cyclical_long_period_three_cycles_goldenretriever_10,2026-02-21 20:08:55,2026-02-21 20:09:01.939590,6.939590298415302
cyclical_long_period_three_cycles_goldenretriever_10,2026-02-21 23:34:12,2026-02-21 23:34:15.884972,3.8849715171309405
cyclical_long_period_three_cycles_goldenretriever_10,2026-02-21 21:13:24,2026-02-21 21:13:30.770300,6.770299795507933
cyclical_long_period_three_cycles_goldenretriever_10,2026-02-22 20:41:51,2026-02-22 20:41:57.204668,6.204668077965398
cyclical_long_period_three_cycles_goldenretriever_10,2026-02-22 06:42:24,2026-02-22 06:42:31.529977,7.529976532512435
cyclical_long_period_three_cycles_goldenretriever_10,2026-02-22 00:28:25,2026-02-22 00:28:32.463319,7.4633188719072585
cyclical_long_period_three_cycles_goldenretriever_10,2026-02-22 20:46:10,2026-02-22 20:46:12.994024,2.99402360942288
cyclical_long_period_three_cycles_goldenretriever_10,2026-02-22 14:12:27,2026-02-22 14:12:34.839527,7.839527482076856
cyclical_long_period_three_cycles_goldenretriever_10,2026-02-22 02:22:12,2026-02-22 02:22:20.007834,8.007834161200792
cyclical_long_period_three_cycles_goldenretriever_10,2026-02-22 00:38:12,2026-02-22 00:38:19.246234,7.246233883781375
cyclical_long_period_three_cycles_goldenretriever_10,2026-02-22 02:40:37,2026-02-22 02:40:45.612542,8.612542431948633
cyclical_long_period_three_cycles_goldenretriever_10,2026-02-22 02:22:27,2026-02-22 02:22:31.221089,4.221089012756758
cyclical_long_period_three_cycles_goldenretriever_10,2026-02-22 22:37:45,2026-02-22 22:37:50.025682,5.025682214900588
cyclical_long_period_three_cycles_goldenretriever_10,2026-02-22 22:12:36,2026-02-22 22:12:41.135099,5.135098846563733
cyclical_long_period_three_cycles_goldenretriever_10,2026-02-22 10:55:35,2026-02-22 10:55:43.168970,8.16897019510689
cyclical_long_period_three_cycles_goldenretriever_10,2026-02-22 21:47:49,2026-02-22 21:47:53.558612,4.558611522058192
cyclical_long_period_three_cycles_goldenretriever_10,2026-02-22 23:03:01,2026-02-22 23:03:07.601580,6.601580147806976
cyclical_long_period_three_cycles_goldenretriever_10,2026-02-22 01:29:17,2026-02-22 01:29:22.176958,5.176958492818568
cyclical_long_period_three_cycles_goldenretriever_10,2026-02-22 23:18:56,2026-02-22 23:19:03.474466,7.4744660006229156
cyclical_long_period_three_cycles_goldenretriever_10,2026-02-22 09:32:41,2026-02-22 09:32:47.351582,6.3515818007604405
cyclical_long_period_three_cycles_goldenretriever_10,2026-02-22 09:03:14,2026-02-22 09:03:21.035379,7.035378850119469
cyclical_long_period_three_cycles_goldenretriever_10,2026-02-22 19:57:54,2026-02-22 19:57:58.130381,4.130381262946283
cyclical_long_period_three_cycles_goldenretriever_10,2026-02-22 06:02:23,2026-02-22 06:02:26.198751,3.1987512591948493
cyclical_long_period_three_cycles_goldenretriever_10,2026-02-22 20:57:57,2026-02-22 20:58:05.037116,8.037116243492315
cyclical_long_period_three_cycles_goldenretriever_10,2026-02-22 15:16:34,2026-02-22 15:16:42.323569,8.323568800260565
cyclical_long_period_three_cycles_goldenretriever_10,2026-02-22 14:59:30,2026-02-22 14:59:36.283871,6.283870793303087
cyclical_long_period_three_cycles_goldenretriever_10,2026-02-22 04:37:43,2026-02-22 04:37:47.239271,4.239271165417944
cyclical_long_period_three_cycles_goldenretriever_10,2026-02-22 23:59:26,2026-02-22 23:59:32.553345,6.553344887048976
cyclical_long_period_three_cycles_goldenretriever_10,2026-02-22 22:55:03,2026-02-22 22:55:08.419739,5.419738605929275
cyclical_long_period_three_cycles_goldenretriever_10,2026-02-22 22:11:51,2026-02-22 22:11:57.425112,6.425111759793148
cyclical_long_period_three_cycles_goldenretriever_10,2026-02-22 09:12:57,2026-02-22 09:13:00.037868,3.037867570888017
cyclical_long_period_three_cycles_goldenretriever_10,2026-02-22 10:08:02,2026-02-22 10:08:06.001060,4.00106017284187
cyclical_long_period_three_cycles_goldenretriever_10,2026-02-22 12:59:57,2026-02-22 13:00:03.959255,6.959254861226147
cyclical_long_period_three_cycles_goldenretriever_10,2026-02-22 06:40:26,2026-02-22 06:40:31.274049,5.274049256104013
cyclical_long_period_three_cycles_goldenretriever_10,2026-02-22 15:31:03,2026-02-22 15:31:06.824246,3.8242456757060594
cyclical_long_period_three_cycles_goldenretriever_10,2026-02-22 10:11:28,2026-02-22 10:11:36.227596,8.227596081386123
cyclical_long_period_three_cycles_goldenretriever_10,2026-02-22 09:15:18,2026-02-22 09:15:26.623365,8.623365232609329
cyclical_long_period_three_cycles_goldenretriever_10,2026-02-22 15:47:33,2026-02-22 15:47:39.166275,6.166274514709636
cyclical_long_period_three_cycles_goldenretriever_10,2026-02-23 00:23:51,2026-02-23 00:23:55.929054,4.929054086843412
cyclical_long_period_three_cycles_goldenretriever_10,2026-02-23 12:23:08,2026-02-23 12:23:11.923314,3.923314385680594
cyclical_long_period_three_cycles_goldenretriever_10,2026-02-23 09:39:41,2026-02-23 09:39:49.209288,8.209288208095987
cyclical_long_period_three_cycles_goldenretriever_10,2026-02-23 10:13:00,2026-02-23 10:13:07.225511,7.225511304902581
cyclical_long_period_three_cycles_goldenretriever_10,2026-02-23 09:41:01,2026-02-23 09:41:04.177922,3.177921703358799
cyclical_long_period_three_cycles_goldenretriever_10,2026-02-23 23:58:20,2026-02-23 23:58:23.864065,3.864064857794119
cyclical_long_period_three_cycles_goldenretriever_10,2026-02-23 18:06:27,2026-02-23 18:06:35.640033,8.640033140676618
cyclical_long_period_three_cycles_goldenretriever_10,2026-02-23 08:58:08,2026-02-23 08:58:12.182084,4.1820837646675715
cyclical_long_period_three_cycles_goldenretriever_10,2026-02-23 06:12:43,2026-02-23 06:12:45.901961,2.9019614445044475
cyclical_long_period_three_cycles_goldenretriever_10,2026-02-23 03:57:39,2026-02-23 03:57:45.116021,6.116020942088988
cyclical_long_period_three_cycles_goldenretriever_10,2026-02-23 06:54:40,2026-02-23 06:54:47.002641,7.002640746120301
cyclical_long_period_three_cycles_goldenretriever_10,2026-02-23 02:32:12,2026-02-23 02:32:18.299456,6.299455789900275
cyclical_long_period_three_cycles_goldenretriever_10,2026-02-23 12:28:29,2026-02-23 12:28:36.336406,7.336406371094517
cyclical_long_period_three_cycles_goldenretriever_10,2026-02-23 00:09:58,2026-02-23 00:10:03.649288,5.649288478027984
cyclical_long_period_three_cycles_goldenretriever_10,2026-02-23 10:52:59,2026-02-23 10:53:07.213750,8.213749535375886
cyclical_long_period_three_cycles_goldenretriever_10,2026-02-23 10:46:52,2026-02-23 10:46:59.256061,7.256061254815487
cyclical_long_period_three_cycles_goldenretriever_10,2026-02-23 15:24:51,2026-02-23 15:24:57.597505,6.597505229112422
cyclical_long_period_three_cycles_goldenretriever_10,2026-02-23 01:50:04,2026-02-23 01:50:10.618656,6.61865629678135
cyclical_long_period_three_cycles_goldenretriever_10,2026-02-23 11:50:46,2026-02-23 11:50:51.392543,5.392543232531867
cyclical_long_period_three_cycles_goldenretriever_10,2026-02-23 09:57:02,2026-02-23 09:57:05.972170,3.9721699221814237
cyclical_long_period_three_cycles_goldenretriever_10,2026-02-23 13:35:19,2026-02-23 13:35:24.315439,5.3154388695491654
cyclical_long_period_three_cycles_goldenretriever_10,2026-02-23 13:01:58,2026-02-23 13:02:03.655601,5.655601381610149
cyclical_long_period_three_cycles_goldenretriever_10,2026-02-23 06:40:27,2026-02-23 06:40:33.911357,6.911357407825689
cyclical_long_period_three_cycles_goldenretriever_10,2026-02-23 19:51:20,2026-02-23 19:51:28.141404,8.141403751503242
cyclical_long_period_three_cycles_goldenretriever_10,2026-02-24 04:27:50,2026-02-24 04:27:54.727339,4.727338670861228
cyclical_long_period_three_cycles_goldenretriever_10,2026-02-24 09:36:41,2026-02-24 09:36:45.927045,4.927044507965682
cyclical_long_period_three_cycles_goldenretriever_10,2026-02-24 18:59:20,2026-02-24 18:59:25.465384,5.4653839731427505
cyclical_long_period_three_cycles_goldenretriever_10,2026-02-24 12:27:16,2026-02-24 12:27:21.845242,5.845241941899281
cyclical_long_period_three_cycles_goldenretriever_10,2026-02-24 14:08:12,2026-02-24 14:08:14.947419,2.9474191228009308
cyclical_long_period_three_cycles_goldenretriever_10,2026-02-24 18:55:33,2026-02-24 18:55:36.869583,3.869582738712801
cyclical_long_period_three_cycles_goldenretriever_10,2026-02-24 06:20:57,2026-02-24 06:21:03.462830,6.462829562123999
cyclical_long_period_three_cycles_goldenretriever_10,2026-02-24 08:06:59,2026-02-24 08:07:04.092069,5.0920691496335495
cyclical_long_period_three_cycles_goldenretriever_10,2026-02-24 00:58:35,2026-02-24 00:58:40.476172,5.476172333085016
cyclical_long_period_three_cycles_goldenretriever_10,2026-02-24 08:59:29,2026-02-24 08:59:36.041770,7.041770366948151
cyclical_long_period_three_cycles_goldenretriever_10,2026-02-24 01:17:30,2026-02-24 01:17:38.299929,8.299929004417425
cyclical_long_period_three_cycles_goldenretriever_10,2026-02-24 19:02:19,2026-02-24 19:02:27.083233,8.083232617721713
cyclical_long_period_three_cycles_goldenretriever_10,2026-02-24 05:33:53,2026-02-24 05:33:58.171591,5.171591489989483
cyclical_long_period_three_cycles_goldenretriever_10,2026-02-24 14:00:01,2026-02-24 14:00:06.172162,5.172162250148447
cyclical_long_period_three_cycles_goldenretriever_10,2026-02-24 14:55:12,2026-02-24 14:55:17.823282,5.82328160240337
cyclical_long_period_three_cycles_goldenretriever_10,2026-02-24 06:10:17,2026-02-24 06:10:23.188506,6.1885063006447965
cyclical_long_period_three_cycles_goldenretriever_10,2026-02-24 21:35:59,2026-02-24 21:36:05.963214,6.963213555138438
cyclical_long_period_three_cycles_goldenretriever_10,2026-02-24 02:30:54,2026-02-24 02:30:59.884737,5.8847373628836035
cyclical_long_period_three_cycles_goldenretriever_10,2026-02-24 14:14:58,2026-02-24 14:15:04.370602,6.370601672349815
cyclical_long_period_three_cycles_goldenretriever_10,2026-02-24 00:40:31,2026-02-24 00:40:37.541874,6.541874379508367
cyclical_long_period_three_cycles_goldenretriever_10,2026-02-24 02:41:25,2026-02-24 02:41:30.511590,5.511589567148822
cyclical_long_period_three_cycles_goldenretriever_10,2026-02-24 06:01:22,2026-02-24 06:01:28.663916,6.66391578274748
cyclical_long_period_three_cycles_goldenretriever_10,2026-02-24 16:09:04,2026-02-24 16:09:09.865851,5.8658511248893435
cyclical_long_period_three_cycles_goldenretriever_10,2026-02-24 20:29:51,2026-02-24 20:29:58.849490,7.849490221625543
cyclical_long_period_three_cycles_goldenretriever_10,2026-02-24 14:46:45,2026-02-24 14:46:51.440021,6.4400208270135835
cyclical_long_period_three_cycles_goldenretriever_10,2026-02-24 14:21:29,2026-02-24 14:21:31.970207,2.970206564658246
cyclical_long_period_three_cycles_goldenretriever_10,2026-02-25 18:59:03,2026-02-25 18:59:07.708438,4.708438103552334
cyclical_long_period_three_cycles_goldenretriever_10,2026-02-25 19:28:49,2026-02-25 19:28:54.089498,5.089497919703233
cyclical_long_period_three_cycles_goldenretriever_10,2026-02-25 04:05:01,2026-02-25 04:05:05.991361,4.991361102030598
cyclical_long_period_three_cycles_goldenretriever_10,2026-02-25 05:50:24,2026-02-25 05:50:30.067430,6.06743030919107
cyclical_long_period_three_cycles_goldenretriever_10,2026-02-25 06:56:35,2026-02-25 06:56:38.268632,3.2686315223810665
cyclical_long_period_three_cycles_goldenretriever_10,2026-02-25 07:53:50,2026-02-25 07:53:58.429880,8.429880376058717
cyclical_long_period_three_cycles_goldenretriever_10,2026-02-25 11:34:45,2026-02-25 11:34:48.279862,3.2798618043266226
cyclical_long_period_three_cycles_goldenretriever_10,2026-02-25 14:46:25,2026-02-25 14:46:32.625102,7.62510226114931
cyclical_long_period_three_cycles_goldenretriever_10,2026-02-25 15:16:36,2026-02-25 15:16:43.990998,7.990997717665403
cyclical_long_period_three_cycles_goldenretriever_10,2026-02-25 10:17:08,2026-02-25 10:17:14.524694,6.524694161292733
cyclical_long_period_three_cycles_goldenretriever_10,2026-02-25 00:11:18,2026-02-25 00:11:26.521836,8.52183633754984
cyclical_long_period_three_cycles_goldenretriever_10,2026-02-25 17:15:13,2026-02-25 17:15:17.018634,4.018633704723917
cyclical_long_period_three_cycles_goldenretriever_10,2026-02-25 09:55:47,2026-02-25 09:55:51.561979,4.561978987936601
cyclical_long_period_three_cycles_goldenretriever_10,2026-02-25 11:53:46,2026-02-25 11:53:50.456846,4.456846382707353
cyclical_long_period_three_cycles_goldenretriever_10,2026-02-25 21:07:24,2026-02-25 21:07:28.592982,4.592982442003627
cyclical_long_period_three_cycles_goldenretriever_10,2026-02-25 14:45:21,2026-02-25 14:45:29.003755,8.003754960217192
cyclical_long_period_three_cycles_goldenretriever_10,2026-02-26 15:10:46,2026-02-26 15:10:48.901703,2.9017031486387874
cyclical_long_period_three_cycles_goldenretriever_10,2026-02-26 21:16:29,2026-02-26 21:16:32.214263,3.2142626603958333
cyclical_long_period_three_cycles_goldenretriever_10,2026-02-26 19:12:00,2026-02-26 19:12:03.198453,3.1984531423152953
cyclical_long_period_three_cycles_goldenretriever_10,2026-02-26 17:27:24,2026-02-26 17:27:29.061200,5.061199758298975
cyclical_long_period_three_cycles_goldenretriever_10,2026-02-26 16:44:25,2026-02-26 16:44:27.384689,2.3846888452019526
cyclical_long_period_three_cycles_goldenretriever_10,2026-02-26 03:57:08,2026-02-26 03:57:12.775971,4.775970610319336
cyclical_long_period_three_cycles_goldenretriever_10,2026-02-26 09:55:41,2026-02-26 09:55:43.277222,2.27722240995286
cyclical_long_period_three_cycles_goldenretriever_10,2026-02-26 12:06:01,2026-02-26 12:06:04.902858,3.902857708671348
cyclical_long_period_three_cycles_goldenretriever_10,2026-02-26 06:03:05,2026-02-26 06:03:07.570226,2.570226399672104
cyclical_long_period_three_cycles_goldenretriever_10,2026-02-26 10:42:04,2026-02-26 10:42:09.875087,5.875086819971659
cyclical_long_period_three_cycles_goldenretriever_10,2026-02-27 22:11:44,2026-02-27 22:11:46.722003,2.7220025524541462
cyclical_long_period_three_cycles_goldenretriever_10,2026-02-27 05:50:28,2026-02-27 05:50:30.687086,2.687086445750733
cyclical_long_period_three_cycles_goldenretriever_10,2026-02-27 14:08:04,2026-02-27 14:08:08.027633,4.0276333673853095
cyclical_long_period_three_cycles_goldenretriever_10,2026-02-27 18:53:29,2026-02-27 18:53:33.049591,4.0495911119139745
cyclical_long_period_three_cycles_goldenretriever_10,2026-02-27 14:14:44,2026-02-27 14:14:49.863331,5.863330936011911
cyclical_long_period_three_cycles_goldenretriever_10,2026-02-27 08:16:34,2026-02-27 08:16:37.306011,3.3060107376241223
cyclical_long_period_three_cycles_goldenretriever_10,2026-02-27 15:43:24,2026-02-27 15:43:28.348504,4.348504010242671
cyclical_long_period_three_cycles_goldenretriever_10,2026-02-27 11:43:17,2026-02-27 11:43:20.254747,3.2547469674778298
cyclical_long_period_three_cycles_goldenretriever_10,2026-02-27 20:00:59,2026-02-27 20:01:03.890983,4.8909830191721735
cyclical_long_period_three_cycles_goldenretriever_10,2026-02-28 19:11:13,2026-02-28 19:11:17.280682,4.280682074659259
cyclical_long_period_three_cycles_goldenretriever_10,2026-02-28 17:36:18,2026-02-28 17:36:23.601807,5.6018072605741
cyclical_long_period_three_cycles_goldenretriever_10,2026-02-28 17:03:13,2026-02-28 17:03:16.687775,3.6877747325778683
cyclical_long_period_three_cycles_goldenretriever_10,2026-02-28 10:24:50,2026-02-28 10:24:55.968596,5.9685957663131175
cyclical_long_period_three_cycles_goldenretriever_10,2026-03-01 15:24:50,2026-03-01 15:24:52.266275,2.266275235092289
cyclical_long_period_three_cycles_goldenretriever_10,2026-03-01 21:49:21,2026-03-01 21:49:25.416727,4.41672684229378
cyclical_long_period_three_cycles_goldenretriever_10,2026-03-01 15:05:09,2026-03-01 15:05:14.173525,5.173525004858343
cyclical_long_period_three_cycles_goldenretriever_10,2026-03-01 18:05:08,2026-03-01 18:05:12.343860,4.343859921419522
cyclical_long_period_three_cycles_goldenretriever_10,2026-03-01 10:49:59,2026-03-01 10:50:04.180481,5.180480826707917
cyclical_long_period_three_cycles_goldenretriever_10,2026-03-01 09:35:36,2026-03-01 09:35:38.347243,2.3472427996526597
cyclical_long_period_three_cycles_goldenretriever_10,2026-03-01 12:44:25,2026-03-01 12:44:28.992965,3.9929654698555277
cyclical_long_period_three_cycles_goldenretriever_10,2026-03-01 23:53:29,2026-03-01 23:53:33.811777,4.811777296510676
cyclical_long_period_three_cycles_goldenretriever_10,2026-03-01 10:28:59,2026-03-01 10:29:01.360234,2.360234209990504
