pet_id,start,end,duration_sec
decline_fast_recovery_bichon_02,2026-01-01 22:00:45,2026-01-01 22:00:48.573033,3.573033408207157
decline_fast_recovery_bichon_02,2026-01-01 22:06:19,2026-01-01 22:06:24.060973,5.060972646118235
decline_fast_recovery_bichon_02,2026-01-01 22:12:02,2026-01-01 22:12:09.229879,7.229879386847577
decline_fast_recovery_bichon_02,2026-01-01 22:18:17,2026-01-01 22:18:24.200407,7.200407394712562
decline_fast_recovery_bichon_02,2026-01-01 22:24:01,2026-01-01 22:24:03.600320,2.600319951875453
decline_fast_recovery_bichon_02,2026-01-01 22:30:59,2026-01-01 22:31:02.027625,3.0276246548836725
decline_fast_recovery_bichon_02,2026-01-01 22:36:54,2026-01-01 22:37:01.388745,7.388745111316968
decline_fast_recovery_bichon_02,2026-01-01 22:42:51,2026-01-01 22:42:54.069870,3.0698704664524525
decline_fast_recovery_bichon_02,2026-01-01 22:48:20,2026-01-01 22:48:26.596611,6.596610654037987
decline_fast_recovery_bichon_02,2026-01-01 22:54:40,2026-01-01 22:54:44.160371,4.160371237178308
decline_fast_recovery_bichon_02,2026-01-01 22:59:55,2026-01-01 23:00:00.275556,5.2755564394149355
decline_fast_recovery_bichon_02,2026-01-01 22:59:28,2026-01-01 22:59:35.438244,7.438243594211961
decline_fast_recovery_bichon_02,2026-01-01 22:59:15,2026-01-01 22:59:22.881133,7.881132602373336
decline_fast_recovery_bichon_02,2026-01-01 22:59:50,2026-01-01 22:59:54.612024,4.612024323727222
decline_fast_recovery_bichon_02,2026-01-01 22:59:39,2026-01-01 22:59:45.162622,6.162622187966173
decline_fast_recovery_bichon_02,2026-01-01 22:59:54,2026-01-01 22:59:57.149223,3.149222608430653
decline_fast_recovery_bichon_02,2026-01-01 22:59:43,2026-01-01 22:59:50.331809,7.331808930915726
decline_fast_recovery_bichon_02,2026-01-01 22:59:14,2026-01-01 22:59:16.202754,2.20275419174336
decline_fast_recovery_bichon_02,2026-01-01 22:59:21,2026-01-01 22:59:27.974583,6.97458252209828
decline_fast_recovery_bichon_02,2026-01-01 22:59:32,2026-01-01 22:59:37.056424,5.056423758851471
decline_fast_recovery_bichon_02,2026-01-01 22:59:28,2026-01-01 22:59:34.513131,6.513131032278974
decline_fast_recovery_bichon_02,2026-01-01 22:59:33,2026-01-01 22:59:38.561822,5.561821634406965
decline_fast_recovery_bichon_02,2026-01-01 22:59:38,2026-01-01 22:59:44.747843,6.747843371253571
decline_fast_recovery_bichon_02,2026-01-01 22:59:05,2026-01-01 22:59:07.262505,2.2625045476534162
decline_fast_recovery_bichon_02,2026-01-01 22:59:21,2026-01-01 22:59:24.135827,3.135826652102276
decline_fast_recovery_bichon_02,2026-01-01 22:59:30,2026-01-01 22:59:36.902293,6.902293017504951
decline_fast_recovery_bichon_02,2026-01-01 22:59:57,2026-01-01 23:00:02.160113,5.1601125955439375
decline_fast_recovery_bichon_02,2026-01-01 22:59:14,2026-01-01 22:59:19.204727,5.204727132894478
decline_fast_recovery_bichon_02,2026-01-01 22:59:11,2026-01-01 22:59:15.346716,4.3467155096294565
decline_fast_recovery_bichon_02,2026-01-01 22:59:34,2026-01-01 22:59:36.905393,2.9053932049256357
decline_fast_recovery_bichon_02,2026-01-01 22:59:08,2026-01-01 22:59:12.781281,4.781281412172728
decline_fast_recovery_bichon_02,2026-01-01 22:59:05,2026-01-01 22:59:10.889224,5.889223987422868
decline_fast_recovery_bichon_02,2026-01-01 22:59:08,2026-01-01 22:59:13.915775,5.915774549215723
decline_fast_recovery_bichon_02,2026-01-01 22:59:52,2026-01-01 22:59:58.411715,6.4117150612937825
decline_fast_recovery_bichon_02,2026-01-01 22:59:37,2026-01-01 22:59:44.626450,7.626450444088974
decline_fast_recovery_bichon_02,2026-01-01 22:59:28,2026-01-01 22:59:34.447858,6.447858055752531
decline_fast_recovery_bichon_02,2026-01-01 22:59:58,2026-01-01 23:00:05.989046,7.989045534010924
decline_fast_recovery_bichon_02,2026-01-01 22:59:28,2026-01-01 22:59:30.876808,2.8768077763769866
decline_fast_recovery_bichon_02,2026-01-01 22:59:37,2026-01-01 22:59:40.045581,3.045581309127943
decline_fast_recovery_bichon_02,2026-01-01 22:59:34,2026-01-01 22:59:40.775424,6.775423839535664
decline_fast_recovery_bichon_02,2026-01-01 22:59:22,2026-01-01 22:59:29.962380,7.9623799141442095
decline_fast_recovery_bichon_02,2026-01-01 22:59:19,2026-01-01 22:59:21.548012,2.5480123724200032
decline_fast_recovery_bichon_02,2026-01-01 22:59:54,2026-01-01 23:00:01.031428,7.031428393297267
decline_fast_recovery_bichon_02,2026-01-01 22:59:32,2026-01-01 22:59:35.177129,3.177128778795843
decline_fast_recovery_bichon_02,2026-01-01 22:59:43,2026-01-01 22:59:49.914852,6.914852342682159
decline_fast_recovery_bichon_02,2026-01-01 22:59:02,2026-01-01 22:59:09.572683,7.5726826390233155
decline_fast_recovery_bichon_02,2026-01-01 12:20:36,2026-01-01 12:20:39.764627,3.764627448623172
decline_fast_recovery_bichon_02,2026-01-01 19:02:53,2026-01-01 19:02:58.103610,5.1036095349361945
decline_fast_recovery_bichon_02,2026-01-01 18:47:16,2026-01-01 18:47:22.498362,6.498361998844796
decline_fast_recovery_bichon_02,2026-01-01 08:45:15,2026-01-01 08:45:17.927030,2.9270297507430363
decline_fast_recovery_bichon_02,2026-01-01 08:25:49,2026-01-01 08:25:56.948111,7.948110853185877
decline_fast_recovery_bichon_02,2026-01-01 21:21:08,2026-01-01 21:21:15.964988,7.964987836187865
decline_fast_recovery_bichon_02,2026-01-01 06:28:59,2026-01-01 06:29:03.333040,4.33304033427682
decline_fast_recovery_bichon_02,2026-01-01 21:58:56,2026-01-01 21:59:01.824663,5.824662792049865
decline_fast_recovery_bichon_02,2026-01-01 18:32:08,2026-01-01 18:32:10.876043,2.8760428478470437
decline_fast_recovery_bichon_02,2026-01-01 19:56:52,2026-01-01 19:56:54.326497,2.3264971139964534
decline_fast_recovery_bichon_02,2026-01-02 03:00:52,2026-01-02 03:00:57.389350,5.389349923387594
decline_fast_recovery_bichon_02,2026-01-02 03:06:48,2026-01-02 03:06:54.306752,6.3067516903713265
decline_fast_recovery_bichon_02,2026-01-02 03:12:59,2026-01-02 03:13:01.076279,2.076278929827959
decline_fast_recovery_bichon_02,2026-01-02 03:18:02,2026-01-02 03:18:08.586642,6.586642004784175
decline_fast_recovery_bichon_02,2026-01-02 03:24:07,2026-01-02 03:24:12.551636,5.551635509732304
decline_fast_recovery_bichon_02,2026-01-02 03:30:08,2026-01-02 03:30:13.545490,5.545489613726649
decline_fast_recovery_bichon_02,2026-01-02 03:36:00,2026-01-02 03:36:06.883537,6.883536996328533
decline_fast_recovery_bichon_02,2026-01-02 03:42:55,2026-01-02 03:43:00.457262,5.457262219136335
decline_fast_recovery_bichon_02,2026-01-02 03:48:43,2026-01-02 03:48:50.935538,7.93553819376574
decline_fast_recovery_bichon_02,2026-01-02 03:54:41,2026-01-02 03:54:47.923465,6.923464552010511
decline_fast_recovery_bichon_02,2026-01-02 03:59:58,2026-01-02 04:00:00.644348,2.644348082788546
decline_fast_recovery_bichon_02,2026-01-02 03:59:31,2026-01-02 03:59:39.064956,8.064956069231075
decline_fast_recovery_bichon_02,2026-01-02 03:59:01,2026-01-02 03:59:07.734499,6.734499276834937
decline_fast_recovery_bichon_02,2026-01-02 03:59:54,2026-01-02 03:59:59.884061,5.884061494598347
decline_fast_recovery_bichon_02,2026-01-02 03:59:32,2026-01-02 03:59:38.533028,6.533028471763231
decline_fast_recovery_bichon_02,2026-01-02 03:59:44,2026-01-02 03:59:49.051005,5.051005421878533
decline_fast_recovery_bichon_02,2026-01-02 03:59:39,2026-01-02 03:59:41.948452,2.948452488821034
decline_fast_recovery_bichon_02,2026-01-02 03:59:30,2026-01-02 03:59:34.807465,4.807464844827855
decline_fast_recovery_bichon_02,2026-01-02 03:59:22,2026-01-02 03:59:24.865245,2.86524495294573
decline_fast_recovery_bichon_02,2026-01-02 03:59:12,2026-01-02 03:59:19.590362,7.590362457477094
decline_fast_recovery_bichon_02,2026-01-02 03:59:26,2026-01-02 03:59:30.918083,4.9180830799250055
decline_fast_recovery_bichon_02,2026-01-02 03:59:10,2026-01-02 03:59:16.922352,6.922352263720995
decline_fast_recovery_bichon_02,2026-01-02 03:59:00,2026-01-02 03:59:07.552176,7.552175845822459
decline_fast_recovery_bichon_02,2026-01-02 03:59:22,2026-01-02 03:59:25.998393,3.9983933224713546
decline_fast_recovery_bichon_02,2026-01-02 03:59:04,2026-01-02 03:59:09.816698,5.816697996956981
decline_fast_recovery_bichon_02,2026-01-02 03:59:54,2026-01-02 04:00:01.645217,7.645216642646219
decline_fast_recovery_bichon_02,2026-01-02 03:59:38,2026-01-02 03:59:44.079505,6.079505149511122
decline_fast_recovery_bichon_02,2026-01-02 03:59:02,2026-01-02 03:59:09.461551,7.461551287821059
decline_fast_recovery_bichon_02,2026-01-02 03:59:14,2026-01-02 03:59:20.981019,6.981018564976211
decline_fast_recovery_bichon_02,2026-01-02 03:59:48,2026-01-02 03:59:54.239285,6.239285090770279
decline_fast_recovery_bichon_02,2026-01-02 03:59:36,2026-01-02 03:59:38.809830,2.809829887668474
decline_fast_recovery_bichon_02,2026-01-02 03:59:10,2026-01-02 03:59:14.476549,4.476549155610755
decline_fast_recovery_bichon_02,2026-01-02 03:59:42,2026-01-02 03:59:44.351200,2.351200328460814
decline_fast_recovery_bichon_02,2026-01-02 03:59:07,2026-01-02 03:59:09.907558,2.907557823364778
decline_fast_recovery_bichon_02,2026-01-02 03:59:54,2026-01-02 03:59:56.243725,2.243724835207143
decline_fast_recovery_bichon_02,2026-01-02 03:59:14,2026-01-02 03:59:21.253151,7.253150775302484
decline_fast_recovery_bichon_02,2026-01-02 03:59:25,2026-01-02 03:59:29.107961,4.107960811929029
decline_fast_recovery_bichon_02,2026-01-02 03:59:26,2026-01-02 03:59:33.283045,7.28304511028381
decline_fast_recovery_bichon_02,2026-01-02 03:59:02,2026-01-02 03:59:04.567061,2.567060779749687
decline_fast_recovery_bichon_02,2026-01-02 03:59:58,2026-01-02 04:00:01.379229,3.379228793039034
decline_fast_recovery_bichon_02,2026-01-02 03:59:40,2026-01-02 03:59:43.986825,3.9868245803964215
decline_fast_recovery_bichon_02,2026-01-02 03:59:32,2026-01-02 03:59:35.551141,3.551141078660423
decline_fast_recovery_bichon_02,2026-01-02 03:59:23,2026-01-02 03:59:28.517150,5.517149781250073
decline_fast_recovery_bichon_02,2026-01-02 03:59:35,2026-01-02 03:59:42.559042,7.559041859619025
decline_fast_recovery_bichon_02,2026-01-02 20:31:44,2026-01-02 20:31:48.630396,4.6303955081722545
decline_fast_recovery_bichon_02,2026-01-02 15:46:29,2026-01-02 15:46:35.330610,6.33060966468719
decline_fast_recovery_bichon_02,2026-01-02 11:12:28,2026-01-02 11:12:32.099109,4.099108981289085
decline_fast_recovery_bichon_02,2026-01-02 13:06:41,2026-01-02 13:06:49.053251,8.053251312413185
decline_fast_recovery_bichon_02,2026-01-02 15:24:53,2026-01-02 15:24:55.472821,2.4728212155797054
decline_fast_recovery_bichon_02,2026-01-02 15:20:26,2026-01-02 15:20:31.657352,5.65735232593852
decline_fast_recovery_bichon_02,2026-01-02 20:32:26,2026-01-02 20:32:32.128457,6.128457386821789
decline_fast_recovery_bichon_02,2026-01-02 17:26:05,2026-01-02 17:26:08.871343,3.871343248958558
decline_fast_recovery_bichon_02,2026-01-02 06:41:45,2026-01-02 06:41:47.147766,2.1477656672907224
decline_fast_recovery_bichon_02,2026-01-02 18:47:02,2026-01-02 18:47:08.386375,6.386374743576622
decline_fast_recovery_bichon_02,2026-01-03 01:00:20,2026-01-03 01:00:27.080350,7.080350162500186
decline_fast_recovery_bichon_02,2026-01-03 01:06:20,2026-01-03 01:06:27.816375,7.81637462185292
decline_fast_recovery_bichon_02,2026-01-03 01:12:04,2026-01-03 01:12:06.667060,2.6670602277939914
decline_fast_recovery_bichon_02,2026-01-03 01:18:47,2026-01-03 01:18:50.632732,3.63273170689113
decline_fast_recovery_bichon_02,2026-01-03 01:24:10,2026-01-03 01:24:12.130479,2.13047940678929
decline_fast_recovery_bichon_02,2026-01-03 01:30:01,2026-01-03 01:30:03.056085,2.056084855540429
decline_fast_recovery_bichon_02,2026-01-03 01:36:42,2026-01-03 01:36:46.794237,4.794236857631664
decline_fast_recovery_bichon_02,2026-01-03 01:42:15,2026-01-03 01:42:21.027940,6.027939507063686
decline_fast_recovery_bichon_02,2026-01-03 01:48:50,2026-01-03 01:48:56.552268,6.552268437410548
decline_fast_recovery_bichon_02,2026-01-03 01:54:52,2026-01-03 01:54:54.399181,2.3991813253989966
decline_fast_recovery_bichon_02,2026-01-03 01:59:39,2026-01-03 01:59:43.047928,4.047928139814953
decline_fast_recovery_bichon_02,2026-01-03 01:59:42,2026-01-03 01:59:44.914296,2.914295884224023
decline_fast_recovery_bichon_02,2026-01-03 01:59:25,2026-01-03 01:59:32.827103,7.827103088853291
decline_fast_recovery_bichon_02,2026-01-03 01:59:12,2026-01-03 01:59:15.029458,3.0294577017747373
decline_fast_recovery_bichon_02,2026-01-03 01:59:53,2026-01-03 01:59:59.541675,6.541675272479014
decline_fast_recovery_bichon_02,2026-01-03 01:59:35,2026-01-03 01:59:38.326649,3.3266489880427423
decline_fast_recovery_bichon_02,2026-01-03 01:59:41,2026-01-03 01:59:47.756635,6.756634814135088
decline_fast_recovery_bichon_02,2026-01-03 01:59:52,2026-01-03 01:59:55.419252,3.419252281261845
decline_fast_recovery_bichon_02,2026-01-03 01:59:26,2026-01-03 01:59:28.199865,2.1998648164403907
decline_fast_recovery_bichon_02,2026-01-03 01:59:42,2026-01-03 01:59:49.466349,7.4663490753060024
decline_fast_recovery_bichon_02,2026-01-03 01:59:52,2026-01-03 01:59:56.091736,4.091735551367732
decline_fast_recovery_bichon_02,2026-01-03 01:59:04,2026-01-03 01:59:07.188172,3.18817233619629
decline_fast_recovery_bichon_02,2026-01-03 01:59:39,2026-01-03 01:59:43.724080,4.724079551414504
decline_fast_recovery_bichon_02,2026-01-03 01:59:12,2026-01-03 01:59:17.421474,5.421473687956383
decline_fast_recovery_bichon_02,2026-01-03 01:59:18,2026-01-03 01:59:25.210645,7.210645337141406
decline_fast_recovery_bichon_02,2026-01-03 01:59:28,2026-01-03 01:59:35.991521,7.991520619673529
decline_fast_recovery_bichon_02,2026-01-03 01:59:41,2026-01-03 01:59:44.961337,3.961337386132248
decline_fast_recovery_bichon_02,2026-01-03 01:59:26,2026-01-03 01:59:32.787816,6.787816406900364
decline_fast_recovery_bichon_02,2026-01-03 01:59:29,2026-01-03 01:59:31.090959,2.0909588222375586
decline_fast_recovery_bichon_02,2026-01-03 01:59:30,2026-01-03 01:59:35.490758,5.490758415209173
decline_fast_recovery_bichon_02,2026-01-03 01:59:25,2026-01-03 01:59:31.112837,6.112836770096324
decline_fast_recovery_bichon_02,2026-01-03 01:59:40,2026-01-03 01:59:45.028911,5.028911201937753
decline_fast_recovery_bichon_02,2026-01-03 01:59:45,2026-01-03 01:59:50.135016,5.135016324345541
decline_fast_recovery_bichon_02,2026-01-03 01:59:59,2026-01-03 02:00:04.442694,5.442694308011599
decline_fast_recovery_bichon_02,2026-01-03 01:59:46,2026-01-03 01:59:54.093570,8.093569808136152
decline_fast_recovery_bichon_02,2026-01-03 01:59:33,2026-01-03 01:59:38.253134,5.25313361964638
decline_fast_recovery_bichon_02,2026-01-03 01:59:48,2026-01-03 01:59:51.715388,3.7153880312466554
decline_fast_recovery_bichon_02,2026-01-03 01:59:36,2026-01-03 01:59:42.563015,6.563015461953976
decline_fast_recovery_bichon_02,2026-01-03 01:59:45,2026-01-03 01:59:49.335090,4.335090220700835
decline_fast_recovery_bichon_02,2026-01-03 01:59:15,2026-01-03 01:59:18.582782,3.5827824105631834
decline_fast_recovery_bichon_02,2026-01-03 01:59:25,2026-01-03 01:59:31.253254,6.2532544650455035
decline_fast_recovery_bichon_02,2026-01-03 18:54:44,2026-01-03 18:54:51.591742,7.591742486553774
decline_fast_recovery_bichon_02,2026-01-03 06:42:15,2026-01-03 06:42:20.602716,5.602716191981104
decline_fast_recovery_bichon_02,2026-01-03 11:13:10,2026-01-03 11:13:16.632491,6.632491018427504
decline_fast_recovery_bichon_02,2026-01-03 21:51:28,2026-01-03 21:51:34.440539,6.44053937494896
decline_fast_recovery_bichon_02,2026-01-03 17:11:50,2026-01-03 17:11:54.142069,4.14206934378007
decline_fast_recovery_bichon_02,2026-01-03 17:26:59,2026-01-03 17:27:03.622538,4.62253758392308
decline_fast_recovery_bichon_02,2026-01-03 17:39:32,2026-01-03 17:39:37.773896,5.773896309928412
decline_fast_recovery_bichon_02,2026-01-03 21:59:02,2026-01-03 21:59:08.646292,6.646292180384529
decline_fast_recovery_bichon_02,2026-01-03 20:26:14,2026-01-03 20:26:21.855396,7.855396423980916
decline_fast_recovery_bichon_02,2026-01-03 09:03:37,2026-01-03 09:03:41.276388,4.276387781020539
decline_fast_recovery_bichon_02,2026-01-04 15:00:24,2026-01-04 15:00:30.066713,6.066713349445188
decline_fast_recovery_bichon_02,2026-01-04 15:06:53,2026-01-04 15:06:59.299552,6.299552261023722
decline_fast_recovery_bichon_02,2026-01-04 15:12:37,2026-01-04 15:12:44.372511,7.372510502229816
decline_fast_recovery_bichon_02,2026-01-04 15:18:08,2026-01-04 15:18:11.445269,3.4452693732295927
decline_fast_recovery_bichon_02,2026-01-04 15:24:11,2026-01-04 15:24:17.491273,6.4912725693056945
decline_fast_recovery_bichon_02,2026-01-04 15:30:48,2026-01-04 15:30:54.653391,6.653390613879701
decline_fast_recovery_bichon_02,2026-01-04 15:36:35,2026-01-04 15:36:39.239381,4.239381044253769
decline_fast_recovery_bichon_02,2026-01-04 15:42:27,2026-01-04 15:42:33.667377,6.667376839077649
decline_fast_recovery_bichon_02,2026-01-04 15:48:50,2026-01-04 15:48:52.589770,2.589770130517782
decline_fast_recovery_bichon_02,2026-01-04 15:54:31,2026-01-04 15:54:36.131142,5.131142265371883
decline_fast_recovery_bichon_02,2026-01-04 15:59:22,2026-01-04 15:59:29.972043,7.972042523475085
decline_fast_recovery_bichon_02,2026-01-04 15:59:19,2026-01-04 15:59:21.680747,2.680746933704981
decline_fast_recovery_bichon_02,2026-01-04 15:59:05,2026-01-04 15:59:07.410008,2.4100079452969783
decline_fast_recovery_bichon_02,2026-01-04 15:59:35,2026-01-04 15:59:41.758206,6.758206370377442
decline_fast_recovery_bichon_02,2026-01-04 15:59:23,2026-01-04 15:59:26.558147,3.5581469731986948
decline_fast_recovery_bichon_02,2026-01-04 15:59:40,2026-01-04 15:59:45.230534,5.230533938577154
decline_fast_recovery_bichon_02,2026-01-04 15:59:25,2026-01-04 15:59:31.990090,6.990090061255193
decline_fast_recovery_bichon_02,2026-01-04 15:59:48,2026-01-04 15:59:51.277674,3.277674199114547
decline_fast_recovery_bichon_02,2026-01-04 10:40:59,2026-01-04 10:41:01.246971,2.2469706187534912
decline_fast_recovery_bichon_02,2026-01-04 07:14:32,2026-01-04 07:14:37.602730,5.602729720313474
decline_fast_recovery_bichon_02,2026-01-04 13:07:28,2026-01-04 13:07:34.246257,6.246256779549776
decline_fast_recovery_bichon_02,2026-01-04 11:51:48,2026-01-04 11:51:54.781669,6.78166908896656
decline_fast_recovery_bichon_02,2026-01-04 15:32:42,2026-01-04 15:32:47.779405,5.779405210298126
decline_fast_recovery_bichon_02,2026-01-04 08:43:37,2026-01-04 08:43:40.402477,3.4024765524781344
decline_fast_recovery_bichon_02,2026-01-04 07:00:15,2026-01-04 07:00:19.331735,4.331734600502536
decline_fast_recovery_bichon_02,2026-01-04 13:54:16,2026-01-04 13:54:22.206298,6.206297594991753
decline_fast_recovery_bichon_02,2026-01-04 15:13:21,2026-01-04 15:13:28.425905,7.425904529636625
decline_fast_recovery_bichon_02,2026-01-04 09:38:01,2026-01-04 09:38:05.797964,4.797964413412014
decline_fast_recovery_bichon_02,2026-01-05 02:00:56,2026-01-05 02:00:59.302963,3.302963093393236
decline_fast_recovery_bichon_02,2026-01-05 02:06:48,2026-01-05 02:06:53.489306,5.4893058983483805
decline_fast_recovery_bichon_02,2026-01-05 02:12:11,2026-01-05 02:12:18.173636,7.173636410902837
decline_fast_recovery_bichon_02,2026-01-05 02:18:53,2026-01-05 02:19:01.015017,8.015016585100378
decline_fast_recovery_bichon_02,2026-01-05 02:24:49,2026-01-05 02:24:56.035005,7.035005256599821
decline_fast_recovery_bichon_02,2026-01-05 02:30:33,2026-01-05 02:30:41.101459,8.101459043369498
decline_fast_recovery_bichon_02,2026-01-05 02:36:59,2026-01-05 02:37:04.344100,5.344099597556714
decline_fast_recovery_bichon_02,2026-01-05 02:42:00,2026-01-05 02:42:07.698751,7.698751325850976
decline_fast_recovery_bichon_02,2026-01-05 02:48:14,2026-01-05 02:48:19.340894,5.340893517338031
decline_fast_recovery_bichon_02,2026-01-05 02:54:29,2026-01-05 02:54:35.923615,6.923614990262602
decline_fast_recovery_bichon_02,2026-01-05 02:59:04,2026-01-05 02:59:11.712346,7.712345796797487
decline_fast_recovery_bichon_02,2026-01-05 02:59:06,2026-01-05 02:59:12.746754,6.746753992683316
decline_fast_recovery_bichon_02,2026-01-05 02:59:49,2026-01-05 02:59:55.227105,6.227105177599724
decline_fast_recovery_bichon_02,2026-01-05 02:59:44,2026-01-05 02:59:52.183351,8.183351446406748
decline_fast_recovery_bichon_02,2026-01-05 02:59:54,2026-01-05 02:59:58.428071,4.428070975136247
decline_fast_recovery_bichon_02,2026-01-05 06:14:38,2026-01-05 06:14:40.244091,2.2440907582313
decline_fast_recovery_bichon_02,2026-01-05 19:20:54,2026-01-05 19:20:57.998206,3.998205874840263
decline_fast_recovery_bichon_02,2026-01-05 07:07:49,2026-01-05 07:07:52.492137,3.4921370587472413
decline_fast_recovery_bichon_02,2026-01-05 16:33:43,2026-01-05 16:33:47.123774,4.123773994140865
decline_fast_recovery_bichon_02,2026-01-05 15:00:29,2026-01-05 15:00:35.585412,6.585412450031006
decline_fast_recovery_bichon_02,2026-01-05 14:30:42,2026-01-05 14:30:44.192536,2.192536348075493
decline_fast_recovery_bichon_02,2026-01-05 11:46:32,2026-01-05 11:46:39.840654,7.840653609499815
decline_fast_recovery_bichon_02,2026-01-05 08:37:08,2026-01-05 08:37:10.764364,2.7643642887968323
decline_fast_recovery_bichon_02,2026-01-05 10:13:19,2026-01-05 10:13:22.785865,3.7858653096296098
decline_fast_recovery_bichon_02,2026-01-05 21:25:08,2026-01-05 21:25:12.305844,4.305844105865929
decline_fast_recovery_bichon_02,2026-01-06 00:00:04,2026-01-06 00:00:11.607924,7.607923986183508
decline_fast_recovery_bichon_02,2026-01-06 00:06:27,2026-01-06 00:06:31.206064,4.206063833601143
decline_fast_recovery_bichon_02,2026-01-06 00:12:17,2026-01-06 00:12:20.671984,3.671983739409941
decline_fast_recovery_bichon_02,2026-01-06 00:18:23,2026-01-06 00:18:26.438521,3.4385209197320137
decline_fast_recovery_bichon_02,2026-01-06 00:24:50,2026-01-06 00:24:53.482006,3.482005934910594
decline_fast_recovery_bichon_02,2026-01-06 00:30:26,2026-01-06 00:30:33.989734,7.989733714083227
decline_fast_recovery_bichon_02,2026-01-06 00:36:02,2026-01-06 00:36:05.113673,3.113672555828946
decline_fast_recovery_bichon_02,2026-01-06 00:42:36,2026-01-06 00:42:43.590143,7.590142583562726
decline_fast_recovery_bichon_02,2026-01-06 00:48:14,2026-01-06 00:48:19.466188,5.4661881397147
decline_fast_recovery_bichon_02,2026-01-06 00:54:34,2026-01-06 00:54:39.263838,5.263838125281039
decline_fast_recovery_bichon_02,2026-01-06 00:59:23,2026-01-06 00:59:26.388481,3.3884812802880946
decline_fast_recovery_bichon_02,2026-01-06 00:59:57,2026-01-06 00:59:59.272633,2.2726326633417813
decline_fast_recovery_bichon_02,2026-01-06 00:59:50,2026-01-06 00:59:54.940420,4.940420144214105
decline_fast_recovery_bichon_02,2026-01-06 00:59:24,2026-01-06 00:59:28.618943,4.618943016966114
decline_fast_recovery_bichon_02,2026-01-06 00:59:39,2026-01-06 00:59:41.122819,2.1228191430918106
decline_fast_recovery_bichon_02,2026-01-06 00:59:05,2026-01-06 00:59:10.183821,5.183820738507712
decline_fast_recovery_bichon_02,2026-01-06 00:59:35,2026-01-06 00:59:42.022883,7.022882948425118
decline_fast_recovery_bichon_02,2026-01-06 00:59:54,2026-01-06 01:00:01.269114,7.269114255180502
decline_fast_recovery_bichon_02,2026-01-06 00:59:20,2026-01-06 00:59:22.880912,2.880912134370582
decline_fast_recovery_bichon_02,2026-01-06 00:59:41,2026-01-06 00:59:48.298216,7.298215871377205
decline_fast_recovery_bichon_02,2026-01-06 00:59:28,2026-01-06 00:59:31.272284,3.2722841250940613
decline_fast_recovery_bichon_02,2026-01-06 00:59:50,2026-01-06 00:59:55.628457,5.6284565282999734
decline_fast_recovery_bichon_02,2026-01-06 00:59:02,2026-01-06 00:59:07.216161,5.216160524286911
decline_fast_recovery_bichon_02,2026-01-06 00:59:16,2026-01-06 00:59:18.892594,2.892593646952781
decline_fast_recovery_bichon_02,2026-01-06 00:59:35,2026-01-06 00:59:41.301756,6.3017558658305655
decline_fast_recovery_bichon_02,2026-01-06 00:59:17,2026-01-06 00:59:22.758943,5.758943297860086
decline_fast_recovery_bichon_02,2026-01-06 00:59:19,2026-01-06 00:59:24.067291,5.067291456871898
decline_fast_recovery_bichon_02,2026-01-06 00:59:01,2026-01-06 00:59:03.612437,2.612436755673441
decline_fast_recovery_bichon_02,2026-01-06 00:59:39,2026-01-06 00:59:46.194472,7.194471743212916
decline_fast_recovery_bichon_02,2026-01-06 00:59:41,2026-01-06 00:59:46.159998,5.159998316311952
decline_fast_recovery_bichon_02,2026-01-06 00:59:51,2026-01-06 00:59:55.781553,4.781553274927233
decline_fast_recovery_bichon_02,2026-01-06 14:05:35,2026-01-06 14:05:41.292461,6.292461318765505
decline_fast_recovery_bichon_02,2026-01-06 07:59:46,2026-01-06 07:59:52.490175,6.490174841099382
decline_fast_recovery_bichon_02,2026-01-06 10:50:27,2026-01-06 10:50:33.857880,6.857879711016339
decline_fast_recovery_bichon_02,2026-01-06 06:31:55,2026-01-06 06:32:01.966738,6.966738391835841
decline_fast_recovery_bichon_02,2026-01-06 11:19:31,2026-01-06 11:19:35.535751,4.535751175232923
decline_fast_recovery_bichon_02,2026-01-06 18:56:06,2026-01-06 18:56:12.689924,6.689924374795216
decline_fast_recovery_bichon_02,2026-01-06 06:17:39,2026-01-06 06:17:42.565018,3.565017815442914
decline_fast_recovery_bichon_02,2026-01-06 07:22:51,2026-01-06 07:22:57.458411,6.458411219987288
decline_fast_recovery_bichon_02,2026-01-06 08:32:58,2026-01-06 08:33:01.147196,3.147196085489947
decline_fast_recovery_bichon_02,2026-01-06 09:23:35,2026-01-06 09:23:41.837354,6.837353796825232
decline_fast_recovery_bichon_02,2026-01-07 18:00:33,2026-01-07 18:00:40.836242,7.836242035527675
decline_fast_recovery_bichon_02,2026-01-07 18:06:07,2026-01-07 18:06:11.630646,4.630645667888104
decline_fast_recovery_bichon_02,2026-01-07 18:12:41,2026-01-07 18:12:44.581791,3.58179099844444
decline_fast_recovery_bichon_02,2026-01-07 18:18:46,2026-01-07 18:18:53.634660,7.634660494974516
decline_fast_recovery_bichon_02,2026-01-07 18:24:54,2026-01-07 18:24:56.574419,2.5744194567459027
decline_fast_recovery_bichon_02,2026-01-07 18:30:17,2026-01-07 18:30:23.473880,6.4738801277733
decline_fast_recovery_bichon_02,2026-01-07 18:36:43,2026-01-07 18:36:50.171399,7.171399342958239
decline_fast_recovery_bichon_02,2026-01-07 18:42:08,2026-01-07 18:42:10.318513,2.3185129435416316
decline_fast_recovery_bichon_02,2026-01-07 18:48:04,2026-01-07 18:48:07.936757,3.936757433236939
decline_fast_recovery_bichon_02,2026-01-07 18:54:17,2026-01-07 18:54:20.833596,3.8335962869080777
decline_fast_recovery_bichon_02,2026-01-07 18:59:46,2026-01-07 18:59:51.356022,5.35602186011059
decline_fast_recovery_bichon_02,2026-01-07 18:59:13,2026-01-07 18:59:18.510776,5.5107761046071015
decline_fast_recovery_bichon_02,2026-01-07 18:59:48,2026-01-07 18:59:55.708272,7.708271640500857
decline_fast_recovery_bichon_02,2026-01-07 18:59:52,2026-01-07 18:59:54.708572,2.708571512569411
decline_fast_recovery_bichon_02,2026-01-07 18:59:54,2026-01-07 18:59:59.148501,5.148501233444973
decline_fast_recovery_bichon_02,2026-01-07 18:59:45,2026-01-07 18:59:49.322840,4.322840130165253
decline_fast_recovery_bichon_02,2026-01-07 18:59:00,2026-01-07 18:59:03.422695,3.422694741094913
decline_fast_recovery_bichon_02,2026-01-07 18:59:51,2026-01-07 18:59:53.907371,2.9073712539109193
decline_fast_recovery_bichon_02,2026-01-07 18:59:37,2026-01-07 18:59:40.216303,3.2163033909651157
decline_fast_recovery_bichon_02,2026-01-07 18:59:49,2026-01-07 18:59:57.185363,8.18536252050066
decline_fast_recovery_bichon_02,2026-01-07 18:59:38,2026-01-07 18:59:44.821550,6.82154958602733
decline_fast_recovery_bichon_02,2026-01-07 18:59:26,2026-01-07 18:59:32.012352,6.012352155943356
decline_fast_recovery_bichon_02,2026-01-07 18:59:44,2026-01-07 18:59:47.980868,3.9808683116702355
decline_fast_recovery_bichon_02,2026-01-07 18:59:58,2026-01-07 19:00:04.355278,6.355277742188936
decline_fast_recovery_bichon_02,2026-01-07 18:59:33,2026-01-07 18:59:36.693617,3.6936169211771257
decline_fast_recovery_bichon_02,2026-01-07 18:59:54,2026-01-07 18:59:57.543768,3.543767815041621
decline_fast_recovery_bichon_02,2026-01-07 18:59:30,2026-01-07 18:59:37.336092,7.336091941496734
decline_fast_recovery_bichon_02,2026-01-07 18:59:24,2026-01-07 18:59:30.760463,6.760462697093965
decline_fast_recovery_bichon_02,2026-01-07 18:59:09,2026-01-07 18:59:16.820233,7.82023323599339
decline_fast_recovery_bichon_02,2026-01-07 18:59:31,2026-01-07 18:59:37.556207,6.556206980307604
decline_fast_recovery_bichon_02,2026-01-07 18:59:38,2026-01-07 18:59:41.537522,3.537522149728815
decline_fast_recovery_bichon_02,2026-01-07 18:59:43,2026-01-07 18:59:49.614370,6.614370042698496
decline_fast_recovery_bichon_02,2026-01-07 18:59:09,2026-01-07 18:59:13.766962,4.76696159030202
decline_fast_recovery_bichon_02,2026-01-07 18:59:12,2026-01-07 18:59:18.691724,6.6917239194916185
decline_fast_recovery_bichon_02,2026-01-07 13:08:35,2026-01-07 13:08:42.983771,7.983771063670243
decline_fast_recovery_bichon_02,2026-01-07 20:30:06,2026-01-07 20:30:09.553083,3.5530829405763926
decline_fast_recovery_bichon_02,2026-01-07 11:57:01,2026-01-07 11:57:05.754055,4.75405544669111
decline_fast_recovery_bichon_02,2026-01-07 09:05:54,2026-01-07 09:05:59.221349,5.221349147318197
decline_fast_recovery_bichon_02,2026-01-07 12:14:50,2026-01-07 12:14:55.806057,5.806057366893615
decline_fast_recovery_bichon_02,2026-01-07 21:31:38,2026-01-07 21:31:45.099037,7.099037375771086
decline_fast_recovery_bichon_02,2026-01-07 09:04:57,2026-01-07 09:05:02.112291,5.112290639655508
decline_fast_recovery_bichon_02,2026-01-07 21:36:29,2026-01-07 21:36:33.774627,4.774627355048558
decline_fast_recovery_bichon_02,2026-01-07 14:51:58,2026-01-07 14:52:05.062946,7.062946169959194
decline_fast_recovery_bichon_02,2026-01-07 16:32:49,2026-01-07 16:32:51.725441,2.7254411746972123
decline_fast_recovery_bichon_02,2026-01-08 23:00:30,2026-01-08 23:00:33.157738,3.1577381672178446
decline_fast_recovery_bichon_02,2026-01-08 23:06:54,2026-01-08 23:06:59.111252,5.111251789814963
decline_fast_recovery_bichon_02,2026-01-08 23:12:16,2026-01-08 23:12:21.098068,5.098067585210942
decline_fast_recovery_bichon_02,2026-01-08 23:18:14,2026-01-08 23:18:20.288586,6.288585867103
decline_fast_recovery_bichon_02,2026-01-08 23:24:09,2026-01-08 23:24:16.179586,7.179585763313878
decline_fast_recovery_bichon_02,2026-01-08 23:30:52,2026-01-08 23:30:56.653747,4.653746504703029
decline_fast_recovery_bichon_02,2026-01-08 23:36:31,2026-01-08 23:36:35.220352,4.220351958967199
decline_fast_recovery_bichon_02,2026-01-08 23:42:28,2026-01-08 23:42:31.363635,3.363635442900762
decline_fast_recovery_bichon_02,2026-01-08 18:51:21,2026-01-08 18:51:24.669895,3.669894748358429
decline_fast_recovery_bichon_02,2026-01-08 20:34:05,2026-01-08 20:34:11.797298,6.7972983771012405
decline_fast_recovery_bichon_02,2026-01-08 07:46:55,2026-01-08 07:46:59.404507,4.404506817712882
decline_fast_recovery_bichon_02,2026-01-08 07:09:48,2026-01-08 07:09:51.034632,3.0346320440591175
decline_fast_recovery_bichon_02,2026-01-08 08:51:35,2026-01-08 08:51:41.970116,6.970116223536793
decline_fast_recovery_bichon_02,2026-01-08 06:34:44,2026-01-08 06:34:46.967063,2.9670632643290884
decline_fast_recovery_bichon_02,2026-01-08 11:05:18,2026-01-08 11:05:25.541361,7.541360784524807
decline_fast_recovery_bichon_02,2026-01-08 21:52:03,2026-01-08 21:52:07.530664,4.530664084368291
decline_fast_recovery_bichon_02,2026-01-08 12:06:29,2026-01-08 12:06:34.830343,5.830342740023134
decline_fast_recovery_bichon_02,2026-01-08 19:16:15,2026-01-08 19:16:19.555914,4.555913840355156
decline_fast_recovery_bichon_02,2026-01-09 05:00:46,2026-01-09 05:00:51.898327,5.898326639442342
decline_fast_recovery_bichon_02,2026-01-09 05:06:21,2026-01-09 05:06:28.627380,7.627380309551536
decline_fast_recovery_bichon_02,2026-01-09 05:12:23,2026-01-09 05:12:28.732487,5.732487174763851
decline_fast_recovery_bichon_02,2026-01-09 05:18:41,2026-01-09 05:18:46.195738,5.195738286753119
decline_fast_recovery_bichon_02,2026-01-09 05:24:05,2026-01-09 05:24:11.773207,6.773207259312217
decline_fast_recovery_bichon_02,2026-01-09 05:30:15,2026-01-09 05:30:18.115377,3.1153774904270723
decline_fast_recovery_bichon_02,2026-01-09 05:36:05,2026-01-09 05:36:08.466425,3.4664247387303093
decline_fast_recovery_bichon_02,2026-01-09 05:42:28,2026-01-09 05:42:33.119643,5.1196434341518495
decline_fast_recovery_bichon_02,2026-01-09 05:48:29,2026-01-09 05:48:31.469130,2.469129500542648
decline_fast_recovery_bichon_02,2026-01-09 05:54:38,2026-01-09 05:54:41.440603,3.44060316591508
decline_fast_recovery_bichon_02,2026-01-09 05:59:14,2026-01-09 05:59:19.478994,5.478994046151896
decline_fast_recovery_bichon_02,2026-01-09 05:59:53,2026-01-09 06:00:00.432903,7.432902733616529
decline_fast_recovery_bichon_02,2026-01-09 05:59:46,2026-01-09 05:59:52.844198,6.8441975127936026
decline_fast_recovery_bichon_02,2026-01-09 05:59:29,2026-01-09 05:59:36.910264,7.910263996534922
decline_fast_recovery_bichon_02,2026-01-09 05:59:23,2026-01-09 05:59:28.746542,5.746541889904022
decline_fast_recovery_bichon_02,2026-01-09 06:51:41,2026-01-09 06:51:45.812068,4.812067557178364
decline_fast_recovery_bichon_02,2026-01-09 16:19:35,2026-01-09 16:19:39.233883,4.233883362826882
decline_fast_recovery_bichon_02,2026-01-09 12:01:00,2026-01-09 12:01:06.926144,6.926144067181161
decline_fast_recovery_bichon_02,2026-01-09 08:31:29,2026-01-09 08:31:34.328292,5.328291614142705
decline_fast_recovery_bichon_02,2026-01-09 06:41:31,2026-01-09 06:41:38.184257,7.184257372534588
decline_fast_recovery_bichon_02,2026-01-09 09:08:01,2026-01-09 09:08:05.828253,4.82825322795308
decline_fast_recovery_bichon_02,2026-01-09 15:27:17,2026-01-09 15:27:24.582740,7.58274018467011
decline_fast_recovery_bichon_02,2026-01-09 08:39:03,2026-01-09 08:39:10.997080,7.9970801769999955
decline_fast_recovery_bichon_02,2026-01-09 20:55:37,2026-01-09 20:55:39.538646,2.538645971810127
decline_fast_recovery_bichon_02,2026-01-09 08:58:56,2026-01-09 08:59:03.815929,7.815928999133984
decline_fast_recovery_bichon_02,2026-01-10 03:00:45,2026-01-10 03:00:48.450781,3.450781081829943
decline_fast_recovery_bichon_02,2026-01-10 03:06:05,2026-01-10 03:06:07.659663,2.659662774169022
decline_fast_recovery_bichon_02,2026-01-10 03:12:35,2026-01-10 03:12:37.904273,2.904272580423399
decline_fast_recovery_bichon_02,2026-01-10 03:18:19,2026-01-10 03:18:26.959899,7.959898692013173
decline_fast_recovery_bichon_02,2026-01-10 03:24:30,2026-01-10 03:24:33.132182,3.1321815111468534
decline_fast_recovery_bichon_02,2026-01-10 03:30:41,2026-01-10 03:30:48.884546,7.884546410240118
decline_fast_recovery_bichon_02,2026-01-10 03:36:13,2026-01-10 03:36:21.079553,8.079553153803861
decline_fast_recovery_bichon_02,2026-01-10 03:42:32,2026-01-10 03:42:38.251210,6.251210313161874
decline_fast_recovery_bichon_02,2026-01-10 03:48:10,2026-01-10 03:48:16.530620,6.530620135218151
decline_fast_recovery_bichon_02,2026-01-10 03:54:25,2026-01-10 03:54:31.428842,6.428842365708362
decline_fast_recovery_bichon_02,2026-01-10 03:59:16,2026-01-10 03:59:23.284025,7.284024818634447
decline_fast_recovery_bichon_02,2026-01-10 06:10:23,2026-01-10 06:10:29.938610,6.938610004020587
decline_fast_recovery_bichon_02,2026-01-10 11:10:28,2026-01-10 11:10:33.149394,5.1493944242591105
decline_fast_recovery_bichon_02,2026-01-10 06:38:54,2026-01-10 06:38:59.670502,5.670501711529809
decline_fast_recovery_bichon_02,2026-01-10 11:15:01,2026-01-10 11:15:04.111678,3.111677857075861
decline_fast_recovery_bichon_02,2026-01-10 21:17:22,2026-01-10 21:17:28.371954,6.371953865912627
decline_fast_recovery_bichon_02,2026-01-10 18:26:31,2026-01-10 18:26:33.962827,2.962826643715443
decline_fast_recovery_bichon_02,2026-01-10 09:54:23,2026-01-10 09:54:25.538728,2.5387280729775714
decline_fast_recovery_bichon_02,2026-01-10 11:33:42,2026-01-10 11:33:47.615600,5.615600144882143
decline_fast_recovery_bichon_02,2026-01-10 15:34:51,2026-01-10 15:34:55.688605,4.688605454848088
decline_fast_recovery_bichon_02,2026-01-10 07:51:21,2026-01-10 07:51:24.074779,3.074779340172536
decline_fast_recovery_bichon_02,2026-01-11 12:00:09,2026-01-11 12:00:16.207930,7.207929787505605
decline_fast_recovery_bichon_02,2026-01-11 12:06:49,2026-01-11 12:06:53.239652,4.239651535110702
decline_fast_recovery_bichon_02,2026-01-11 12:12:57,2026-01-11 12:13:01.700919,4.700919065656763
decline_fast_recovery_bichon_02,2026-01-11 12:18:32,2026-01-11 12:18:40.013036,8.013035505831214
decline_fast_recovery_bichon_02,2026-01-11 12:24:56,2026-01-11 12:25:04.121237,8.121237026484264
decline_fast_recovery_bichon_02,2026-01-11 12:30:51,2026-01-11 12:30:57.430603,6.43060281518236
decline_fast_recovery_bichon_02,2026-01-11 12:36:04,2026-01-11 12:36:07.552372,3.5523722445209827
decline_fast_recovery_bichon_02,2026-01-11 12:42:01,2026-01-11 12:42:05.177959,4.177958563434929
decline_fast_recovery_bichon_02,2026-01-11 12:48:17,2026-01-11 12:48:20.613849,3.6138487152483467
decline_fast_recovery_bichon_02,2026-01-11 12:54:49,2026-01-11 12:54:55.906200,6.906199739394722
decline_fast_recovery_bichon_02,2026-01-11 12:59:41,2026-01-11 12:59:43.202749,2.2027486839818886
decline_fast_recovery_bichon_02,2026-01-11 12:59:39,2026-01-11 12:59:45.843037,6.843037258849412
decline_fast_recovery_bichon_02,2026-01-11 12:59:46,2026-01-11 12:59:51.365102,5.365101588400032
decline_fast_recovery_bichon_02,2026-01-11 12:59:28,2026-01-11 12:59:31.204982,3.204981783947027
decline_fast_recovery_bichon_02,2026-01-11 12:59:33,2026-01-11 12:59:37.279150,4.2791496400724895
decline_fast_recovery_bichon_02,2026-01-11 12:59:10,2026-01-11 12:59:15.285597,5.285596575150668
decline_fast_recovery_bichon_02,2026-01-11 12:59:45,2026-01-11 12:59:51.769982,6.7699818737202975
decline_fast_recovery_bichon_02,2026-01-11 12:59:45,2026-01-11 12:59:47.191056,2.1910558830004105
decline_fast_recovery_bichon_02,2026-01-11 12:59:21,2026-01-11 12:59:28.923117,7.923116707804071
decline_fast_recovery_bichon_02,2026-01-11 12:59:19,2026-01-11 12:59:25.120946,6.120946423029114
decline_fast_recovery_bichon_02,2026-01-11 12:59:15,2026-01-11 12:59:19.465410,4.465410257823146
decline_fast_recovery_bichon_02,2026-01-11 12:59:38,2026-01-11 12:59:41.165373,3.1653730882299347
decline_fast_recovery_bichon_02,2026-01-11 12:59:40,2026-01-11 12:59:43.279486,3.279486309677913
decline_fast_recovery_bichon_02,2026-01-11 12:59:16,2026-01-11 12:59:23.432824,7.432823838228782
decline_fast_recovery_bichon_02,2026-01-11 12:59:34,2026-01-11 12:59:39.502749,5.5027488151058375
decline_fast_recovery_bichon_02,2026-01-11 12:59:37,2026-01-11 12:59:43.702966,6.702965631180863
decline_fast_recovery_bichon_02,2026-01-11 12:59:56,2026-01-11 13:00:01.415080,5.415079813495445
decline_fast_recovery_bichon_02,2026-01-11 12:59:16,2026-01-11 12:59:19.073390,3.073390367280082
decline_fast_recovery_bichon_02,2026-01-11 12:59:39,2026-01-11 12:59:41.502699,2.502699437605209
decline_fast_recovery_bichon_02,2026-01-11 12:59:38,2026-01-11 12:59:42.838987,4.8389871714243196
decline_fast_recovery_bichon_02,2026-01-11 12:59:00,2026-01-11 12:59:07.485304,7.485304063557923
decline_fast_recovery_bichon_02,2026-01-11 12:59:46,2026-01-11 12:59:52.669891,6.669891168608032
decline_fast_recovery_bichon_02,2026-01-11 12:59:26,2026-01-11 12:59:29.420848,3.4208482573443777
decline_fast_recovery_bichon_02,2026-01-11 12:59:00,2026-01-11 12:59:05.220229,5.220229170273034
decline_fast_recovery_bichon_02,2026-01-11 12:59:27,2026-01-11 12:59:32.440496,5.440495721414721
decline_fast_recovery_bichon_02,2026-01-11 12:59:48,2026-01-11 12:59:50.419537,2.419536608095958
decline_fast_recovery_bichon_02,2026-01-11 12:59:35,2026-01-11 12:59:37.666007,2.666006781575193
decline_fast_recovery_bichon_02,2026-01-11 12:59:16,2026-01-11 12:59:21.659205,5.659204502647179
decline_fast_recovery_bichon_02,2026-01-11 12:59:23,2026-01-11 12:59:26.442470,3.4424701509720324
decline_fast_recovery_bichon_02,2026-01-11 12:59:33,2026-01-11 12:59:39.674501,6.6745011633463935
decline_fast_recovery_bichon_02,2026-01-11 12:03:07,2026-01-11 12:03:13.673784,6.673783751042155
decline_fast_recovery_bichon_02,2026-01-11 12:51:59,2026-01-11 12:52:01.662838,2.662837688117646
decline_fast_recovery_bichon_02,2026-01-11 17:39:37,2026-01-11 17:39:43.136523,6.136522581885374
decline_fast_recovery_bichon_02,2026-01-11 14:32:16,2026-01-11 14:32:23.030094,7.030094110965214
decline_fast_recovery_bichon_02,2026-01-11 20:06:49,2026-01-11 20:06:51.380226,2.380226219342596
decline_fast_recovery_bichon_02,2026-01-11 08:42:06,2026-01-11 08:42:12.425738,6.425737900327313
decline_fast_recovery_bichon_02,2026-01-11 17:11:02,2026-01-11 17:11:07.233494,5.233494150820368
decline_fast_recovery_bichon_02,2026-01-11 08:58:41,2026-01-11 08:58:48.022284,7.022283658423298
decline_fast_recovery_bichon_02,2026-01-11 17:03:47,2026-01-11 17:03:49.187063,2.187062948200788
decline_fast_recovery_bichon_02,2026-01-11 08:49:59,2026-01-11 08:50:06.187292,7.18729232240535
decline_fast_recovery_bichon_02,2026-01-12 01:00:31,2026-01-12 01:00:34.916690,3.916689738246147
decline_fast_recovery_bichon_02,2026-01-12 01:06:52,2026-01-12 01:06:55.037571,3.0375708687880105
decline_fast_recovery_bichon_02,2026-01-12 01:12:14,2026-01-12 01:12:20.764292,6.764292120297466
decline_fast_recovery_bichon_02,2026-01-12 01:18:40,2026-01-12 01:18:48.005703,8.005703123295637
decline_fast_recovery_bichon_02,2026-01-12 01:24:01,2026-01-12 01:24:03.126577,2.126577221618205
decline_fast_recovery_bichon_02,2026-01-12 01:30:28,2026-01-12 01:30:35.313315,7.313314927696232
decline_fast_recovery_bichon_02,2026-01-12 01:36:21,2026-01-12 01:36:23.656155,2.6561550141440216
decline_fast_recovery_bichon_02,2026-01-12 01:42:45,2026-01-12 01:42:48.253826,3.253825651642053
decline_fast_recovery_bichon_02,2026-01-12 01:48:56,2026-01-12 01:48:58.204885,2.204885448036526
decline_fast_recovery_bichon_02,2026-01-12 01:54:22,2026-01-12 01:54:27.722797,5.722796619919859
decline_fast_recovery_bichon_02,2026-01-12 01:59:05,2026-01-12 01:59:09.668402,4.668401708028671
decline_fast_recovery_bichon_02,2026-01-12 01:59:35,2026-01-12 01:59:38.505739,3.5057387275600855
decline_fast_recovery_bichon_02,2026-01-12 01:59:53,2026-01-12 01:59:57.429279,4.42927900055376
decline_fast_recovery_bichon_02,2026-01-12 01:59:49,2026-01-12 01:59:57.044811,8.044811190710943
decline_fast_recovery_bichon_02,2026-01-12 01:59:50,2026-01-12 01:59:56.399689,6.399688956906997
decline_fast_recovery_bichon_02,2026-01-12 01:59:35,2026-01-12 01:59:42.748199,7.748199053535053
decline_fast_recovery_bichon_02,2026-01-12 01:59:47,2026-01-12 01:59:54.800045,7.800044727326298
decline_fast_recovery_bichon_02,2026-01-12 01:59:49,2026-01-12 01:59:51.276012,2.276012177963762
decline_fast_recovery_bichon_02,2026-01-12 01:59:30,2026-01-12 01:59:35.236834,5.236834092689488
decline_fast_recovery_bichon_02,2026-01-12 01:59:09,2026-01-12 01:59:11.941020,2.9410201209501796
decline_fast_recovery_bichon_02,2026-01-12 01:59:29,2026-01-12 01:59:32.069163,3.06916273893118
decline_fast_recovery_bichon_02,2026-01-12 08:43:33,2026-01-12 08:43:38.843213,5.843213468472463
decline_fast_recovery_bichon_02,2026-01-12 09:46:26,2026-01-12 09:46:29.414027,3.414026544696665
decline_fast_recovery_bichon_02,2026-01-12 10:43:26,2026-01-12 10:43:33.803995,7.803995311149612
decline_fast_recovery_bichon_02,2026-01-12 09:09:46,2026-01-12 09:09:52.584319,6.5843192950883855
decline_fast_recovery_bichon_02,2026-01-12 07:08:02,2026-01-12 07:08:04.722085,2.72208499084502
decline_fast_recovery_bichon_02,2026-01-12 21:19:24,2026-01-12 21:19:31.325551,7.325551372303555
decline_fast_recovery_bichon_02,2026-01-12 20:28:55,2026-01-12 20:29:02.161297,7.161297268751511
decline_fast_recovery_bichon_02,2026-01-12 06:50:20,2026-01-12 06:50:25.703743,5.703742538409309
decline_fast_recovery_bichon_02,2026-01-12 19:45:32,2026-01-12 19:45:37.713700,5.7136997111829775
decline_fast_recovery_bichon_02,2026-01-12 16:07:25,2026-01-12 16:07:28.362052,3.362051620916925
decline_fast_recovery_bichon_02,2026-01-13 16:00:34,2026-01-13 16:00:39.515904,5.515904357560388
decline_fast_recovery_bichon_02,2026-01-13 16:06:22,2026-01-13 16:06:27.094427,5.094426755036969
decline_fast_recovery_bichon_02,2026-01-13 16:12:46,2026-01-13 16:12:48.258458,2.258458052958903
decline_fast_recovery_bichon_02,2026-01-13 16:18:26,2026-01-13 16:18:32.903065,6.903065163561841
decline_fast_recovery_bichon_02,2026-01-13 16:24:33,2026-01-13 16:24:40.454068,7.45406770611781
decline_fast_recovery_bichon_02,2026-01-13 16:30:15,2026-01-13 16:30:19.113340,4.113339832407659
decline_fast_recovery_bichon_02,2026-01-13 16:36:23,2026-01-13 16:36:28.819279,5.8192788534678535
decline_fast_recovery_bichon_02,2026-01-13 16:42:40,2026-01-13 16:42:47.093698,7.093698427228632
decline_fast_recovery_bichon_02,2026-01-13 16:48:40,2026-01-13 16:48:45.347174,5.34717424140935
decline_fast_recovery_bichon_02,2026-01-13 16:54:34,2026-01-13 16:54:41.339034,7.339033755394022
decline_fast_recovery_bichon_02,2026-01-13 16:59:50,2026-01-13 16:59:55.878324,5.878323550292365
decline_fast_recovery_bichon_02,2026-01-13 16:59:15,2026-01-13 16:59:20.055091,5.055090514265173
decline_fast_recovery_bichon_02,2026-01-13 16:59:05,2026-01-13 16:59:09.899861,4.8998610734111425
decline_fast_recovery_bichon_02,2026-01-13 16:59:36,2026-01-13 16:59:42.560474,6.560474295355046
decline_fast_recovery_bichon_02,2026-01-13 16:59:08,2026-01-13 16:59:10.443087,2.4430872790171114
decline_fast_recovery_bichon_02,2026-01-13 16:59:00,2026-01-13 16:59:05.716295,5.716295038183669
decline_fast_recovery_bichon_02,2026-01-13 16:59:43,2026-01-13 16:59:47.772135,4.772134642420799
decline_fast_recovery_bichon_02,2026-01-13 16:59:38,2026-01-13 16:59:40.752221,2.752220893876966
decline_fast_recovery_bichon_02,2026-01-13 16:59:01,2026-01-13 16:59:08.859989,7.859989488124473
decline_fast_recovery_bichon_02,2026-01-13 16:59:40,2026-01-13 16:59:47.175170,7.175169976056174
decline_fast_recovery_bichon_02,2026-01-13 16:59:40,2026-01-13 16:59:45.430667,5.4306673436348785
decline_fast_recovery_bichon_02,2026-01-13 16:59:09,2026-01-13 16:59:12.255452,3.255452327558875
decline_fast_recovery_bichon_02,2026-01-13 16:59:59,2026-01-13 17:00:05.044967,6.044967144834612
decline_fast_recovery_bichon_02,2026-01-13 16:59:52,2026-01-13 16:59:57.920422,5.920421641253961
decline_fast_recovery_bichon_02,2026-01-13 16:59:04,2026-01-13 16:59:09.546604,5.546603791475568
decline_fast_recovery_bichon_02,2026-01-13 16:59:45,2026-01-13 16:59:50.941601,5.9416007258841725
decline_fast_recovery_bichon_02,2026-01-13 16:59:08,2026-01-13 16:59:15.363611,7.363610553794323
decline_fast_recovery_bichon_02,2026-01-13 16:59:40,2026-01-13 16:59:46.329780,6.329780455949212
decline_fast_recovery_bichon_02,2026-01-13 16:59:27,2026-01-13 16:59:31.742148,4.742148033699913
decline_fast_recovery_bichon_02,2026-01-13 16:59:11,2026-01-13 16:59:17.066142,6.066142422675847
decline_fast_recovery_bichon_02,2026-01-13 16:59:16,2026-01-13 16:59:20.218850,4.218849712079637
decline_fast_recovery_bichon_02,2026-01-13 16:59:47,2026-01-13 16:59:50.564920,3.5649203169659596
decline_fast_recovery_bichon_02,2026-01-13 16:59:10,2026-01-13 16:59:17.746264,7.746264466727045
decline_fast_recovery_bichon_02,2026-01-13 16:59:39,2026-01-13 16:59:43.156554,4.156553743333358
decline_fast_recovery_bichon_02,2026-01-13 16:59:42,2026-01-13 16:59:45.244318,3.2443178730082924
decline_fast_recovery_bichon_02,2026-01-13 16:59:02,2026-01-13 16:59:07.960661,5.9606614502408455
decline_fast_recovery_bichon_02,2026-01-13 16:59:21,2026-01-13 16:59:28.976806,7.976805819538998
decline_fast_recovery_bichon_02,2026-01-13 16:59:01,2026-01-13 16:59:03.143331,2.14333111727728
decline_fast_recovery_bichon_02,2026-01-13 16:59:24,2026-01-13 16:59:29.841353,5.841352823180822
decline_fast_recovery_bichon_02,2026-01-13 16:59:40,2026-01-13 16:59:44.654823,4.654822987016681
decline_fast_recovery_bichon_02,2026-01-13 16:59:46,2026-01-13 16:59:53.082148,7.0821480804440675
decline_fast_recovery_bichon_02,2026-01-13 16:59:25,2026-01-13 16:59:31.829783,6.829782662407724
decline_fast_recovery_bichon_02,2026-01-13 16:59:44,2026-01-13 16:59:51.318235,7.318235368346877
decline_fast_recovery_bichon_02,2026-01-13 16:59:48,2026-01-13 16:59:52.179665,4.179664595272045
decline_fast_recovery_bichon_02,2026-01-13 16:59:53,2026-01-13 16:59:56.297690,3.297689531854336
decline_fast_recovery_bichon_02,2026-01-13 16:59:26,2026-01-13 16:59:31.478449,5.478449451278202
decline_fast_recovery_bichon_02,2026-01-13 16:59:09,2026-01-13 16:59:14.942044,5.94204383643199
decline_fast_recovery_bichon_02,2026-01-13 16:59:07,2026-01-13 16:59:12.065870,5.065869568237802
decline_fast_recovery_bichon_02,2026-01-13 16:59:45,2026-01-13 16:59:52.976545,7.9765452729682025
decline_fast_recovery_bichon_02,2026-01-13 16:59:19,2026-01-13 16:59:23.790347,4.790347331533131
decline_fast_recovery_bichon_02,2026-01-13 16:59:34,2026-01-13 16:59:39.113237,5.113236756489766
decline_fast_recovery_bichon_02,2026-01-13 16:59:37,2026-01-13 16:59:41.331623,4.331622783596475
decline_fast_recovery_bichon_02,2026-01-13 16:59:27,2026-01-13 16:59:34.805412,7.805412033447283
decline_fast_recovery_bichon_02,2026-01-13 16:59:34,2026-01-13 16:59:37.945948,3.945948486623864
decline_fast_recovery_bichon_02,2026-01-13 16:59:20,2026-01-13 16:59:23.613374,3.6133743120365693
decline_fast_recovery_bichon_02,2026-01-13 16:59:27,2026-01-13 16:59:32.213835,5.213834755306435
decline_fast_recovery_bichon_02,2026-01-13 16:59:31,2026-01-13 16:59:34.014882,3.0148822467644463
decline_fast_recovery_bichon_02,2026-01-13 16:59:08,2026-01-13 16:59:11.927537,3.9275367499055185
decline_fast_recovery_bichon_02,2026-01-13 16:59:45,2026-01-13 16:59:49.482121,4.482121262796769
decline_fast_recovery_bichon_02,2026-01-13 16:59:29,2026-01-13 16:59:35.581624,6.581623969370061
decline_fast_recovery_bichon_02,2026-01-13 16:59:19,2026-01-13 16:59:22.165822,3.1658224124932617
decline_fast_recovery_bichon_02,2026-01-13 16:59:09,2026-01-13 16:59:12.618220,3.6182202892795106
decline_fast_recovery_bichon_02,2026-01-13 16:59:17,2026-01-13 16:59:21.016542,4.016541690364786
decline_fast_recovery_bichon_02,2026-01-13 16:59:32,2026-01-13 16:59:37.206548,5.2065476972213265
decline_fast_recovery_bichon_02,2026-01-13 16:59:10,2026-01-13 16:59:15.559861,5.559860737967696
decline_fast_recovery_bichon_02,2026-01-13 16:59:47,2026-01-13 16:59:49.174369,2.1743694508569202
decline_fast_recovery_bichon_02,2026-01-13 16:59:15,2026-01-13 16:59:20.103504,5.103504078558819
decline_fast_recovery_bichon_02,2026-01-13 16:59:34,2026-01-13 16:59:38.672402,4.672402376049752
decline_fast_recovery_bichon_02,2026-01-13 16:59:14,2026-01-13 16:59:18.495813,4.495812531480052
decline_fast_recovery_bichon_02,2026-01-13 16:59:16,2026-01-13 16:59:18.276589,2.2765886867886183
decline_fast_recovery_bichon_02,2026-01-13 16:59:12,2026-01-13 16:59:15.735084,3.735083848436369
decline_fast_recovery_bichon_02,2026-01-13 16:59:14,2026-01-13 16:59:18.196199,4.196198743507845
decline_fast_recovery_bichon_02,2026-01-13 16:59:00,2026-01-13 16:59:06.750536,6.75053626544415
decline_fast_recovery_bichon_02,2026-01-13 16:59:09,2026-01-13 16:59:12.318824,3.318823727719675
decline_fast_recovery_bichon_02,2026-01-13 16:59:04,2026-01-13 16:59:06.181172,2.181171720884525
decline_fast_recovery_bichon_02,2026-01-13 16:59:39,2026-01-13 16:59:44.028631,5.0286308021850825
decline_fast_recovery_bichon_02,2026-01-13 16:59:42,2026-01-13 16:59:48.197044,6.197043745107021
decline_fast_recovery_bichon_02,2026-01-13 16:59:05,2026-01-13 16:59:12.133745,7.133745412169106
decline_fast_recovery_bichon_02,2026-01-13 16:59:54,2026-01-13 17:00:01.385074,7.385074462481967
decline_fast_recovery_bichon_02,2026-01-13 16:59:21,2026-01-13 16:59:27.233572,6.23357198743502
decline_fast_recovery_bichon_02,2026-01-13 16:59:27,2026-01-13 16:59:30.701966,3.7019655521822465
decline_fast_recovery_bichon_02,2026-01-13 10:06:28,2026-01-13 10:06:35.212881,7.212881214138543
decline_fast_recovery_bichon_02,2026-01-13 16:04:21,2026-01-13 16:04:28.090539,7.090538799947115
decline_fast_recovery_bichon_02,2026-01-13 09:39:29,2026-01-13 09:39:31.930246,2.93024641535033
decline_fast_recovery_bichon_02,2026-01-13 13:24:33,2026-01-13 13:24:36.143284,3.143283569816054
decline_fast_recovery_bichon_02,2026-01-13 14:00:53,2026-01-13 14:00:57.852266,4.8522660691759185
decline_fast_recovery_bichon_02,2026-01-13 08:24:54,2026-01-13 08:24:56.058120,2.0581200476585098
decline_fast_recovery_bichon_02,2026-01-13 10:23:17,2026-01-13 10:23:23.754081,6.754080667260168
decline_fast_recovery_bichon_02,2026-01-13 18:28:57,2026-01-13 18:28:59.256281,2.2562809411402767
decline_fast_recovery_bichon_02,2026-01-13 09:43:05,2026-01-13 09:43:11.979236,6.979235909076756
decline_fast_recovery_bichon_02,2026-01-13 20:06:37,2026-01-13 20:06:43.634058,6.634058049089461
decline_fast_recovery_bichon_02,2026-01-14 04:00:42,2026-01-14 04:00:45.406870,3.406870452157372
decline_fast_recovery_bichon_02,2026-01-14 04:06:23,2026-01-14 04:06:30.993697,7.993697433880474
decline_fast_recovery_bichon_02,2026-01-14 04:12:50,2026-01-14 04:12:55.133065,5.1330649202321945
decline_fast_recovery_bichon_02,2026-01-14 04:18:32,2026-01-14 04:18:38.779127,6.779126559801335
decline_fast_recovery_bichon_02,2026-01-14 04:24:07,2026-01-14 04:24:11.928649,4.928648982095898
decline_fast_recovery_bichon_02,2026-01-14 08:12:35,2026-01-14 08:12:38.211244,3.2112438359556315
decline_fast_recovery_bichon_02,2026-01-14 14:05:03,2026-01-14 14:05:10.295018,7.295017875251735
decline_fast_recovery_bichon_02,2026-01-14 12:49:59,2026-01-14 12:50:04.433948,5.433948178101588
decline_fast_recovery_bichon_02,2026-01-14 09:12:18,2026-01-14 09:12:23.670046,5.670045659746038
decline_fast_recovery_bichon_02,2026-01-14 18:47:04,2026-01-14 18:47:11.149339,7.149339056280934
decline_fast_recovery_bichon_02,2026-01-14 14:07:58,2026-01-14 14:08:03.580567,5.580567239226167
decline_fast_recovery_bichon_02,2026-01-14 06:28:54,2026-01-14 06:28:59.760205,5.760205117424118
decline_fast_recovery_bichon_02,2026-01-14 13:41:31,2026-01-14 13:41:34.323115,3.3231152978142964
decline_fast_recovery_bichon_02,2026-01-14 16:45:56,2026-01-14 16:46:01.653531,5.653530893343342
decline_fast_recovery_bichon_02,2026-01-14 16:59:26,2026-01-14 16:59:30.322229,4.322229082388825
decline_fast_recovery_bichon_02,2026-01-15 00:00:06,2026-01-15 00:00:13.147658,7.147657532812737
decline_fast_recovery_bichon_02,2026-01-15 00:06:59,2026-01-15 00:07:02.649703,3.649702947825567
decline_fast_recovery_bichon_02,2026-01-15 00:12:44,2026-01-15 00:12:49.347018,5.347017802555552
decline_fast_recovery_bichon_02,2026-01-15 00:18:08,2026-01-15 00:18:12.889882,4.8898817580730025
decline_fast_recovery_bichon_02,2026-01-15 00:24:05,2026-01-15 00:24:11.999969,6.999968679036044
decline_fast_recovery_bichon_02,2026-01-15 00:30:29,2026-01-15 00:30:32.613479,3.6134789275179786
decline_fast_recovery_bichon_02,2026-01-15 00:36:24,2026-01-15 00:36:28.535584,4.535584086160082
decline_fast_recovery_bichon_02,2026-01-15 00:42:29,2026-01-15 00:42:33.645912,4.645912476599722
decline_fast_recovery_bichon_02,2026-01-15 00:48:53,2026-01-15 00:48:55.096638,2.096638234312651
decline_fast_recovery_bichon_02,2026-01-15 00:54:20,2026-01-15 00:54:26.806952,6.8069516434271415
decline_fast_recovery_bichon_02,2026-01-15 00:59:43,2026-01-15 00:59:46.475893,3.475892866501673
decline_fast_recovery_bichon_02,2026-01-15 00:59:31,2026-01-15 00:59:37.669137,6.669137057466623
decline_fast_recovery_bichon_02,2026-01-15 00:59:54,2026-01-15 00:59:57.341845,3.3418448753695085
decline_fast_recovery_bichon_02,2026-01-15 00:59:29,2026-01-15 00:59:31.990475,2.990475061684629
decline_fast_recovery_bichon_02,2026-01-15 00:59:45,2026-01-15 00:59:51.770468,6.770467761823819
decline_fast_recovery_bichon_02,2026-01-15 00:59:20,2026-01-15 00:59:27.669800,7.669799608984845
decline_fast_recovery_bichon_02,2026-01-15 00:59:59,2026-01-15 01:00:02.495043,3.4950434133865937
decline_fast_recovery_bichon_02,2026-01-15 00:59:40,2026-01-15 00:59:43.114721,3.1147210518151405
decline_fast_recovery_bichon_02,2026-01-15 00:59:34,2026-01-15 00:59:36.791222,2.7912218078391304
decline_fast_recovery_bichon_02,2026-01-15 00:59:51,2026-01-15 00:59:56.440835,5.440834882926151
decline_fast_recovery_bichon_02,2026-01-15 00:59:51,2026-01-15 00:59:53.387866,2.387865520963356
decline_fast_recovery_bichon_02,2026-01-15 00:59:16,2026-01-15 00:59:22.597759,6.597758882428223
decline_fast_recovery_bichon_02,2026-01-15 00:59:49,2026-01-15 00:59:52.626141,3.626141388604947
decline_fast_recovery_bichon_02,2026-01-15 00:59:51,2026-01-15 00:59:57.104041,6.104040527799477
decline_fast_recovery_bichon_02,2026-01-15 00:59:43,2026-01-15 00:59:49.237114,6.237113703274788
decline_fast_recovery_bichon_02,2026-01-15 00:59:23,2026-01-15 00:59:26.167703,3.167703013738758
decline_fast_recovery_bichon_02,2026-01-15 00:59:11,2026-01-15 00:59:14.733496,3.733495997139028
decline_fast_recovery_bichon_02,2026-01-15 00:59:51,2026-01-15 00:59:57.351085,6.351084784046042
decline_fast_recovery_bichon_02,2026-01-15 00:59:34,2026-01-15 00:59:39.858515,5.858515265655896
decline_fast_recovery_bichon_02,2026-01-15 00:59:55,2026-01-15 00:59:59.561362,4.561361590184192
decline_fast_recovery_bichon_02,2026-01-15 00:59:24,2026-01-15 00:59:31.085137,7.085136836029498
decline_fast_recovery_bichon_02,2026-01-15 00:59:14,2026-01-15 00:59:20.701570,6.701570459364975
decline_fast_recovery_bichon_02,2026-01-15 00:59:27,2026-01-15 00:59:31.081385,4.081385219724205
decline_fast_recovery_bichon_02,2026-01-15 00:59:02,2026-01-15 00:59:05.956000,3.955999990001051
decline_fast_recovery_bichon_02,2026-01-15 00:59:01,2026-01-15 00:59:03.732649,2.732648706912473
decline_fast_recovery_bichon_02,2026-01-15 17:07:43,2026-01-15 17:07:49.587905,6.587905443780966
decline_fast_recovery_bichon_02,2026-01-15 11:33:24,2026-01-15 11:33:26.834324,2.834324498474891
decline_fast_recovery_bichon_02,2026-01-15 12:57:13,2026-01-15 12:57:16.632970,3.6329704317076033
decline_fast_recovery_bichon_02,2026-01-15 15:51:49,2026-01-15 15:51:56.468275,7.468275217561934
decline_fast_recovery_bichon_02,2026-01-15 09:35:24,2026-01-15 09:35:31.004942,7.004941503249431
decline_fast_recovery_bichon_02,2026-01-15 19:54:57,2026-01-15 19:55:01.761309,4.761309249893888
decline_fast_recovery_bichon_02,2026-01-15 20:19:28,2026-01-15 20:19:32.563963,4.563963370581581
decline_fast_recovery_bichon_02,2026-01-15 14:39:29,2026-01-15 14:39:32.461731,3.4617309205552895
decline_fast_recovery_bichon_02,2026-01-15 21:34:23,2026-01-15 21:34:28.558675,5.558675317843561
decline_fast_recovery_bichon_02,2026-01-15 12:09:47,2026-01-15 12:09:52.813890,5.813889689758899
decline_fast_recovery_bichon_02,2026-01-16 23:00:46,2026-01-16 23:00:49.674179,3.674178602906722
decline_fast_recovery_bichon_02,2026-01-16 23:06:35,2026-01-16 23:06:37.187400,2.1874001060617636
decline_fast_recovery_bichon_02,2026-01-16 23:12:36,2026-01-16 23:12:39.920642,3.920641713281829
decline_fast_recovery_bichon_02,2026-01-16 23:18:06,2026-01-16 23:18:12.989664,6.989664106255723
decline_fast_recovery_bichon_02,2026-01-16 23:24:04,2026-01-16 23:24:10.570988,6.570988390379401
decline_fast_recovery_bichon_02,2026-01-16 23:30:28,2026-01-16 23:30:35.415895,7.415894768977782
decline_fast_recovery_bichon_02,2026-01-16 23:36:23,2026-01-16 23:36:27.980148,4.980148466054784
decline_fast_recovery_bichon_02,2026-01-16 23:42:03,2026-01-16 23:42:10.141172,7.141172412159998
decline_fast_recovery_bichon_02,2026-01-16 23:48:58,2026-01-16 23:49:05.620755,7.62075459249158
decline_fast_recovery_bichon_02,2026-01-16 23:54:51,2026-01-16 23:54:57.458010,6.458010022425629
decline_fast_recovery_bichon_02,2026-01-16 23:59:33,2026-01-16 23:59:39.676781,6.676781234317888
decline_fast_recovery_bichon_02,2026-01-16 23:59:16,2026-01-16 23:59:23.373606,7.373606396087474
decline_fast_recovery_bichon_02,2026-01-16 23:59:47,2026-01-16 23:59:53.102760,6.102759828027879
decline_fast_recovery_bichon_02,2026-01-16 23:59:47,2026-01-16 23:59:53.917188,6.917187987871995
decline_fast_recovery_bichon_02,2026-01-16 23:59:36,2026-01-16 23:59:44.071317,8.071317169407838
decline_fast_recovery_bichon_02,2026-01-16 23:59:29,2026-01-16 23:59:31.617225,2.6172245165652392
decline_fast_recovery_bichon_02,2026-01-16 23:59:50,2026-01-16 23:59:55.888253,5.8882529475876035
decline_fast_recovery_bichon_02,2026-01-16 23:59:23,2026-01-16 23:59:28.117000,5.116999672014021
decline_fast_recovery_bichon_02,2026-01-16 23:59:28,2026-01-16 23:59:31.084175,3.084175418783226
decline_fast_recovery_bichon_02,2026-01-16 23:59:25,2026-01-16 23:59:28.695179,3.6951788931428395
decline_fast_recovery_bichon_02,2026-01-16 23:59:19,2026-01-16 23:59:25.496275,6.4962748758651525
decline_fast_recovery_bichon_02,2026-01-16 23:59:39,2026-01-16 23:59:42.811961,3.8119614109628506
decline_fast_recovery_bichon_02,2026-01-16 23:59:54,2026-01-16 23:59:58.811412,4.81141239361973
decline_fast_recovery_bichon_02,2026-01-16 23:59:33,2026-01-16 23:59:41.043878,8.043877647209218
decline_fast_recovery_bichon_02,2026-01-16 23:59:25,2026-01-16 23:59:29.222229,4.222229387372876
decline_fast_recovery_bichon_02,2026-01-16 23:59:10,2026-01-16 23:59:14.972734,4.972734279669617
decline_fast_recovery_bichon_02,2026-01-16 23:59:47,2026-01-16 23:59:52.708430,5.7084299022084295
decline_fast_recovery_bichon_02,2026-01-16 23:59:53,2026-01-16 23:59:55.322277,2.322277007252346
decline_fast_recovery_bichon_02,2026-01-16 23:59:04,2026-01-16 23:59:07.872243,3.872243008827337
decline_fast_recovery_bichon_02,2026-01-16 23:59:19,2026-01-16 23:59:22.070233,3.0702334882358686
decline_fast_recovery_bichon_02,2026-01-16 23:59:36,2026-01-16 23:59:43.611383,7.611382765467859
decline_fast_recovery_bichon_02,2026-01-16 23:59:35,2026-01-16 23:59:42.702049,7.702048922615002
decline_fast_recovery_bichon_02,2026-01-16 23:59:40,2026-01-16 23:59:43.589175,3.589175279800314
decline_fast_recovery_bichon_02,2026-01-16 23:59:25,2026-01-16 23:59:30.208432,5.2084318664668965
decline_fast_recovery_bichon_02,2026-01-16 23:59:56,2026-01-17 00:00:02.925899,6.925899217227151
decline_fast_recovery_bichon_02,2026-01-16 11:00:09,2026-01-16 11:00:16.033327,7.033327023699715
decline_fast_recovery_bichon_02,2026-01-16 14:46:18,2026-01-16 14:46:25.027979,7.027979138362014
decline_fast_recovery_bichon_02,2026-01-16 10:37:08,2026-01-16 10:37:11.466665,3.4666654377707267
decline_fast_recovery_bichon_02,2026-01-16 12:38:54,2026-01-16 12:38:58.363073,4.363073243895987
decline_fast_recovery_bichon_02,2026-01-16 16:23:55,2026-01-16 16:24:00.271143,5.271143182000627
decline_fast_recovery_bichon_02,2026-01-16 21:58:24,2026-01-16 21:58:29.289688,5.289687669219218
decline_fast_recovery_bichon_02,2026-01-16 10:20:39,2026-01-16 10:20:44.824035,5.824034533439152
decline_fast_recovery_bichon_02,2026-01-16 07:16:28,2026-01-16 07:16:35.588423,7.588423382562414
decline_fast_recovery_bichon_02,2026-01-16 19:18:49,2026-01-16 19:18:51.188346,2.1883464640269445
decline_fast_recovery_bichon_02,2026-01-16 17:29:47,2026-01-16 17:29:51.392859,4.392859365130843
decline_fast_recovery_bichon_02,2026-01-17 22:00:20,2026-01-17 22:00:22.202915,2.2029149567749484
decline_fast_recovery_bichon_02,2026-01-17 22:06:07,2026-01-17 22:06:14.200899,7.200898553040123
decline_fast_recovery_bichon_02,2026-01-17 22:12:16,2026-01-17 22:12:20.762094,4.7620936943632115
decline_fast_recovery_bichon_02,2026-01-17 22:18:21,2026-01-17 22:18:26.303642,5.303642123082201
decline_fast_recovery_bichon_02,2026-01-17 22:24:52,2026-01-17 22:24:55.447659,3.4476591808424466
decline_fast_recovery_bichon_02,2026-01-17 22:30:34,2026-01-17 22:30:41.645802,7.645801664341866
decline_fast_recovery_bichon_02,2026-01-17 22:36:00,2026-01-17 22:36:06.492458,6.492458440022377
decline_fast_recovery_bichon_02,2026-01-17 22:42:11,2026-01-17 22:42:16.865163,5.865162948878059
decline_fast_recovery_bichon_02,2026-01-17 22:48:28,2026-01-17 22:48:31.149331,3.1493312352198384
decline_fast_recovery_bichon_02,2026-01-17 22:54:02,2026-01-17 22:54:07.863862,5.863861820151156
decline_fast_recovery_bichon_02,2026-01-17 22:59:45,2026-01-17 22:59:48.113354,3.1133535619026267
decline_fast_recovery_bichon_02,2026-01-17 22:59:08,2026-01-17 22:59:15.939143,7.939142782059567
decline_fast_recovery_bichon_02,2026-01-17 22:59:17,2026-01-17 22:59:21.493966,4.4939662610978095
decline_fast_recovery_bichon_02,2026-01-17 22:59:05,2026-01-17 22:59:08.673620,3.6736201343807813
decline_fast_recovery_bichon_02,2026-01-17 22:59:03,2026-01-17 22:59:07.312804,4.312803813688371
decline_fast_recovery_bichon_02,2026-01-17 22:59:07,2026-01-17 22:59:13.334136,6.334135879892268
decline_fast_recovery_bichon_02,2026-01-17 22:59:06,2026-01-17 22:59:13.102410,7.102410165736785
decline_fast_recovery_bichon_02,2026-01-17 22:59:36,2026-01-17 22:59:42.420344,6.420343714891638
decline_fast_recovery_bichon_02,2026-01-17 22:59:22,2026-01-17 22:59:28.102901,6.1029006076233845
decline_fast_recovery_bichon_02,2026-01-17 16:33:29,2026-01-17 16:33:31.850739,2.8507388179183857
decline_fast_recovery_bichon_02,2026-01-17 14:50:55,2026-01-17 14:50:59.019232,4.019232338444187
decline_fast_recovery_bichon_02,2026-01-17 07:07:33,2026-01-17 07:07:38.705473,5.705473230914141
decline_fast_recovery_bichon_02,2026-01-17 08:09:20,2026-01-17 08:09:25.715120,5.715119840207888
decline_fast_recovery_bichon_02,2026-01-17 06:35:46,2026-01-17 06:35:49.007317,3.007316694552808
decline_fast_recovery_bichon_02,2026-01-17 14:47:26,2026-01-17 14:47:29.347615,3.347614502979309
decline_fast_recovery_bichon_02,2026-01-17 19:29:26,2026-01-17 19:29:33.100814,7.100813605984998
decline_fast_recovery_bichon_02,2026-01-17 09:34:25,2026-01-17 09:34:30.630979,5.630978647700131
decline_fast_recovery_bichon_02,2026-01-17 08:24:27,2026-01-17 08:24:31.516739,4.516739319511285
decline_fast_recovery_bichon_02,2026-01-17 19:05:46,2026-01-17 19:05:48.051203,2.051202517732363
decline_fast_recovery_bichon_02,2026-01-18 14:00:14,2026-01-18 14:00:16.466068,2.4660677880768667
decline_fast_recovery_bichon_02,2026-01-18 14:06:37,2026-01-18 14:06:41.811379,4.811378875244827
decline_fast_recovery_bichon_02,2026-01-18 14:12:43,2026-01-18 14:12:48.584762,5.584761887458095
decline_fast_recovery_bichon_02,2026-01-18 14:18:08,2026-01-18 14:18:10.058377,2.0583769950590005
decline_fast_recovery_bichon_02,2026-01-18 14:24:36,2026-01-18 14:24:38.792966,2.792966177938668
decline_fast_recovery_bichon_02,2026-01-18 14:30:38,2026-01-18 14:30:42.708158,4.708158031502668
decline_fast_recovery_bichon_02,2026-01-18 14:36:01,2026-01-18 14:36:05.773076,4.7730755243911025
decline_fast_recovery_bichon_02,2026-01-18 14:42:10,2026-01-18 14:42:14.273888,4.27388800810105
decline_fast_recovery_bichon_02,2026-01-18 14:48:15,2026-01-18 14:48:17.707204,2.7072035489772635
decline_fast_recovery_bichon_02,2026-01-18 14:54:24,2026-01-18 14:54:31.004169,7.004168692240415
decline_fast_recovery_bichon_02,2026-01-18 14:59:22,2026-01-18 14:59:29.367490,7.367490345436416
decline_fast_recovery_bichon_02,2026-01-18 14:59:17,2026-01-18 14:59:24.258798,7.258797730316276
decline_fast_recovery_bichon_02,2026-01-18 14:59:23,2026-01-18 14:59:30.507089,7.507088986351013
decline_fast_recovery_bichon_02,2026-01-18 14:59:27,2026-01-18 14:59:29.853448,2.8534480103315403
decline_fast_recovery_bichon_02,2026-01-18 14:59:49,2026-01-18 14:59:51.534768,2.534767880827188
decline_fast_recovery_bichon_02,2026-01-18 14:59:23,2026-01-18 14:59:28.080694,5.080694258984456
decline_fast_recovery_bichon_02,2026-01-18 14:59:23,2026-01-18 14:59:25.476398,2.4763978399825723
decline_fast_recovery_bichon_02,2026-01-18 14:59:39,2026-01-18 14:59:42.722433,3.722433090986293
decline_fast_recovery_bichon_02,2026-01-18 14:59:01,2026-01-18 14:59:05.844587,4.844587118026391
decline_fast_recovery_bichon_02,2026-01-18 14:59:15,2026-01-18 14:59:17.578161,2.5781613354579447
decline_fast_recovery_bichon_02,2026-01-18 14:59:15,2026-01-18 14:59:20.904317,5.904316602044553
decline_fast_recovery_bichon_02,2026-01-18 14:59:22,2026-01-18 14:59:25.887946,3.887945724159385
decline_fast_recovery_bichon_02,2026-01-18 14:59:12,2026-01-18 14:59:18.908900,6.908899716210642
decline_fast_recovery_bichon_02,2026-01-18 14:03:00,2026-01-18 14:03:04.126644,4.126644397898191
decline_fast_recovery_bichon_02,2026-01-18 18:31:24,2026-01-18 18:31:27.719228,3.719227756043887
decline_fast_recovery_bichon_02,2026-01-18 21:56:24,2026-01-18 21:56:27.371816,3.371816429590491
decline_fast_recovery_bichon_02,2026-01-18 13:46:27,2026-01-18 13:46:33.688397,6.688397251982661
decline_fast_recovery_bichon_02,2026-01-18 17:59:09,2026-01-18 17:59:14.256451,5.256451196292713
decline_fast_recovery_bichon_02,2026-01-18 18:52:41,2026-01-18 18:52:46.214450,5.21444974845632
decline_fast_recovery_bichon_02,2026-01-18 19:04:30,2026-01-18 19:04:34.135739,4.1357386051436125
decline_fast_recovery_bichon_02,2026-01-18 15:33:01,2026-01-18 15:33:03.549147,2.549147167729852
decline_fast_recovery_bichon_02,2026-01-18 18:54:06,2026-01-18 18:54:13.527649,7.527648786523874
decline_fast_recovery_bichon_02,2026-01-18 14:13:04,2026-01-18 14:13:06.188677,2.1886768465438964
decline_fast_recovery_bichon_02,2026-01-19 21:00:54,2026-01-19 21:01:00.673649,6.673648546054117
decline_fast_recovery_bichon_02,2026-01-19 21:06:27,2026-01-19 21:06:33.482807,6.482807240686739
decline_fast_recovery_bichon_02,2026-01-19 21:12:10,2026-01-19 21:12:16.273139,6.273139272318878
decline_fast_recovery_bichon_02,2026-01-19 21:18:58,2026-01-19 21:19:03.578152,5.578151891380771
decline_fast_recovery_bichon_02,2026-01-19 21:24:23,2026-01-19 21:24:30.450481,7.450480724579606
decline_fast_recovery_bichon_02,2026-01-19 21:30:14,2026-01-19 21:30:20.281037,6.281037361777025
decline_fast_recovery_bichon_02,2026-01-19 21:36:09,2026-01-19 21:36:11.748970,2.7489703360114244
decline_fast_recovery_bichon_02,2026-01-19 21:42:58,2026-01-19 21:43:04.705181,6.705180998938589
decline_fast_recovery_bichon_02,2026-01-19 21:48:42,2026-01-19 21:48:48.370160,6.3701596418911
decline_fast_recovery_bichon_02,2026-01-19 21:54:09,2026-01-19 21:54:16.926092,7.926092341697763
decline_fast_recovery_bichon_02,2026-01-19 21:59:17,2026-01-19 21:59:24.372674,7.372674165187038
decline_fast_recovery_bichon_02,2026-01-19 21:59:46,2026-01-19 21:59:51.544745,5.544745447914478
decline_fast_recovery_bichon_02,2026-01-19 21:59:23,2026-01-19 21:59:28.277000,5.2770003798930105
decline_fast_recovery_bichon_02,2026-01-19 21:59:04,2026-01-19 21:59:09.905798,5.905798186573927
decline_fast_recovery_bichon_02,2026-01-19 21:59:17,2026-01-19 21:59:21.785475,4.785474652242469
decline_fast_recovery_bichon_02,2026-01-19 21:59:29,2026-01-19 21:59:35.613869,6.6138690521808545
decline_fast_recovery_bichon_02,2026-01-19 21:59:06,2026-01-19 21:59:10.216854,4.216854196165028
decline_fast_recovery_bichon_02,2026-01-19 21:59:52,2026-01-19 21:59:54.728381,2.7283809931466196
decline_fast_recovery_bichon_02,2026-01-19 21:59:06,2026-01-19 21:59:13.679560,7.679559738283362
decline_fast_recovery_bichon_02,2026-01-19 21:59:36,2026-01-19 21:59:39.395779,3.3957789550709667
decline_fast_recovery_bichon_02,2026-01-19 21:59:57,2026-01-19 22:00:01.052114,4.05211416849923
decline_fast_recovery_bichon_02,2026-01-19 21:59:17,2026-01-19 21:59:22.713729,5.713728765827808
decline_fast_recovery_bichon_02,2026-01-19 21:59:01,2026-01-19 21:59:07.835327,6.835327115087937
decline_fast_recovery_bichon_02,2026-01-19 21:59:10,2026-01-19 21:59:12.062279,2.0622792729123356
decline_fast_recovery_bichon_02,2026-01-19 21:59:01,2026-01-19 21:59:03.781114,2.781113518017733
decline_fast_recovery_bichon_02,2026-01-19 21:59:27,2026-01-19 21:59:33.567207,6.567206827631176
decline_fast_recovery_bichon_02,2026-01-19 21:59:08,2026-01-19 21:59:15.190743,7.190743069386212
decline_fast_recovery_bichon_02,2026-01-19 21:59:52,2026-01-19 21:59:59.276475,7.276475483733638
decline_fast_recovery_bichon_02,2026-01-19 21:59:25,2026-01-19 21:59:28.523449,3.5234489481544964
decline_fast_recovery_bichon_02,2026-01-19 21:59:55,2026-01-19 21:59:59.419654,4.419654409613733
decline_fast_recovery_bichon_02,2026-01-19 21:59:23,2026-01-19 21:59:28.126882,5.12688161473871
decline_fast_recovery_bichon_02,2026-01-19 21:59:34,2026-01-19 21:59:40.293380,6.2933795790522
decline_fast_recovery_bichon_02,2026-01-19 21:59:55,2026-01-19 21:59:57.807238,2.8072375309898145
decline_fast_recovery_bichon_02,2026-01-19 21:59:38,2026-01-19 21:59:42.607633,4.607632673835217
decline_fast_recovery_bichon_02,2026-01-19 21:59:06,2026-01-19 21:59:10.451293,4.451292560673841
decline_fast_recovery_bichon_02,2026-01-19 21:59:15,2026-01-19 21:59:18.445422,3.4454220630620944
decline_fast_recovery_bichon_02,2026-01-19 21:59:53,2026-01-19 22:00:00.921705,7.921705149593427
decline_fast_recovery_bichon_02,2026-01-19 21:59:00,2026-01-19 21:59:04.627415,4.6274153120889165
decline_fast_recovery_bichon_02,2026-01-19 21:59:08,2026-01-19 21:59:13.908691,5.908690864258297
decline_fast_recovery_bichon_02,2026-01-19 21:59:49,2026-01-19 21:59:51.103024,2.1030241195304753
decline_fast_recovery_bichon_02,2026-01-19 21:59:48,2026-01-19 21:59:55.035850,7.0358500801977195
decline_fast_recovery_bichon_02,2026-01-19 21:59:16,2026-01-19 21:59:19.804520,3.804520453666308
decline_fast_recovery_bichon_02,2026-01-19 21:59:20,2026-01-19 21:59:28.147611,8.147611056058745
decline_fast_recovery_bichon_02,2026-01-19 21:59:01,2026-01-19 21:59:07.660397,6.6603971019070105
decline_fast_recovery_bichon_02,2026-01-19 21:59:52,2026-01-19 21:59:58.571729,6.571729416446187
decline_fast_recovery_bichon_02,2026-01-19 21:59:51,2026-01-19 21:59:55.986852,4.986852334047212
decline_fast_recovery_bichon_02,2026-01-19 21:59:58,2026-01-19 22:00:02.410491,4.410491444260413
decline_fast_recovery_bichon_02,2026-01-19 21:59:58,2026-01-19 22:00:02.773659,4.773658958496562
decline_fast_recovery_bichon_02,2026-01-19 21:59:31,2026-01-19 21:59:39.109352,8.109352398327477
decline_fast_recovery_bichon_02,2026-01-19 21:59:00,2026-01-19 21:59:05.804360,5.80435988540222
decline_fast_recovery_bichon_02,2026-01-19 21:59:22,2026-01-19 21:59:29.400042,7.400041621003535
decline_fast_recovery_bichon_02,2026-01-19 21:59:54,2026-01-19 22:00:00.350797,6.350796851735559
decline_fast_recovery_bichon_02,2026-01-19 21:59:18,2026-01-19 21:59:21.498092,3.4980923471621557
decline_fast_recovery_bichon_02,2026-01-19 21:59:26,2026-01-19 21:59:33.687340,7.6873399758251395
decline_fast_recovery_bichon_02,2026-01-19 21:59:17,2026-01-19 21:59:23.179231,6.179230944051018
decline_fast_recovery_bichon_02,2026-01-19 21:59:00,2026-01-19 21:59:08.109903,8.109903154704043
decline_fast_recovery_bichon_02,2026-01-19 21:59:45,2026-01-19 21:59:47.361478,2.361478362785254
decline_fast_recovery_bichon_02,2026-01-19 21:59:36,2026-01-19 21:59:40.475688,4.475688186331235
decline_fast_recovery_bichon_02,2026-01-19 21:59:29,2026-01-19 21:59:33.846065,4.846064951575069
decline_fast_recovery_bichon_02,2026-01-19 21:59:01,2026-01-19 21:59:08.379506,7.379505515560386
decline_fast_recovery_bichon_02,2026-01-19 21:59:15,2026-01-19 21:59:22.312932,7.312931755453361
decline_fast_recovery_bichon_02,2026-01-19 21:59:19,2026-01-19 21:59:21.460726,2.4607257914533913
decline_fast_recovery_bichon_02,2026-01-19 21:59:35,2026-01-19 21:59:39.174253,4.174252829658407
decline_fast_recovery_bichon_02,2026-01-19 21:59:14,2026-01-19 21:59:18.763040,4.763040168399092
decline_fast_recovery_bichon_02,2026-01-19 21:59:53,2026-01-19 21:59:55.495372,2.4953719518723925
decline_fast_recovery_bichon_02,2026-01-19 21:59:01,2026-01-19 21:59:07.085722,6.085722211331981
decline_fast_recovery_bichon_02,2026-01-19 21:59:33,2026-01-19 21:59:35.637526,2.637525966622927
decline_fast_recovery_bichon_02,2026-01-19 21:59:40,2026-01-19 21:59:43.845612,3.8456120306140127
decline_fast_recovery_bichon_02,2026-01-19 14:26:23,2026-01-19 14:26:29.570695,6.570695059961496
decline_fast_recovery_bichon_02,2026-01-19 15:34:09,2026-01-19 15:34:12.265084,3.265083982326715
decline_fast_recovery_bichon_02,2026-01-19 15:33:13,2026-01-19 15:33:20.552505,7.5525047923332735
decline_fast_recovery_bichon_02,2026-01-19 20:13:32,2026-01-19 20:13:38.586774,6.586773522856719
decline_fast_recovery_bichon_02,2026-01-19 10:05:05,2026-01-19 10:05:08.283104,3.283104306266111
decline_fast_recovery_bichon_02,2026-01-19 07:05:29,2026-01-19 07:05:34.159549,5.15954878927022
decline_fast_recovery_bichon_02,2026-01-19 12:20:12,2026-01-19 12:20:16.731728,4.7317282798074904
decline_fast_recovery_bichon_02,2026-01-19 21:00:29,2026-01-19 21:00:34.906234,5.906234370553681
decline_fast_recovery_bichon_02,2026-01-19 19:01:51,2026-01-19 19:01:58.697260,7.6972599162405055
decline_fast_recovery_bichon_02,2026-01-19 15:31:35,2026-01-19 15:31:41.428854,6.428854429335172
decline_fast_recovery_bichon_02,2026-01-20 02:00:03,2026-01-20 02:00:10.216604,7.216604059319173
decline_fast_recovery_bichon_02,2026-01-20 02:06:22,2026-01-20 02:06:26.243563,4.243562801893065
decline_fast_recovery_bichon_02,2026-01-20 02:12:32,2026-01-20 02:12:35.138114,3.138113968662624
decline_fast_recovery_bichon_02,2026-01-20 02:18:49,2026-01-20 02:18:55.100470,6.10046965797098
decline_fast_recovery_bichon_02,2026-01-20 02:24:16,2026-01-20 02:24:24.141574,8.14157397356118
decline_fast_recovery_bichon_02,2026-01-20 02:30:41,2026-01-20 02:30:46.038164,5.038164493126119
decline_fast_recovery_bichon_02,2026-01-20 02:36:20,2026-01-20 02:36:26.853659,6.853659036063786
decline_fast_recovery_bichon_02,2026-01-20 17:07:22,2026-01-20 17:07:25.631217,3.63121738893806
decline_fast_recovery_bichon_02,2026-01-20 14:04:59,2026-01-20 14:05:02.122302,3.1223017745994857
decline_fast_recovery_bichon_02,2026-01-20 14:31:11,2026-01-20 14:31:14.767576,3.7675756269264427
decline_fast_recovery_bichon_02,2026-01-20 19:45:38,2026-01-20 19:45:41.541914,3.54191406983902
decline_fast_recovery_bichon_02,2026-01-20 10:21:14,2026-01-20 10:21:20.329691,6.329691198711264
decline_fast_recovery_bichon_02,2026-01-20 14:45:47,2026-01-20 14:45:49.753253,2.753252902819201
decline_fast_recovery_bichon_02,2026-01-20 16:29:39,2026-01-20 16:29:43.252725,4.252725232661551
decline_fast_recovery_bichon_02,2026-01-20 12:09:36,2026-01-20 12:09:39.014167,3.0141665407535174
decline_fast_recovery_bichon_02,2026-01-20 08:55:31,2026-01-20 08:55:37.463555,6.46355454640182
decline_fast_recovery_bichon_02,2026-01-20 20:18:20,2026-01-20 20:18:26.335770,6.335769662887683
decline_fast_recovery_bichon_02,2026-01-21 01:00:18,2026-01-21 01:00:24.543199,6.543199359386867
decline_fast_recovery_bichon_02,2026-01-21 01:06:41,2026-01-21 01:06:44.026566,3.0265658254619567
decline_fast_recovery_bichon_02,2026-01-21 01:12:36,2026-01-21 01:12:38.194498,2.1944980491209227
decline_fast_recovery_bichon_02,2026-01-21 01:18:31,2026-01-21 01:18:33.778249,2.778249193411887
decline_fast_recovery_bichon_02,2026-01-21 01:24:41,2026-01-21 01:24:48.597256,7.597256386020293
decline_fast_recovery_bichon_02,2026-01-21 01:30:16,2026-01-21 01:30:20.873267,4.8732666177480315
decline_fast_recovery_bichon_02,2026-01-21 01:36:23,2026-01-21 01:36:29.739411,6.739411490587289
decline_fast_recovery_bichon_02,2026-01-21 01:42:12,2026-01-21 01:42:18.950723,6.9507231232246856
decline_fast_recovery_bichon_02,2026-01-21 01:48:23,2026-01-21 01:48:28.100157,5.1001568439282785
decline_fast_recovery_bichon_02,2026-01-21 01:54:35,2026-01-21 01:54:39.645645,4.645645031961336
decline_fast_recovery_bichon_02,2026-01-21 01:59:41,2026-01-21 01:59:45.710206,4.710206104697773
decline_fast_recovery_bichon_02,2026-01-21 01:59:54,2026-01-21 01:59:56.894743,2.8947433176009034
decline_fast_recovery_bichon_02,2026-01-21 01:59:34,2026-01-21 01:59:38.226538,4.2265375488631864
decline_fast_recovery_bichon_02,2026-01-21 01:59:15,2026-01-21 01:59:17.560253,2.560252714235974
decline_fast_recovery_bichon_02,2026-01-21 01:59:01,2026-01-21 01:59:08.206984,7.206983927441466
decline_fast_recovery_bichon_02,2026-01-21 01:59:10,2026-01-21 01:59:15.116548,5.1165475413979555
decline_fast_recovery_bichon_02,2026-01-21 01:59:40,2026-01-21 01:59:42.668736,2.6687359002542475
decline_fast_recovery_bichon_02,2026-01-21 01:59:04,2026-01-21 01:59:08.811258,4.8112579888674
decline_fast_recovery_bichon_02,2026-01-21 01:59:43,2026-01-21 01:59:47.581247,4.581247247741595
decline_fast_recovery_bichon_02,2026-01-21 01:59:54,2026-01-21 02:00:01.294816,7.294816483502868
decline_fast_recovery_bichon_02,2026-01-21 01:59:11,2026-01-21 01:59:16.839638,5.83963790615645
decline_fast_recovery_bichon_02,2026-01-21 01:59:27,2026-01-21 01:59:34.431395,7.431394971976885
decline_fast_recovery_bichon_02,2026-01-21 01:59:05,2026-01-21 01:59:08.426151,3.4261506527372494
decline_fast_recovery_bichon_02,2026-01-21 01:59:39,2026-01-21 01:59:46.453960,7.453959687434781
decline_fast_recovery_bichon_02,2026-01-21 01:59:08,2026-01-21 01:59:10.654589,2.6545890878618863
decline_fast_recovery_bichon_02,2026-01-21 01:59:41,2026-01-21 01:59:44.209506,3.2095058577649587
decline_fast_recovery_bichon_02,2026-01-21 01:59:55,2026-01-21 02:00:02.905246,7.90524624962106
decline_fast_recovery_bichon_02,2026-01-21 01:59:17,2026-01-21 01:59:20.889792,3.8897915808520316
decline_fast_recovery_bichon_02,2026-01-21 01:59:07,2026-01-21 01:59:14.750082,7.750081980349762
decline_fast_recovery_bichon_02,2026-01-21 01:59:29,2026-01-21 01:59:33.806613,4.806612919248997
decline_fast_recovery_bichon_02,2026-01-21 01:59:15,2026-01-21 01:59:17.135806,2.135806325947973
decline_fast_recovery_bichon_02,2026-01-21 01:59:27,2026-01-21 01:59:31.812172,4.812172298351494
decline_fast_recovery_bichon_02,2026-01-21 01:59:17,2026-01-21 01:59:21.247673,4.247673001980804
decline_fast_recovery_bichon_02,2026-01-21 01:59:17,2026-01-21 01:59:22.584426,5.584425656038875
decline_fast_recovery_bichon_02,2026-01-21 01:59:34,2026-01-21 01:59:39.103913,5.103912950036068
decline_fast_recovery_bichon_02,2026-01-21 01:59:06,2026-01-21 01:59:12.623082,6.6230821475333475
decline_fast_recovery_bichon_02,2026-01-21 01:59:57,2026-01-21 02:00:03.271981,6.271981210414347
decline_fast_recovery_bichon_02,2026-01-21 01:59:56,2026-01-21 01:59:59.533003,3.533002874804004
decline_fast_recovery_bichon_02,2026-01-21 01:59:29,2026-01-21 01:59:32.081384,3.081383813718381
decline_fast_recovery_bichon_02,2026-01-21 01:59:48,2026-01-21 01:59:54.567303,6.5673025678800006
decline_fast_recovery_bichon_02,2026-01-21 01:59:07,2026-01-21 01:59:09.208966,2.2089662090840476
decline_fast_recovery_bichon_02,2026-01-21 01:59:24,2026-01-21 01:59:26.508056,2.5080561688489156
decline_fast_recovery_bichon_02,2026-01-21 01:59:34,2026-01-21 01:59:36.643997,2.6439971472033483
decline_fast_recovery_bichon_02,2026-01-21 01:59:20,2026-01-21 01:59:25.632119,5.632119375068979
decline_fast_recovery_bichon_02,2026-01-21 01:59:19,2026-01-21 01:59:26.208908,7.208907933135856
decline_fast_recovery_bichon_02,2026-01-21 01:59:44,2026-01-21 01:59:48.402164,4.402163626469173
decline_fast_recovery_bichon_02,2026-01-21 01:59:44,2026-01-21 01:59:48.640341,4.640341313988333
decline_fast_recovery_bichon_02,2026-01-21 01:59:46,2026-01-21 01:59:50.531478,4.531477800573527
decline_fast_recovery_bichon_02,2026-01-21 01:59:15,2026-01-21 01:59:22.616188,7.616187787460413
decline_fast_recovery_bichon_02,2026-01-21 01:59:48,2026-01-21 01:59:51.038535,3.038534961494391
decline_fast_recovery_bichon_02,2026-01-21 01:59:16,2026-01-21 01:59:18.557315,2.5573148765589515
decline_fast_recovery_bichon_02,2026-01-21 01:59:20,2026-01-21 01:59:24.995273,4.995273120213652
decline_fast_recovery_bichon_02,2026-01-21 01:59:10,2026-01-21 01:59:17.593478,7.593478107140207
decline_fast_recovery_bichon_02,2026-01-21 01:59:41,2026-01-21 01:59:47.602919,6.602918582269118
decline_fast_recovery_bichon_02,2026-01-21 01:59:42,2026-01-21 01:59:49.112014,7.112014432452773
decline_fast_recovery_bichon_02,2026-01-21 01:59:01,2026-01-21 01:59:04.496387,3.4963869622401758
decline_fast_recovery_bichon_02,2026-01-21 01:59:56,2026-01-21 02:00:03.300403,7.300403091204182
decline_fast_recovery_bichon_02,2026-01-21 01:59:16,2026-01-21 01:59:23.763412,7.76341222841976
decline_fast_recovery_bichon_02,2026-01-21 01:59:40,2026-01-21 01:59:45.333191,5.333191247384332
decline_fast_recovery_bichon_02,2026-01-21 01:59:34,2026-01-21 01:59:36.355091,2.3550912404393105
decline_fast_recovery_bichon_02,2026-01-21 01:59:28,2026-01-21 01:59:32.204413,4.204413339645622
decline_fast_recovery_bichon_02,2026-01-21 01:59:16,2026-01-21 01:59:23.723725,7.723725247583746
decline_fast_recovery_bichon_02,2026-01-21 01:59:06,2026-01-21 01:59:12.787358,6.787358479206484
decline_fast_recovery_bichon_02,2026-01-21 01:59:45,2026-01-21 01:59:48.527037,3.527037316751787
decline_fast_recovery_bichon_02,2026-01-21 01:59:38,2026-01-21 01:59:44.929816,6.929816465071408
decline_fast_recovery_bichon_02,2026-01-21 01:59:00,2026-01-21 01:59:05.434238,5.434238358989364
decline_fast_recovery_bichon_02,2026-01-21 01:59:34,2026-01-21 01:59:36.963428,2.963428436125654
decline_fast_recovery_bichon_02,2026-01-21 01:59:59,2026-01-21 02:00:04.852028,5.852027647933784
decline_fast_recovery_bichon_02,2026-01-21 01:59:01,2026-01-21 01:59:07.512814,6.5128138379773
decline_fast_recovery_bichon_02,2026-01-21 19:45:17,2026-01-21 19:45:20.210587,3.2105873152079316
decline_fast_recovery_bichon_02,2026-01-21 06:04:53,2026-01-21 06:05:00.341278,7.341277638905144
decline_fast_recovery_bichon_02,2026-01-21 09:38:15,2026-01-21 09:38:22.116541,7.116541073384385
decline_fast_recovery_bichon_02,2026-01-21 20:51:14,2026-01-21 20:51:18.643838,4.643838247743234
decline_fast_recovery_bichon_02,2026-01-21 08:17:16,2026-01-21 08:17:24.020281,8.020280694254053
decline_fast_recovery_bichon_02,2026-01-21 07:23:30,2026-01-21 07:23:34.765078,4.765078027279359
decline_fast_recovery_bichon_02,2026-01-21 13:11:55,2026-01-21 13:12:01.464811,6.464810916575016
decline_fast_recovery_bichon_02,2026-01-21 11:41:23,2026-01-21 11:41:28.842763,5.842763436989781
decline_fast_recovery_bichon_02,2026-01-21 13:26:07,2026-01-21 13:26:13.407476,6.407475797928441
decline_fast_recovery_bichon_02,2026-01-21 15:34:05,2026-01-21 15:34:10.457006,5.457006227965698
decline_fast_recovery_bichon_02,2026-01-22 11:00:41,2026-01-22 11:00:45.428170,4.42817020787703
decline_fast_recovery_bichon_02,2026-01-22 11:06:18,2026-01-22 11:06:21.823974,3.8239739122967156
decline_fast_recovery_bichon_02,2026-01-22 11:12:26,2026-01-22 11:12:33.050415,7.050415484560597
decline_fast_recovery_bichon_02,2026-01-22 11:18:30,2026-01-22 11:18:33.637412,3.637411544056779
decline_fast_recovery_bichon_02,2026-01-22 11:24:49,2026-01-22 11:24:54.644177,5.644176623381698
decline_fast_recovery_bichon_02,2026-01-22 11:30:08,2026-01-22 11:30:10.158364,2.1583641987636337
decline_fast_recovery_bichon_02,2026-01-22 11:36:03,2026-01-22 11:36:08.049906,5.049905722955852
decline_fast_recovery_bichon_02,2026-01-22 11:42:04,2026-01-22 11:42:07.808783,3.808783306064987
decline_fast_recovery_bichon_02,2026-01-22 11:48:09,2026-01-22 11:48:16.430519,7.430518530893049
decline_fast_recovery_bichon_02,2026-01-22 11:54:17,2026-01-22 11:54:19.901207,2.9012070992028605
decline_fast_recovery_bichon_02,2026-01-22 11:59:47,2026-01-22 11:59:51.951268,4.951267953393428
decline_fast_recovery_bichon_02,2026-01-22 11:59:48,2026-01-22 11:59:55.258924,7.258924240959677
decline_fast_recovery_bichon_02,2026-01-22 11:59:15,2026-01-22 11:59:17.477524,2.4775235400075815
decline_fast_recovery_bichon_02,2026-01-22 11:59:57,2026-01-22 12:00:02.295840,5.29583974322261
decline_fast_recovery_bichon_02,2026-01-22 11:59:03,2026-01-22 11:59:07.261761,4.261760970591311
decline_fast_recovery_bichon_02,2026-01-22 11:59:57,2026-01-22 12:00:04.706711,7.706711046828299
decline_fast_recovery_bichon_02,2026-01-22 11:59:24,2026-01-22 11:59:26.673882,2.673881625613799
decline_fast_recovery_bichon_02,2026-01-22 11:59:58,2026-01-22 12:00:04.338516,6.338516087969339
decline_fast_recovery_bichon_02,2026-01-22 11:59:03,2026-01-22 11:59:09.658798,6.658797935006773
decline_fast_recovery_bichon_02,2026-01-22 11:59:33,2026-01-22 11:59:36.565248,3.5652477702037597
decline_fast_recovery_bichon_02,2026-01-22 11:59:48,2026-01-22 11:59:52.384932,4.3849324406212435
decline_fast_recovery_bichon_02,2026-01-22 11:59:48,2026-01-22 11:59:52.862943,4.862943183405539
decline_fast_recovery_bichon_02,2026-01-22 11:59:53,2026-01-22 11:59:57.028850,4.028849761180152
decline_fast_recovery_bichon_02,2026-01-22 11:59:06,2026-01-22 11:59:11.911966,5.91196596989706
decline_fast_recovery_bichon_02,2026-01-22 11:59:48,2026-01-22 11:59:52.558365,4.558365082055232
decline_fast_recovery_bichon_02,2026-01-22 11:59:25,2026-01-22 11:59:31.191788,6.1917875542316345
decline_fast_recovery_bichon_02,2026-01-22 11:59:15,2026-01-22 11:59:22.731590,7.731590447204136
decline_fast_recovery_bichon_02,2026-01-22 11:59:42,2026-01-22 11:59:46.472984,4.47298438291886
decline_fast_recovery_bichon_02,2026-01-22 11:59:36,2026-01-22 11:59:41.356235,5.356235349367813
decline_fast_recovery_bichon_02,2026-01-22 11:59:03,2026-01-22 11:59:08.752406,5.752406372787636
decline_fast_recovery_bichon_02,2026-01-22 11:59:43,2026-01-22 11:59:49.937158,6.937157546704218
decline_fast_recovery_bichon_02,2026-01-22 11:59:30,2026-01-22 11:59:37.103602,7.103602175771659
decline_fast_recovery_bichon_02,2026-01-22 11:59:41,2026-01-22 11:59:45.800717,4.800717063179924
decline_fast_recovery_bichon_02,2026-01-22 11:59:22,2026-01-22 11:59:26.568783,4.568782873395416
decline_fast_recovery_bichon_02,2026-01-22 11:59:35,2026-01-22 11:59:41.088488,6.088487528967212
decline_fast_recovery_bichon_02,2026-01-22 11:59:15,2026-01-22 11:59:17.145290,2.1452904377494875
decline_fast_recovery_bichon_02,2026-01-22 11:59:18,2026-01-22 11:59:22.728111,4.728110782668452
decline_fast_recovery_bichon_02,2026-01-22 11:59:26,2026-01-22 11:59:33.169577,7.169577039176766
decline_fast_recovery_bichon_02,2026-01-22 20:26:18,2026-01-22 20:26:21.798422,3.7984216650144953
decline_fast_recovery_bichon_02,2026-01-22 09:22:53,2026-01-22 09:22:56.322452,3.3224517082311307
decline_fast_recovery_bichon_02,2026-01-22 17:00:00,2026-01-22 17:00:03.751199,3.7511989599798388
decline_fast_recovery_bichon_02,2026-01-22 06:57:48,2026-01-22 06:57:55.137252,7.1372517231371715
decline_fast_recovery_bichon_02,2026-01-22 15:44:27,2026-01-22 15:44:33.854754,6.854753698345156
decline_fast_recovery_bichon_02,2026-01-22 21:17:27,2026-01-22 21:17:32.970507,5.970507254218947
decline_fast_recovery_bichon_02,2026-01-22 17:01:09,2026-01-22 17:01:15.337639,6.337639382980478
decline_fast_recovery_bichon_02,2026-01-22 17:44:12,2026-01-22 17:44:17.283109,5.283109270046143
decline_fast_recovery_bichon_02,2026-01-22 10:23:06,2026-01-22 10:23:13.916029,7.916029353950283
decline_fast_recovery_bichon_02,2026-01-22 14:21:32,2026-01-22 14:21:37.077777,5.0777772803322705
decline_fast_recovery_bichon_02,2026-01-22 02:00:00,2026-01-22 02:00:05.000000,5.0
decline_fast_recovery_bichon_02,2026-01-23 18:00:39,2026-01-23 18:00:44.733416,5.733416033874379
decline_fast_recovery_bichon_02,2026-01-23 18:06:42,2026-01-23 18:06:48.877121,6.877121344955555
decline_fast_recovery_bichon_02,2026-01-23 18:12:02,2026-01-23 18:12:08.896279,6.896279327230173
decline_fast_recovery_bichon_02,2026-01-23 18:18:59,2026-01-23 18:19:03.069157,4.06915692041795
decline_fast_recovery_bichon_02,2026-01-23 18:24:07,2026-01-23 18:24:12.379623,5.379623250641566
decline_fast_recovery_bichon_02,2026-01-23 18:30:02,2026-01-23 18:30:09.215339,7.215339010038968
decline_fast_recovery_bichon_02,2026-01-23 18:36:08,2026-01-23 18:36:10.207426,2.2074257787446716
decline_fast_recovery_bichon_02,2026-01-23 18:42:42,2026-01-23 18:42:46.436860,4.43686026528943
decline_fast_recovery_bichon_02,2026-01-23 18:48:04,2026-01-23 18:48:11.354561,7.3545607969509215
decline_fast_recovery_bichon_02,2026-01-23 18:54:32,2026-01-23 18:54:35.721773,3.721773446774868
decline_fast_recovery_bichon_02,2026-01-23 18:43:32,2026-01-23 18:43:38.812442,6.812441747071664
decline_fast_recovery_bichon_02,2026-01-23 10:30:28,2026-01-23 10:30:30.930191,2.9301912553685923
decline_fast_recovery_bichon_02,2026-01-23 08:29:32,2026-01-23 08:29:35.944570,3.9445703411537534
decline_fast_recovery_bichon_02,2026-01-23 21:03:05,2026-01-23 21:03:07.999062,2.9990618200983095
decline_fast_recovery_bichon_02,2026-01-23 20:24:16,2026-01-23 20:24:21.052901,5.0529009592643455
decline_fast_recovery_bichon_02,2026-01-23 07:28:53,2026-01-23 07:28:56.980753,3.9807532176359266
decline_fast_recovery_bichon_02,2026-01-23 11:19:58,2026-01-23 11:20:04.100860,6.100860070045382
decline_fast_recovery_bichon_02,2026-01-23 13:33:21,2026-01-23 13:33:23.367870,2.3678704051450263
decline_fast_recovery_bichon_02,2026-01-23 13:13:12,2026-01-23 13:13:18.925541,6.9255414043693735
decline_fast_recovery_bichon_02,2026-01-23 21:12:25,2026-01-23 21:12:28.091908,3.0919082838040812
decline_fast_recovery_bichon_02,2026-01-23 15:00:00,2026-01-23 15:01:15.000000,75.0
decline_fast_recovery_bichon_02,2026-01-24 15:00:35,2026-01-24 15:00:38.721404,3.7214035021758467
decline_fast_recovery_bichon_02,2026-01-24 15:06:14,2026-01-24 15:06:20.816923,6.816922952796023
decline_fast_recovery_bichon_02,2026-01-24 15:12:46,2026-01-24 15:12:51.699690,5.69968995672733
decline_fast_recovery_bichon_02,2026-01-24 15:18:40,2026-01-24 15:18:45.091033,5.091033292888257
decline_fast_recovery_bichon_02,2026-01-24 15:24:28,2026-01-24 15:24:31.645355,3.645354544164685
decline_fast_recovery_bichon_02,2026-01-24 15:30:15,2026-01-24 15:30:20.096561,5.096561357328387
decline_fast_recovery_bichon_02,2026-01-24 15:36:51,2026-01-24 15:36:56.366321,5.366320718065516
decline_fast_recovery_bichon_02,2026-01-24 15:42:42,2026-01-24 15:42:46.101089,4.101089035473636
decline_fast_recovery_bichon_02,2026-01-24 15:48:26,2026-01-24 15:48:30.631810,4.631809714398472
decline_fast_recovery_bichon_02,2026-01-24 17:20:07,2026-01-24 17:20:11.273888,4.273888079055548
decline_fast_recovery_bichon_02,2026-01-24 12:22:06,2026-01-24 12:22:10.009693,4.009693343991601
decline_fast_recovery_bichon_02,2026-01-24 08:46:38,2026-01-24 08:46:41.977492,3.9774918817146556
decline_fast_recovery_bichon_02,2026-01-24 17:46:40,2026-01-24 17:46:44.679154,4.679154156502142
decline_fast_recovery_bichon_02,2026-01-24 15:39:17,2026-01-24 15:39:22.318276,5.318276389566887
decline_fast_recovery_bichon_02,2026-01-24 09:40:01,2026-01-24 09:40:06.230130,5.23013031538036
decline_fast_recovery_bichon_02,2026-01-24 11:59:19,2026-01-24 11:59:23.345283,4.345283330780403
decline_fast_recovery_bichon_02,2026-01-24 09:55:23,2026-01-24 09:55:27.085238,4.0852383866109605
decline_fast_recovery_bichon_02,2026-01-24 06:28:18,2026-01-24 06:28:24.440716,6.440715533523533
decline_fast_recovery_bichon_02,2026-01-24 13:57:25,2026-01-24 13:57:30.491790,5.491789625708713
decline_fast_recovery_bichon_02,2026-01-25 04:00:44,2026-01-25 04:00:48.068620,4.068620016836666
decline_fast_recovery_bichon_02,2026-01-25 04:06:29,2026-01-25 04:06:33.569275,4.569275072179472
decline_fast_recovery_bichon_02,2026-01-25 04:12:31,2026-01-25 04:12:37.522390,6.522389787558941
decline_fast_recovery_bichon_02,2026-01-25 04:18:56,2026-01-25 04:18:58.066484,2.0664842073010923
decline_fast_recovery_bichon_02,2026-01-25 04:24:20,2026-01-25 04:24:24.972119,4.972119444645661
decline_fast_recovery_bichon_02,2026-01-25 04:30:31,2026-01-25 04:30:34.155553,3.1555530532889353
decline_fast_recovery_bichon_02,2026-01-25 04:36:19,2026-01-25 04:36:23.863449,4.863448926584812
decline_fast_recovery_bichon_02,2026-01-25 04:42:09,2026-01-25 04:42:12.405064,3.405063609557363
decline_fast_recovery_bichon_02,2026-01-25 04:48:43,2026-01-25 04:48:47.979724,4.9797237093154685
decline_fast_recovery_bichon_02,2026-01-25 04:54:38,2026-01-25 04:54:41.350210,3.350210476949042
decline_fast_recovery_bichon_02,2026-01-25 04:59:19,2026-01-25 04:59:25.089741,6.089740999086718
decline_fast_recovery_bichon_02,2026-01-25 04:59:18,2026-01-25 04:59:20.264855,2.264855060074319
decline_fast_recovery_bichon_02,2026-01-25 04:59:22,2026-01-25 04:59:27.096823,5.096822542102639
decline_fast_recovery_bichon_02,2026-01-25 04:59:53,2026-01-25 04:59:59.016042,6.016041573005083
decline_fast_recovery_bichon_02,2026-01-25 04:59:09,2026-01-25 04:59:12.546934,3.5469337441653117
decline_fast_recovery_bichon_02,2026-01-25 04:59:45,2026-01-25 04:59:50.590661,5.590660591028402
decline_fast_recovery_bichon_02,2026-01-25 04:59:19,2026-01-25 04:59:21.007309,2.0073092736872327
decline_fast_recovery_bichon_02,2026-01-25 04:59:52,2026-01-25 04:59:55.785765,3.7857647798637464
decline_fast_recovery_bichon_02,2026-01-25 04:59:55,2026-01-25 05:00:01.347038,6.3470375972006225
decline_fast_recovery_bichon_02,2026-01-25 04:59:01,2026-01-25 04:59:04.209592,3.209591855676538
decline_fast_recovery_bichon_02,2026-01-25 04:59:34,2026-01-25 04:59:36.740721,2.7407205760210234
decline_fast_recovery_bichon_02,2026-01-25 04:59:59,2026-01-25 05:00:00.730152,1.7301521069959334
decline_fast_recovery_bichon_02,2026-01-25 04:59:59,2026-01-25 05:00:05.225027,6.225026568848252
decline_fast_recovery_bichon_02,2026-01-25 04:59:49,2026-01-25 04:59:51.187865,2.1878654096557537
decline_fast_recovery_bichon_02,2026-01-25 04:59:13,2026-01-25 04:59:14.974864,1.9748644439534613
decline_fast_recovery_bichon_02,2026-01-25 04:59:51,2026-01-25 04:59:54.407511,3.4075109187236103
decline_fast_recovery_bichon_02,2026-01-25 04:59:05,2026-01-25 04:59:07.213037,2.2130371774861612
decline_fast_recovery_bichon_02,2026-01-25 04:59:52,2026-01-25 04:59:55.699355,3.6993546896274103
decline_fast_recovery_bichon_02,2026-01-25 04:59:08,2026-01-25 04:59:11.366303,3.3663033888052656
decline_fast_recovery_bichon_02,2026-01-25 04:59:57,2026-01-25 05:00:02.596746,5.5967464365777655
decline_fast_recovery_bichon_02,2026-01-25 04:59:38,2026-01-25 04:59:41.990502,3.9905023145065996
decline_fast_recovery_bichon_02,2026-01-25 04:59:57,2026-01-25 04:59:58.811347,1.8113471702195627
decline_fast_recovery_bichon_02,2026-01-25 04:59:29,2026-01-25 04:59:34.203028,5.203028135545553
decline_fast_recovery_bichon_02,2026-01-25 04:59:01,2026-01-25 04:59:07.623466,6.623465846219807
decline_fast_recovery_bichon_02,2026-01-25 06:59:15,2026-01-25 06:59:19.910728,4.910728162517489
decline_fast_recovery_bichon_02,2026-01-25 12:31:39,2026-01-25 12:31:43.906411,4.90641098727906
decline_fast_recovery_bichon_02,2026-01-25 12:47:45,2026-01-25 12:47:47.788500,2.788499951507888
decline_fast_recovery_bichon_02,2026-01-25 12:14:44,2026-01-25 12:14:50.077658,6.0776575421321954
decline_fast_recovery_bichon_02,2026-01-25 08:14:27,2026-01-25 08:14:30.984099,3.9840985955045625
decline_fast_recovery_bichon_02,2026-01-25 06:44:03,2026-01-25 06:44:05.038821,2.038820996216387
decline_fast_recovery_bichon_02,2026-01-25 19:39:34,2026-01-25 19:39:39.991144,5.99114358556418
decline_fast_recovery_bichon_02,2026-01-25 11:11:40,2026-01-25 11:11:42.758593,2.7585925867947996
decline_fast_recovery_bichon_02,2026-01-25 21:12:52,2026-01-25 21:12:55.324720,3.3247203053279937
decline_fast_recovery_bichon_02,2026-01-25 07:31:02,2026-01-25 07:31:06.017863,4.017862927968351
decline_fast_recovery_bichon_02,2026-01-26 00:00:31,2026-01-26 00:00:36.543152,5.543151955490976
decline_fast_recovery_bichon_02,2026-01-26 00:06:39,2026-01-26 00:06:43.673067,4.673066648452718
decline_fast_recovery_bichon_02,2026-01-26 00:12:16,2026-01-26 00:12:21.700748,5.700747506458926
decline_fast_recovery_bichon_02,2026-01-26 00:18:46,2026-01-26 00:18:49.179549,3.17954852364175
decline_fast_recovery_bichon_02,2026-01-26 00:24:38,2026-01-26 00:24:43.658175,5.658175355391098
decline_fast_recovery_bichon_02,2026-01-26 00:30:37,2026-01-26 00:30:42.144511,5.14451110734576
decline_fast_recovery_bichon_02,2026-01-26 00:36:52,2026-01-26 00:36:54.266221,2.2662213350093263
decline_fast_recovery_bichon_02,2026-01-26 00:42:43,2026-01-26 00:42:48.148233,5.1482328117094935
decline_fast_recovery_bichon_02,2026-01-26 00:48:07,2026-01-26 00:48:12.343945,5.343944918892807
decline_fast_recovery_bichon_02,2026-01-26 00:54:19,2026-01-26 00:54:22.218172,3.2181716796542923
decline_fast_recovery_bichon_02,2026-01-26 00:59:20,2026-01-26 00:59:25.925221,5.925220554907875
decline_fast_recovery_bichon_02,2026-01-26 11:20:40,2026-01-26 11:20:43.651281,3.651281051595236
decline_fast_recovery_bichon_02,2026-01-26 13:23:42,2026-01-26 13:23:44.720239,2.720239061424274
decline_fast_recovery_bichon_02,2026-01-26 16:39:09,2026-01-26 16:39:11.859345,2.8593454053375336
decline_fast_recovery_bichon_02,2026-01-26 11:58:16,2026-01-26 11:58:20.379191,4.379191451626256
decline_fast_recovery_bichon_02,2026-01-26 21:27:11,2026-01-26 21:27:12.565658,1.5656579932540722
decline_fast_recovery_bichon_02,2026-01-26 16:14:35,2026-01-26 16:14:38.246690,3.246689690579675
decline_fast_recovery_bichon_02,2026-01-26 09:31:19,2026-01-26 09:31:20.579107,1.579106568011863
decline_fast_recovery_bichon_02,2026-01-26 11:38:34,2026-01-26 11:38:39.155618,5.15561816175904
decline_fast_recovery_bichon_02,2026-01-26 15:37:25,2026-01-26 15:37:28.568015,3.56801517878744
decline_fast_recovery_bichon_02,2026-01-26 08:59:27,2026-01-26 08:59:31.677390,4.677389695341641
decline_fast_recovery_bichon_02,2026-01-27 00:00:54,2026-01-27 00:00:56.514180,2.514180076761293
decline_fast_recovery_bichon_02,2026-01-27 00:06:02,2026-01-27 00:06:04.032583,2.0325825802416233
decline_fast_recovery_bichon_02,2026-01-27 00:12:45,2026-01-27 00:12:47.455126,2.4551264953297363
decline_fast_recovery_bichon_02,2026-01-27 00:18:15,2026-01-27 00:18:19.062961,4.0629606060271914
decline_fast_recovery_bichon_02,2026-01-27 12:41:01,2026-01-27 12:41:03.485101,2.485100846413614
decline_fast_recovery_bichon_02,2026-01-27 20:16:00,2026-01-27 20:16:03.762086,3.762086241329025
decline_fast_recovery_bichon_02,2026-01-27 15:39:00,2026-01-27 15:39:05.120576,5.1205756093108965
decline_fast_recovery_bichon_02,2026-01-27 09:51:55,2026-01-27 09:52:00.554519,5.554519116732318
decline_fast_recovery_bichon_02,2026-01-27 09:22:37,2026-01-27 09:22:38.752593,1.7525930832675498
decline_fast_recovery_bichon_02,2026-01-27 09:53:10,2026-01-27 09:53:14.849133,4.849132759926055
decline_fast_recovery_bichon_02,2026-01-27 17:39:24,2026-01-27 17:39:29.062858,5.062857556436865
decline_fast_recovery_bichon_02,2026-01-27 06:46:54,2026-01-27 06:46:58.402420,4.40241959336865
decline_fast_recovery_bichon_02,2026-01-27 14:00:36,2026-01-27 14:00:37.773189,1.773189336690045
decline_fast_recovery_bichon_02,2026-01-27 16:59:36,2026-01-27 16:59:38.372845,2.3728450712725433
decline_fast_recovery_bichon_02,2026-01-28 01:00:00,2026-01-28 01:00:03.792249,3.792248538169304
decline_fast_recovery_bichon_02,2026-01-28 01:06:07,2026-01-28 01:06:08.319412,1.319412423151224
decline_fast_recovery_bichon_02,2026-01-28 01:12:15,2026-01-28 01:12:18.753649,3.75364936799833
decline_fast_recovery_bichon_02,2026-01-28 01:18:28,2026-01-28 01:18:30.610647,2.6106467507137534
decline_fast_recovery_bichon_02,2026-01-28 01:24:39,2026-01-28 01:24:43.837427,4.837427133401824
decline_fast_recovery_bichon_02,2026-01-28 01:30:03,2026-01-28 01:30:06.805163,3.80516329031163
decline_fast_recovery_bichon_02,2026-01-28 01:36:35,2026-01-28 01:36:39.743304,4.7433040824322115
decline_fast_recovery_bichon_02,2026-01-28 01:42:18,2026-01-28 01:42:22.318438,4.318437802060582
decline_fast_recovery_bichon_02,2026-01-28 01:48:19,2026-01-28 01:48:22.702935,3.7029347718405954
decline_fast_recovery_bichon_02,2026-01-28 01:54:26,2026-01-28 01:54:30.778045,4.778045480521156
decline_fast_recovery_bichon_02,2026-01-28 01:59:06,2026-01-28 01:59:10.952294,4.952293657395705
decline_fast_recovery_bichon_02,2026-01-28 01:59:06,2026-01-28 01:59:08.399440,2.39944010287858
decline_fast_recovery_bichon_02,2026-01-28 01:59:25,2026-01-28 01:59:29.403081,4.403080758242246
decline_fast_recovery_bichon_02,2026-01-28 01:59:31,2026-01-28 01:59:32.578236,1.5782362485560266
decline_fast_recovery_bichon_02,2026-01-28 01:59:21,2026-01-28 01:59:25.875712,4.8757123147824455
decline_fast_recovery_bichon_02,2026-01-28 01:59:05,2026-01-28 01:59:07.673486,2.6734856362514976
decline_fast_recovery_bichon_02,2026-01-28 01:59:41,2026-01-28 01:59:43.020583,2.0205834805070895
decline_fast_recovery_bichon_02,2026-01-28 11:35:25,2026-01-28 11:35:29.432199,4.432198938725312
decline_fast_recovery_bichon_02,2026-01-28 17:18:32,2026-01-28 17:18:33.679810,1.6798099776424174
decline_fast_recovery_bichon_02,2026-01-28 15:59:57,2026-01-28 16:00:01.585467,4.585466587187884
decline_fast_recovery_bichon_02,2026-01-28 16:54:20,2026-01-28 16:54:23.699569,3.699569002741005
decline_fast_recovery_bichon_02,2026-01-28 17:49:41,2026-01-28 17:49:44.434539,3.4345386048475195
decline_fast_recovery_bichon_02,2026-01-28 20:34:10,2026-01-28 20:34:14.626759,4.626759152290661
decline_fast_recovery_bichon_02,2026-01-28 11:04:29,2026-01-28 11:04:31.932764,2.932764309745049
decline_fast_recovery_bichon_02,2026-01-28 17:44:06,2026-01-28 17:44:07.966614,1.966613516514135
decline_fast_recovery_bichon_02,2026-01-28 06:13:17,2026-01-28 06:13:21.183059,4.183059011617685
decline_fast_recovery_bichon_02,2026-01-28 17:43:32,2026-01-28 17:43:36.054859,4.054859325728319
decline_fast_recovery_bichon_02,2026-01-29 18:09:21,2026-01-29 18:09:22.299443,1.2994425699344445
decline_fast_recovery_bichon_02,2026-01-29 16:27:41,2026-01-29 16:27:43.944964,2.9449638134709946
decline_fast_recovery_bichon_02,2026-01-29 09:44:47,2026-01-29 09:44:49.285267,2.2852674444062853
decline_fast_recovery_bichon_02,2026-01-29 13:40:28,2026-01-29 13:40:29.240138,1.240137934472199
decline_fast_recovery_bichon_02,2026-01-29 06:03:06,2026-01-29 06:03:07.230767,1.2307670776280795
decline_fast_recovery_bichon_02,2026-01-29 18:36:02,2026-01-29 18:36:05.553709,3.5537087496860615
decline_fast_recovery_bichon_02,2026-01-30 22:17:27,2026-01-30 22:17:28.085149,1.0851490992231714
decline_fast_recovery_bichon_02,2026-01-30 06:36:06,2026-01-30 06:36:09.822219,3.8222188073797305
decline_fast_recovery_bichon_02,2026-01-30 11:11:56,2026-01-30 11:11:59.436326,3.4363263312628
decline_fast_recovery_bichon_02,2026-01-30 08:50:28,2026-01-30 08:50:30.060955,2.0609545907077624
decline_fast_recovery_bichon_02,2026-01-30 17:39:31,2026-01-30 17:39:32.676635,1.6766347791626703
decline_fast_recovery_bichon_02,2026-01-30 01:04:03,2026-01-30 01:04:04.718958,1.7189584048772648
decline_fast_recovery_bichon_02,2026-01-30 08:40:45,2026-01-30 08:40:47.380326,2.3803261893677616
decline_fast_recovery_bichon_02,2026-01-30 16:03:09,2026-01-30 16:03:12.374232,3.3742317433663356
decline_fast_recovery_bichon_02,2026-01-30 07:45:46,2026-01-30 07:45:49.985016,3.9850160201955793
decline_fast_recovery_bichon_02,2026-01-30 09:28:02,2026-01-30 09:28:05.869256,3.8692555894730694
decline_fast_recovery_bichon_02,2026-01-30 20:09:07,2026-01-30 20:09:10.811384,3.81138366290824
decline_fast_recovery_bichon_02,2026-01-30 00:24:50,2026-01-30 00:24:52.493542,2.4935419384313677
decline_fast_recovery_bichon_02,2026-01-30 06:10:29,2026-01-30 06:10:32.037282,3.0372820846810127
decline_fast_recovery_bichon_02,2026-01-30 10:23:55,2026-01-30 10:23:56.475660,1.475659685030652
decline_fast_recovery_bichon_02,2026-01-30 04:42:45,2026-01-30 04:42:48.402226,3.402225840776259
decline_fast_recovery_bichon_02,2026-01-30 14:29:49,2026-01-30 14:29:52.882174,3.88217448870761
decline_fast_recovery_bichon_02,2026-01-30 07:46:55,2026-01-30 07:46:58.284154,3.2841542976125613
decline_fast_recovery_bichon_02,2026-01-30 16:14:52,2026-01-30 16:14:53.648644,1.6486440772872757
decline_fast_recovery_bichon_02,2026-01-30 02:15:14,2026-01-30 02:15:16.201940,2.201939626898991
decline_fast_recovery_bichon_02,2026-01-30 06:22:50,2026-01-30 06:22:51.755786,1.7557858416885224
decline_fast_recovery_bichon_02,2026-01-31 03:48:05,2026-01-31 03:48:07.569468,2.569468183488933
decline_fast_recovery_bichon_02,2026-01-31 10:14:12,2026-01-31 10:14:13.340291,1.3402905229415754
decline_fast_recovery_bichon_02,2026-01-31 15:33:47,2026-01-31 15:33:49.652233,2.6522329047432436
decline_fast_recovery_bichon_02,2026-01-31 08:03:26,2026-01-31 08:03:27.782383,1.7823827523911926
decline_fast_recovery_bichon_02,2026-01-31 08:38:38,2026-01-31 08:38:39.357247,1.3572468264729591
decline_fast_recovery_bichon_02,2026-01-31 09:14:40,2026-01-31 09:14:42.044322,2.0443215203779452
decline_fast_recovery_bichon_02,2026-01-31 18:12:57,2026-01-31 18:12:59.272213,2.2722133143295196
decline_fast_recovery_bichon_02,2026-01-31 15:23:20,2026-01-31 15:23:21.658283,1.6582827102146536
decline_fast_recovery_bichon_02,2026-01-31 21:00:15,2026-01-31 21:00:16.404144,1.404144393159308
decline_fast_recovery_bichon_02,2026-02-01 12:22:37,2026-02-01 12:22:38.560799,1.5607992226187515
decline_fast_recovery_bichon_02,2026-02-01 22:33:04,2026-02-01 22:33:05.974335,1.9743352549610886
decline_fast_recovery_bichon_02,2026-02-01 13:02:56,2026-02-01 13:02:59.012374,3.012373606461405
decline_fast_recovery_bichon_02,2026-02-01 10:26:08,2026-02-01 10:26:10.868908,2.8689078956163843
decline_fast_recovery_bichon_02,2026-02-01 09:25:31,2026-02-01 09:25:34.327868,3.327867689233454
decline_fast_recovery_bichon_02,2026-02-01 13:33:46,2026-02-01 13:33:48.557681,2.5576807556329673
decline_fast_recovery_bichon_02,2026-02-01 06:11:31,2026-02-01 06:11:33.981917,2.9819166265943027
decline_fast_recovery_bichon_02,2026-02-01 11:29:40,2026-02-01 11:29:43.186603,3.1866026260000595
decline_fast_recovery_bichon_02,2026-02-02 16:27:07,2026-02-02 16:27:08.636321,1.636320870778774
decline_fast_recovery_bichon_02,2026-02-02 06:20:39,2026-02-02 06:20:42.656256,3.6562558965982643
decline_fast_recovery_bichon_02,2026-02-02 15:46:10,2026-02-02 15:46:12.664656,2.6646563296551773
decline_fast_recovery_bichon_02,2026-02-02 11:21:09,2026-02-02 11:21:11.789644,2.789644009193659
decline_fast_recovery_bichon_02,2026-02-02 09:30:47,2026-02-02 09:30:48.502170,1.502170487479406
decline_fast_recovery_bichon_02,2026-02-02 16:21:16,2026-02-02 16:21:17.793599,1.7935991544878476
decline_fast_recovery_bichon_02,2026-02-02 12:29:58,2026-02-02 12:29:59.752149,1.7521488593239551
decline_fast_recovery_bichon_02,2026-02-02 17:41:58,2026-02-02 17:41:59.821191,1.8211909026775075
decline_fast_recovery_bichon_02,2026-02-02 03:14:31,2026-02-02 03:14:32.314897,1.3148968395591187
decline_fast_recovery_bichon_02,2026-02-02 13:36:04,2026-02-02 13:36:06.987227,2.9872274476265774
decline_fast_recovery_bichon_02,2026-02-02 14:18:58,2026-02-02 14:19:00.991846,2.991845914165592
decline_fast_recovery_bichon_02,2026-02-02 11:57:48,2026-02-02 11:57:49.005464,1.0054637539183804
decline_fast_recovery_bichon_02,2026-02-02 04:50:31,2026-02-02 04:50:32.093810,1.0938095296322277
decline_fast_recovery_bichon_02,2026-02-02 12:24:23,2026-02-02 12:24:26.329540,3.3295400199600436
decline_fast_recovery_bichon_02,2026-02-02 08:47:31,2026-02-02 08:47:34.607255,3.607254655671498
decline_fast_recovery_bichon_02,2026-02-02 18:22:17,2026-02-02 18:22:20.774434,3.7744335415406516
decline_fast_recovery_bichon_02,2026-02-02 11:17:54,2026-02-02 11:17:56.697622,2.6976220245234015
decline_fast_recovery_bichon_02,2026-02-03 03:26:08,2026-02-03 03:26:11.708018,3.7080183015901413
decline_fast_recovery_bichon_02,2026-02-03 13:23:28,2026-02-03 13:23:29.022793,1.0227933310431907
decline_fast_recovery_bichon_02,2026-02-03 07:00:48,2026-02-03 07:00:49.525054,1.5250542157279323
decline_fast_recovery_bichon_02,2026-02-03 18:26:44,2026-02-03 18:26:45.127079,1.1270792150372844
decline_fast_recovery_bichon_02,2026-02-03 11:03:37,2026-02-03 11:03:40.209204,3.2092039311788545
decline_fast_recovery_bichon_02,2026-02-03 21:21:41,2026-02-03 21:21:43.682214,2.6822141264952224
decline_fast_recovery_bichon_02,2026-02-03 02:09:51,2026-02-03 02:09:52.470272,1.4702716602404051
decline_fast_recovery_bichon_02,2026-02-03 13:29:07,2026-02-03 13:29:08.265959,1.265958513329399
decline_fast_recovery_bichon_02,2026-02-03 18:55:03,2026-02-03 18:55:06.935289,3.9352887292420906
decline_fast_recovery_bichon_02,2026-02-04 18:48:51,2026-02-04 18:48:52.654576,1.6545759415270238
decline_fast_recovery_bichon_02,2026-02-04 19:37:17,2026-02-04 19:37:18.500612,1.5006121083904955
decline_fast_recovery_bichon_02,2026-02-04 13:37:38,2026-02-04 13:37:40.384730,2.3847297994983707
decline_fast_recovery_bichon_02,2026-02-04 11:49:16,2026-02-04 11:49:17.560004,1.5600040639794313
decline_fast_recovery_bichon_02,2026-02-04 15:53:17,2026-02-04 15:53:18.004467,1.0044674078882248
decline_fast_recovery_bichon_02,2026-02-04 13:21:57,2026-02-04 13:21:58.635790,1.6357902290998103
decline_fast_recovery_bichon_02,2026-02-04 14:25:23,2026-02-04 14:25:26.411795,3.4117953307966635
decline_fast_recovery_bichon_02,2026-02-04 21:34:03,2026-02-04 21:34:06.556118,3.5561178403667757
decline_fast_recovery_bichon_02,2026-02-04 04:03:43,2026-02-04 04:03:45.787224,2.7872236237818093
decline_fast_recovery_bichon_02,2026-02-05 06:41:09,2026-02-05 06:41:11.927644,2.927643596354247
decline_fast_recovery_bichon_02,2026-02-05 09:49:11,2026-02-05 09:49:14.299154,3.2991537107985938
decline_fast_recovery_bichon_02,2026-02-05 08:19:33,2026-02-05 08:19:35.097003,2.0970031581895916
decline_fast_recovery_bichon_02,2026-02-05 07:45:40,2026-02-05 07:45:41.076182,1.0761824569757523
decline_fast_recovery_bichon_02,2026-02-05 16:34:50,2026-02-05 16:34:51.176608,1.1766077538455506
decline_fast_recovery_bichon_02,2026-02-06 17:03:37,2026-02-06 17:03:39.861190,2.8611895057367436
decline_fast_recovery_bichon_02,2026-02-06 06:48:37,2026-02-06 06:48:38.657701,1.657700735798632
decline_fast_recovery_bichon_02,2026-02-06 14:19:24,2026-02-06 14:19:25.129573,1.129573143833909
decline_fast_recovery_bichon_02,2026-02-06 21:13:44,2026-02-06 21:13:46.268571,2.2685708863721423
decline_fast_recovery_bichon_02,2026-02-06 20:49:33,2026-02-06 20:49:34.320036,1.3200359963367618
decline_fast_recovery_bichon_02,2026-02-06 13:04:08,2026-02-06 13:04:09.532429,1.5324286815896815
decline_fast_recovery_bichon_02,2026-02-06 09:16:12,2026-02-06 09:16:15.513160,3.513159640704462
decline_fast_recovery_bichon_02,2026-02-06 10:03:09,2026-02-06 10:03:11.398440,2.3984396731873967
decline_fast_recovery_bichon_02,2026-02-07 10:35:53,2026-02-07 10:35:55.795635,2.795634872423178
decline_fast_recovery_bichon_02,2026-02-07 19:57:01,2026-02-07 19:57:04.567388,3.567388477338334
decline_fast_recovery_bichon_02,2026-02-07 07:08:24,2026-02-07 07:08:27.341130,3.341129606814261
decline_fast_recovery_bichon_02,2026-02-07 13:29:09,2026-02-07 13:29:12.048763,3.048763084910829
decline_fast_recovery_bichon_02,2026-02-07 11:37:14,2026-02-07 11:37:17.268588,3.268588181487936
decline_fast_recovery_bichon_02,2026-02-07 08:22:54,2026-02-07 08:22:57.375766,3.375765880442479
decline_fast_recovery_bichon_02,2026-02-08 19:27:38,2026-02-08 19:27:40.547938,2.547937681345206
decline_fast_recovery_bichon_02,2026-02-08 18:33:31,2026-02-08 18:33:32.161233,1.161233315744496
decline_fast_recovery_bichon_02,2026-02-08 01:26:35,2026-02-08 01:26:38.350303,3.3503033866231364
decline_fast_recovery_bichon_02,2026-02-08 02:40:55,2026-02-08 02:40:56.832056,1.8320564005257027
decline_fast_recovery_bichon_02,2026-02-08 21:40:03,2026-02-08 21:40:04.631410,1.6314102928366894
decline_fast_recovery_bichon_02,2026-02-08 15:21:51,2026-02-08 15:21:53.919225,2.919225373653021
decline_fast_recovery_bichon_02,2026-02-08 03:23:55,2026-02-08 03:23:56.459312,1.4593121442966601
decline_fast_recovery_bichon_02,2026-02-08 07:10:21,2026-02-08 07:10:24.704246,3.7042458826167044
decline_fast_recovery_bichon_02,2026-02-08 11:55:57,2026-02-08 11:55:59.030211,2.0302111909031813
decline_fast_recovery_bichon_02,2026-02-08 14:27:03,2026-02-08 14:27:06.849327,3.8493274427087334
decline_fast_recovery_bichon_02,2026-02-08 13:31:24,2026-02-08 13:31:25.282337,1.2823368694286068
decline_fast_recovery_bichon_02,2026-02-08 05:09:53,2026-02-08 05:09:56.248081,3.2480808064082938
decline_fast_recovery_bichon_02,2026-02-09 21:32:03,2026-02-09 21:32:05.325705,2.3257049942327863
decline_fast_recovery_bichon_02,2026-02-09 07:59:20,2026-02-09 07:59:23.353584,3.3535841940100006
decline_fast_recovery_bichon_02,2026-02-09 04:14:12,2026-02-09 04:14:14.111743,2.111743021976623
decline_fast_recovery_bichon_02,2026-02-09 12:43:37,2026-02-09 12:43:39.283453,2.2834531136341782
decline_fast_recovery_bichon_02,2026-02-09 20:51:18,2026-02-09 20:51:20.842200,2.8422002372911543
decline_fast_recovery_bichon_02,2026-02-09 13:43:10,2026-02-09 13:43:11.543060,1.543059795851215
