pet_id,start,end,duration_sec
high_baseline_mild_bump_maltese_05,2026-01-01 13:11:42,2026-01-01 13:11:46.380130,4.3801304058330075
high_baseline_mild_bump_maltese_05,2026-01-01 09:36:07,2026-01-01 09:36:11.264627,4.264627314224255
high_baseline_mild_bump_maltese_05,2026-01-01 07:49:22,2026-01-01 07:49:25.626068,3.6260679508817044
high_baseline_mild_bump_maltese_05,2026-01-01 15:16:43,2026-01-01 15:16:47.703788,4.7037878435160465
high_baseline_mild_bump_maltese_05,2026-01-01 21:05:44,2026-01-01 21:05:46.330562,2.3305615251604856
high_baseline_mild_bump_maltese_05,2026-01-01 02:20:17,2026-01-01 02:20:20.388467,3.38846728692042
high_baseline_mild_bump_maltese_05,2026-01-01 15:03:05,2026-01-01 15:03:09.371575,4.371575000918197
high_baseline_mild_bump_maltese_05,2026-01-01 19:39:39,2026-01-01 19:39:41.954835,2.954835087571193
high_baseline_mild_bump_maltese_05,2026-01-01 06:44:02,2026-01-01 06:44:04.050382,2.050381752495113
high_baseline_mild_bump_maltese_05,2026-01-01 03:13:29,2026-01-01 03:13:33.376816,4.376816460071005
high_baseline_mild_bump_maltese_05,2026-01-01 14:53:14,2026-01-01 14:53:16.395435,2.395435367694725
high_baseline_mild_bump_maltese_05,2026-01-01 07:39:44,2026-01-01 07:39:48.874730,4.874729578276598
high_baseline_mild_bump_maltese_05,2026-01-01 20:46:53,2026-01-01 20:46:55.305358,2.305357926102203
high_baseline_mild_bump_maltese_05,2026-01-01 10:35:44,2026-01-01 10:35:48.404152,4.404152272576287
high_baseline_mild_bump_maltese_05,2026-01-01 17:00:44,2026-01-01 17:00:46.620982,2.620982105203293
high_baseline_mild_bump_maltese_05,2026-01-01 08:18:58,2026-01-01 08:19:00.870725,2.8707248812903745
high_baseline_mild_bump_maltese_05,2026-01-01 18:53:09,2026-01-01 18:53:12.272120,3.272119771205723
high_baseline_mild_bump_maltese_05,2026-01-01 09:14:55,2026-01-01 09:14:59.686052,4.686051976009448
high_baseline_mild_bump_maltese_05,2026-01-01 12:41:27,2026-01-01 12:41:29.176299,2.1762987900814457
high_baseline_mild_bump_maltese_05,2026-01-02 23:47:55,2026-01-02 23:47:58.111149,3.111148558484909
high_baseline_mild_bump_maltese_05,2026-01-02 17:23:28,2026-01-02 17:23:31.991274,3.9912735699768453
high_baseline_mild_bump_maltese_05,2026-01-02 19:33:37,2026-01-02 19:33:39.841825,2.8418250524832525
high_baseline_mild_bump_maltese_05,2026-01-02 09:33:02,2026-01-02 09:33:05.826703,3.826702917849017
high_baseline_mild_bump_maltese_05,2026-01-02 09:07:09,2026-01-02 09:07:12.646755,3.646754967292139
high_baseline_mild_bump_maltese_05,2026-01-02 21:38:01,2026-01-02 21:38:05.154938,4.154938313099773
high_baseline_mild_bump_maltese_05,2026-01-02 22:02:34,2026-01-02 22:02:38.316204,4.3162044603551415
high_baseline_mild_bump_maltese_05,2026-01-02 14:05:42,2026-01-02 14:05:45.716654,3.716654120826091
high_baseline_mild_bump_maltese_05,2026-01-02 09:42:26,2026-01-02 09:42:30.357481,4.357480869810359
high_baseline_mild_bump_maltese_05,2026-01-02 16:58:49,2026-01-02 16:58:52.823193,3.8231928895903464
high_baseline_mild_bump_maltese_05,2026-01-02 19:44:12,2026-01-02 19:44:14.237825,2.2378245931279825
high_baseline_mild_bump_maltese_05,2026-01-02 04:29:25,2026-01-02 04:29:29.556719,4.556719166709341
high_baseline_mild_bump_maltese_05,2026-01-03 09:02:59,2026-01-03 09:03:01.338182,2.338181575398739
high_baseline_mild_bump_maltese_05,2026-01-03 00:39:19,2026-01-03 00:39:23.609950,4.609950337524204
high_baseline_mild_bump_maltese_05,2026-01-03 03:13:12,2026-01-03 03:13:16.525802,4.525801944691667
high_baseline_mild_bump_maltese_05,2026-01-03 20:15:35,2026-01-03 20:15:37.744704,2.7447036233242406
high_baseline_mild_bump_maltese_05,2026-01-03 01:35:46,2026-01-03 01:35:48.763969,2.763968703158646
high_baseline_mild_bump_maltese_05,2026-01-03 08:57:15,2026-01-03 08:57:17.416281,2.4162806040287115
high_baseline_mild_bump_maltese_05,2026-01-03 04:10:22,2026-01-03 04:10:25.232445,3.2324451437054664
high_baseline_mild_bump_maltese_05,2026-01-03 16:29:42,2026-01-03 16:29:44.292980,2.2929799779192
high_baseline_mild_bump_maltese_05,2026-01-03 18:18:26,2026-01-03 18:18:29.942965,3.942965148575942
high_baseline_mild_bump_maltese_05,2026-01-03 08:22:59,2026-01-03 08:23:01.621708,2.6217080813841642
high_baseline_mild_bump_maltese_05,2026-01-03 12:12:05,2026-01-03 12:12:08.565483,3.565482783437161
high_baseline_mild_bump_maltese_05,2026-01-03 17:59:21,2026-01-03 17:59:23.324068,2.324067742702831
high_baseline_mild_bump_maltese_05,2026-01-03 19:36:12,2026-01-03 19:36:15.625387,3.6253872928171678
high_baseline_mild_bump_maltese_05,2026-01-03 20:21:26,2026-01-03 20:21:28.850064,2.850064373348674
high_baseline_mild_bump_maltese_05,2026-01-03 16:12:29,2026-01-03 16:12:31.399384,2.3993841913549576
high_baseline_mild_bump_maltese_05,2026-01-03 07:26:25,2026-01-03 07:26:29.587304,4.587304261044325
high_baseline_mild_bump_maltese_05,2026-01-03 12:54:28,2026-01-03 12:54:32.297359,4.297359316759212
high_baseline_mild_bump_maltese_05,2026-01-03 07:39:11,2026-01-03 07:39:13.967383,2.9673828801346485
high_baseline_mild_bump_maltese_05,2026-01-03 16:39:48,2026-01-03 16:39:51.635334,3.6353335788609527
high_baseline_mild_bump_maltese_05,2026-01-03 13:51:44,2026-01-03 13:51:48.847147,4.8471469700482075
high_baseline_mild_bump_maltese_05,2026-01-03 16:15:38,2026-01-03 16:15:40.734971,2.7349712705930336
high_baseline_mild_bump_maltese_05,2026-01-03 03:19:26,2026-01-03 03:19:29.465003,3.465002881071445
high_baseline_mild_bump_maltese_05,2026-01-03 19:00:25,2026-01-03 19:00:27.644147,2.6441474340024596
high_baseline_mild_bump_maltese_05,2026-01-03 14:21:13,2026-01-03 14:21:15.394095,2.3940945422826534
high_baseline_mild_bump_maltese_05,2026-01-03 00:22:38,2026-01-03 00:22:41.573660,3.5736601005146484
high_baseline_mild_bump_maltese_05,2026-01-03 19:03:53,2026-01-03 19:03:57.151304,4.151304048397242
high_baseline_mild_bump_maltese_05,2026-01-03 19:41:44,2026-01-03 19:41:48.371985,4.371985435112943
high_baseline_mild_bump_maltese_05,2026-01-03 22:29:46,2026-01-03 22:29:50.813790,4.813789691839281
high_baseline_mild_bump_maltese_05,2026-01-03 05:30:51,2026-01-03 05:30:53.142318,2.142317888611526
high_baseline_mild_bump_maltese_05,2026-01-04 19:58:05,2026-01-04 19:58:09.037789,4.037789213309885
high_baseline_mild_bump_maltese_05,2026-01-04 10:46:03,2026-01-04 10:46:06.426014,3.4260141505076693
high_baseline_mild_bump_maltese_05,2026-01-04 12:50:32,2026-01-04 12:50:35.826575,3.8265751103302597
high_baseline_mild_bump_maltese_05,2026-01-04 05:27:44,2026-01-04 05:27:47.926160,3.926159889548966
high_baseline_mild_bump_maltese_05,2026-01-04 18:42:12,2026-01-04 18:42:16.491609,4.491608612808763
high_baseline_mild_bump_maltese_05,2026-01-04 09:27:54,2026-01-04 09:27:58.699322,4.699322245547419
high_baseline_mild_bump_maltese_05,2026-01-04 23:14:57,2026-01-04 23:14:59.773851,2.773850937895514
high_baseline_mild_bump_maltese_05,2026-01-04 15:48:15,2026-01-04 15:48:19.412569,4.412569368395188
high_baseline_mild_bump_maltese_05,2026-01-04 13:11:03,2026-01-04 13:11:07.867123,4.867123132250264
high_baseline_mild_bump_maltese_05,2026-01-04 14:48:03,2026-01-04 14:48:06.642722,3.6427221212256864
high_baseline_mild_bump_maltese_05,2026-01-04 17:33:49,2026-01-04 17:33:52.449588,3.4495881912891333
high_baseline_mild_bump_maltese_05,2026-01-04 14:47:42,2026-01-04 14:47:44.392762,2.3927615671672595
high_baseline_mild_bump_maltese_05,2026-01-04 05:23:17,2026-01-04 05:23:19.237029,2.2370291231591253
high_baseline_mild_bump_maltese_05,2026-01-04 09:43:55,2026-01-04 09:43:59.117331,4.1173310107453975
high_baseline_mild_bump_maltese_05,2026-01-04 18:01:04,2026-01-04 18:01:08.519257,4.519257160952401
high_baseline_mild_bump_maltese_05,2026-01-04 19:36:52,2026-01-04 19:36:56.876942,4.876941784929305
high_baseline_mild_bump_maltese_05,2026-01-04 09:54:06,2026-01-04 09:54:08.468431,2.4684311380490316
high_baseline_mild_bump_maltese_05,2026-01-04 10:31:19,2026-01-04 10:31:21.870112,2.8701115311495897
high_baseline_mild_bump_maltese_05,2026-01-04 10:54:06,2026-01-04 10:54:10.878127,4.878126555021026
high_baseline_mild_bump_maltese_05,2026-01-04 09:13:27,2026-01-04 09:13:29.491111,2.4911109386780974
high_baseline_mild_bump_maltese_05,2026-01-04 07:46:32,2026-01-04 07:46:34.582286,2.582285686369879
high_baseline_mild_bump_maltese_05,2026-01-04 12:50:35,2026-01-04 12:50:39.576132,4.576131590141262
high_baseline_mild_bump_maltese_05,2026-01-04 18:16:36,2026-01-04 18:16:40.350516,4.350516373374347
high_baseline_mild_bump_maltese_05,2026-01-04 08:18:34,2026-01-04 08:18:36.010187,2.0101870363825176
high_baseline_mild_bump_maltese_05,2026-01-04 15:10:58,2026-01-04 15:11:01.315181,3.315181240682191
high_baseline_mild_bump_maltese_05,2026-01-04 18:19:31,2026-01-04 18:19:35.423796,4.423796159234131
high_baseline_mild_bump_maltese_05,2026-01-04 05:04:47,2026-01-04 05:04:50.557286,3.557285724510187
high_baseline_mild_bump_maltese_05,2026-01-04 08:56:28,2026-01-04 08:56:32.451196,4.451196266523882
high_baseline_mild_bump_maltese_05,2026-01-04 09:54:30,2026-01-04 09:54:32.413861,2.4138606180846516
high_baseline_mild_bump_maltese_05,2026-01-04 17:28:08,2026-01-04 17:28:12.339151,4.339150577559707
high_baseline_mild_bump_maltese_05,2026-01-04 12:36:19,2026-01-04 12:36:22.857300,3.8573004175213264
high_baseline_mild_bump_maltese_05,2026-01-04 21:03:57,2026-01-04 21:04:01.935981,4.9359814870833345
high_baseline_mild_bump_maltese_05,2026-01-04 16:25:47,2026-01-04 16:25:49.982189,2.9821886572989875
high_baseline_mild_bump_maltese_05,2026-01-04 19:42:03,2026-01-04 19:42:06.741172,3.7411722931859224
high_baseline_mild_bump_maltese_05,2026-01-04 08:07:40,2026-01-04 08:07:43.191754,3.1917537830045504
high_baseline_mild_bump_maltese_05,2026-01-04 08:30:46,2026-01-04 08:30:48.291175,2.291175297750658
high_baseline_mild_bump_maltese_05,2026-01-04 06:54:55,2026-01-04 06:54:58.269379,3.269378734922015
high_baseline_mild_bump_maltese_05,2026-01-04 09:37:33,2026-01-04 09:37:36.628732,3.628731604371659
high_baseline_mild_bump_maltese_05,2026-01-04 10:56:53,2026-01-04 10:56:57.801966,4.801966242759338
high_baseline_mild_bump_maltese_05,2026-01-04 12:01:18,2026-01-04 12:01:20.194106,2.194106425252561
high_baseline_mild_bump_maltese_05,2026-01-04 16:50:47,2026-01-04 16:50:51.058740,4.05873973638343
high_baseline_mild_bump_maltese_05,2026-01-04 14:37:51,2026-01-04 14:37:53.774866,2.7748660113591366
high_baseline_mild_bump_maltese_05,2026-01-04 17:26:25,2026-01-04 17:26:27.982294,2.9822943009392935
high_baseline_mild_bump_maltese_05,2026-01-04 07:25:59,2026-01-04 07:26:03.602925,4.602924689883231
high_baseline_mild_bump_maltese_05,2026-01-04 14:26:03,2026-01-04 14:26:07.813936,4.813936143453473
high_baseline_mild_bump_maltese_05,2026-01-04 05:46:38,2026-01-04 05:46:40.110280,2.110280212813273
high_baseline_mild_bump_maltese_05,2026-01-04 07:19:17,2026-01-04 07:19:21.404136,4.404135729564277
high_baseline_mild_bump_maltese_05,2026-01-04 06:01:25,2026-01-04 06:01:29.604641,4.604641105648807
high_baseline_mild_bump_maltese_05,2026-01-04 00:53:12,2026-01-04 00:53:16.437200,4.437200226303095
high_baseline_mild_bump_maltese_05,2026-01-04 06:32:51,2026-01-04 06:32:53.840467,2.8404674273965864
high_baseline_mild_bump_maltese_05,2026-01-04 15:41:48,2026-01-04 15:41:50.452458,2.4524580298535748
high_baseline_mild_bump_maltese_05,2026-01-04 17:52:32,2026-01-04 17:52:36.867529,4.8675289781465665
high_baseline_mild_bump_maltese_05,2026-01-04 21:21:16,2026-01-04 21:21:19.137204,3.137203654351441
high_baseline_mild_bump_maltese_05,2026-01-04 10:41:42,2026-01-04 10:41:44.434180,2.434179892764401
high_baseline_mild_bump_maltese_05,2026-01-04 14:43:48,2026-01-04 14:43:52.965625,4.965624918999692
high_baseline_mild_bump_maltese_05,2026-01-04 19:56:35,2026-01-04 19:56:38.466831,3.466831004417033
high_baseline_mild_bump_maltese_05,2026-01-04 21:45:06,2026-01-04 21:45:10.196788,4.196787754769705
high_baseline_mild_bump_maltese_05,2026-01-04 11:42:42,2026-01-04 11:42:45.930362,3.9303618501214066
high_baseline_mild_bump_maltese_05,2026-01-04 17:27:35,2026-01-04 17:27:39.060265,4.060264707590797
high_baseline_mild_bump_maltese_05,2026-01-04 09:01:19,2026-01-04 09:01:21.734252,2.734252134942679
high_baseline_mild_bump_maltese_05,2026-01-04 06:40:02,2026-01-04 06:40:04.326342,2.326341619848252
high_baseline_mild_bump_maltese_05,2026-01-04 21:42:07,2026-01-04 21:42:09.252861,2.252861208115777
high_baseline_mild_bump_maltese_05,2026-01-04 08:55:28,2026-01-04 08:55:31.329238,3.3292383703722432
high_baseline_mild_bump_maltese_05,2026-01-04 07:35:43,2026-01-04 07:35:45.414356,2.4143564614186714
high_baseline_mild_bump_maltese_05,2026-01-04 14:24:05,2026-01-04 14:24:09.681785,4.681785347618293
high_baseline_mild_bump_maltese_05,2026-01-04 17:59:30,2026-01-04 17:59:32.368530,2.368529515828849
high_baseline_mild_bump_maltese_05,2026-01-04 16:02:20,2026-01-04 16:02:23.006892,3.0068917914270923
high_baseline_mild_bump_maltese_05,2026-01-04 03:39:25,2026-01-04 03:39:28.821323,3.821322505751048
high_baseline_mild_bump_maltese_05,2026-01-04 01:54:24,2026-01-04 01:54:26.973169,2.9731690032672216
high_baseline_mild_bump_maltese_05,2026-01-04 14:09:37,2026-01-04 14:09:40.803034,3.8030342724227464
high_baseline_mild_bump_maltese_05,2026-01-04 20:35:39,2026-01-04 20:35:42.843396,3.8433962043327763
high_baseline_mild_bump_maltese_05,2026-01-04 11:36:20,2026-01-04 11:36:22.882180,2.8821800439906102
high_baseline_mild_bump_maltese_05,2026-01-04 10:37:37,2026-01-04 10:37:40.018255,3.0182545215412198
high_baseline_mild_bump_maltese_05,2026-01-04 06:51:52,2026-01-04 06:51:56.273544,4.273544288743809
high_baseline_mild_bump_maltese_05,2026-01-04 06:04:30,2026-01-04 06:04:34.439250,4.439250386337521
high_baseline_mild_bump_maltese_05,2026-01-04 19:55:26,2026-01-04 19:55:30.322444,4.3224440277981
high_baseline_mild_bump_maltese_05,2026-01-04 01:08:06,2026-01-04 01:08:09.717083,3.7170831888799034
high_baseline_mild_bump_maltese_05,2026-01-04 08:28:43,2026-01-04 08:28:47.663512,4.663511997310018
high_baseline_mild_bump_maltese_05,2026-01-04 18:15:53,2026-01-04 18:15:56.102891,3.102890600976047
high_baseline_mild_bump_maltese_05,2026-01-04 02:02:31,2026-01-04 02:02:34.550275,3.550275431964475
high_baseline_mild_bump_maltese_05,2026-01-04 11:18:24,2026-01-04 11:18:27.286895,3.286894719108391
high_baseline_mild_bump_maltese_05,2026-01-04 17:13:54,2026-01-04 17:13:57.613282,3.6132817215873816
high_baseline_mild_bump_maltese_05,2026-01-04 01:50:59,2026-01-04 01:51:02.360719,3.360718500242407
high_baseline_mild_bump_maltese_05,2026-01-04 21:47:05,2026-01-04 21:47:07.983715,2.9837153392681612
high_baseline_mild_bump_maltese_05,2026-01-05 11:41:06,2026-01-05 11:41:09.985367,3.985367233638799
high_baseline_mild_bump_maltese_05,2026-01-05 15:27:32,2026-01-05 15:27:35.097478,3.097478430798687
high_baseline_mild_bump_maltese_05,2026-01-05 10:04:59,2026-01-05 10:05:03.999423,4.999423314164775
high_baseline_mild_bump_maltese_05,2026-01-05 23:24:09,2026-01-05 23:24:12.252191,3.252190704447362
high_baseline_mild_bump_maltese_05,2026-01-05 01:52:35,2026-01-05 01:52:38.559592,3.559591570188699
high_baseline_mild_bump_maltese_05,2026-01-05 16:07:05,2026-01-05 16:07:08.727311,3.7273106821583886
high_baseline_mild_bump_maltese_05,2026-01-05 15:57:31,2026-01-05 15:57:33.753532,2.7535323830200102
high_baseline_mild_bump_maltese_05,2026-01-05 18:15:44,2026-01-05 18:15:47.293898,3.2938979206801258
high_baseline_mild_bump_maltese_05,2026-01-05 02:47:32,2026-01-05 02:47:36.534397,4.534396709853299
high_baseline_mild_bump_maltese_05,2026-01-05 08:53:59,2026-01-05 08:54:01.957990,2.9579899511392997
high_baseline_mild_bump_maltese_05,2026-01-05 19:44:30,2026-01-05 19:44:32.303344,2.303344204638954
high_baseline_mild_bump_maltese_05,2026-01-05 03:08:18,2026-01-05 03:08:21.282919,3.2829187964315416
high_baseline_mild_bump_maltese_05,2026-01-05 16:04:51,2026-01-05 16:04:54.854174,3.8541737830696308
high_baseline_mild_bump_maltese_05,2026-01-05 14:01:06,2026-01-05 14:01:09.550866,3.5508658340101427
high_baseline_mild_bump_maltese_05,2026-01-05 08:20:26,2026-01-05 08:20:30.566691,4.566690876300061
high_baseline_mild_bump_maltese_05,2026-01-06 09:05:47,2026-01-06 09:05:49.186343,2.1863427644032045
high_baseline_mild_bump_maltese_05,2026-01-06 09:09:48,2026-01-06 09:09:51.638529,3.6385287529596617
high_baseline_mild_bump_maltese_05,2026-01-06 22:54:39,2026-01-06 22:54:42.805239,3.8052391071988354
high_baseline_mild_bump_maltese_05,2026-01-06 16:35:36,2026-01-06 16:35:40.693103,4.6931032344950445
high_baseline_mild_bump_maltese_05,2026-01-06 14:38:48,2026-01-06 14:38:52.918343,4.918342906695402
high_baseline_mild_bump_maltese_05,2026-01-06 19:29:01,2026-01-06 19:29:04.360855,3.360855488948184
high_baseline_mild_bump_maltese_05,2026-01-06 18:01:44,2026-01-06 18:01:48.176981,4.176980832438634
high_baseline_mild_bump_maltese_05,2026-01-06 12:10:11,2026-01-06 12:10:15.196581,4.196580817985437
high_baseline_mild_bump_maltese_05,2026-01-06 05:47:52,2026-01-06 05:47:54.108903,2.1089029679605784
high_baseline_mild_bump_maltese_05,2026-01-06 02:19:12,2026-01-06 02:19:14.513957,2.5139569629915783
high_baseline_mild_bump_maltese_05,2026-01-06 08:33:10,2026-01-06 08:33:13.606813,3.606813303153008
high_baseline_mild_bump_maltese_05,2026-01-06 18:55:32,2026-01-06 18:55:34.809781,2.8097810870627744
high_baseline_mild_bump_maltese_05,2026-01-06 07:06:24,2026-01-06 07:06:27.432422,3.43242209123611
high_baseline_mild_bump_maltese_05,2026-01-06 16:45:15,2026-01-06 16:45:19.536499,4.536498738329447
high_baseline_mild_bump_maltese_05,2026-01-06 09:40:33,2026-01-06 09:40:35.102332,2.102332315236291
high_baseline_mild_bump_maltese_05,2026-01-06 14:43:04,2026-01-06 14:43:08.027343,4.027342745494996
high_baseline_mild_bump_maltese_05,2026-01-06 16:31:42,2026-01-06 16:31:44.806623,2.8066232741746733
high_baseline_mild_bump_maltese_05,2026-01-06 07:38:33,2026-01-06 07:38:37.917965,4.917965351055237
high_baseline_mild_bump_maltese_05,2026-01-06 09:10:00,2026-01-06 09:10:02.573870,2.5738700246323436
high_baseline_mild_bump_maltese_05,2026-01-06 06:33:16,2026-01-06 06:33:19.463006,3.4630057027826537
high_baseline_mild_bump_maltese_05,2026-01-06 01:58:09,2026-01-06 01:58:11.756398,2.756397570043192
high_baseline_mild_bump_maltese_05,2026-01-06 08:19:43,2026-01-06 08:19:45.640226,2.640226319258043
high_baseline_mild_bump_maltese_05,2026-01-06 04:56:45,2026-01-06 04:56:48.635590,3.6355897734689586
high_baseline_mild_bump_maltese_05,2026-01-06 12:25:30,2026-01-06 12:25:33.259086,3.2590857424805453
high_baseline_mild_bump_maltese_05,2026-01-06 10:11:18,2026-01-06 10:11:20.272348,2.272347723969512
high_baseline_mild_bump_maltese_05,2026-01-06 01:14:15,2026-01-06 01:14:17.801516,2.80151639112656
high_baseline_mild_bump_maltese_05,2026-01-06 22:46:13,2026-01-06 22:46:16.980580,3.9805795414186678
high_baseline_mild_bump_maltese_05,2026-01-06 16:35:33,2026-01-06 16:35:36.124814,3.124814447333058
high_baseline_mild_bump_maltese_05,2026-01-06 17:48:16,2026-01-06 17:48:18.561197,2.561197461120436
high_baseline_mild_bump_maltese_05,2026-01-06 17:04:56,2026-01-06 17:04:58.050587,2.0505865222287514
high_baseline_mild_bump_maltese_05,2026-01-06 06:00:20,2026-01-06 06:00:23.226745,3.2267451275687984
high_baseline_mild_bump_maltese_05,2026-01-06 12:41:56,2026-01-06 12:41:58.770239,2.770238561222596
high_baseline_mild_bump_maltese_05,2026-01-06 08:26:23,2026-01-06 08:26:26.314293,3.3142931864036287
high_baseline_mild_bump_maltese_05,2026-01-06 18:38:02,2026-01-06 18:38:04.884516,2.8845163769977376
high_baseline_mild_bump_maltese_05,2026-01-06 12:14:03,2026-01-06 12:14:07.303931,4.303931435224234
high_baseline_mild_bump_maltese_05,2026-01-06 02:37:10,2026-01-06 02:37:12.303318,2.3033176162856495
high_baseline_mild_bump_maltese_05,2026-01-06 07:18:55,2026-01-06 07:18:59.172952,4.172951988473419
high_baseline_mild_bump_maltese_05,2026-01-06 17:10:17,2026-01-06 17:10:21.095739,4.0957394892708265
high_baseline_mild_bump_maltese_05,2026-01-06 10:01:25,2026-01-06 10:01:27.148896,2.148896057112434
high_baseline_mild_bump_maltese_05,2026-01-06 08:52:26,2026-01-06 08:52:29.082561,3.0825605494314465
high_baseline_mild_bump_maltese_05,2026-01-06 07:37:50,2026-01-06 07:37:54.407430,4.407429581816569
high_baseline_mild_bump_maltese_05,2026-01-06 04:19:34,2026-01-06 04:19:38.920238,4.920238015443866
high_baseline_mild_bump_maltese_05,2026-01-07 10:57:49,2026-01-07 10:57:53.187893,4.187893146026036
high_baseline_mild_bump_maltese_05,2026-01-07 06:32:53,2026-01-07 06:32:56.888257,3.888256503457219
high_baseline_mild_bump_maltese_05,2026-01-07 14:12:58,2026-01-07 14:13:02.726727,4.726727236721566
high_baseline_mild_bump_maltese_05,2026-01-07 10:52:41,2026-01-07 10:52:44.350947,3.3509474225408336
high_baseline_mild_bump_maltese_05,2026-01-07 10:46:58,2026-01-07 10:47:00.118567,2.1185670317097673
high_baseline_mild_bump_maltese_05,2026-01-07 17:29:17,2026-01-07 17:29:20.035445,3.0354452369071043
high_baseline_mild_bump_maltese_05,2026-01-07 21:33:08,2026-01-07 21:33:11.186225,3.1862245878852833
high_baseline_mild_bump_maltese_05,2026-01-07 07:48:47,2026-01-07 07:48:51.260518,4.2605175055108635
high_baseline_mild_bump_maltese_05,2026-01-07 11:28:05,2026-01-07 11:28:07.196246,2.196245958580088
high_baseline_mild_bump_maltese_05,2026-01-07 02:19:22,2026-01-07 02:19:26.351871,4.351871082901737
high_baseline_mild_bump_maltese_05,2026-01-07 07:26:06,2026-01-07 07:26:10.829597,4.829596768708189
high_baseline_mild_bump_maltese_05,2026-01-07 17:01:17,2026-01-07 17:01:21.820717,4.820716961115954
high_baseline_mild_bump_maltese_05,2026-01-07 08:14:59,2026-01-07 08:15:03.720140,4.720139507348479
high_baseline_mild_bump_maltese_05,2026-01-07 15:32:45,2026-01-07 15:32:48.508941,3.5089406056582777
high_baseline_mild_bump_maltese_05,2026-01-07 16:35:43,2026-01-07 16:35:45.823284,2.8232838749211107
high_baseline_mild_bump_maltese_05,2026-01-07 04:32:04,2026-01-07 04:32:07.061088,3.0610881184892036
high_baseline_mild_bump_maltese_05,2026-01-07 14:05:41,2026-01-07 14:05:43.071237,2.0712370296954745
high_baseline_mild_bump_maltese_05,2026-01-07 16:30:51,2026-01-07 16:30:55.134619,4.134619398213024
high_baseline_mild_bump_maltese_05,2026-01-07 15:52:00,2026-01-07 15:52:04.759892,4.759892132631683
high_baseline_mild_bump_maltese_05,2026-01-07 12:43:12,2026-01-07 12:43:14.473786,2.473785940126999
high_baseline_mild_bump_maltese_05,2026-01-07 11:15:32,2026-01-07 11:15:36.265297,4.265296993573004
high_baseline_mild_bump_maltese_05,2026-01-07 08:40:29,2026-01-07 08:40:31.335102,2.3351023545499077
high_baseline_mild_bump_maltese_05,2026-01-07 09:39:47,2026-01-07 09:39:51.271403,4.271403145065731
high_baseline_mild_bump_maltese_05,2026-01-07 12:06:09,2026-01-07 12:06:13.947426,4.947426136261517
high_baseline_mild_bump_maltese_05,2026-01-07 13:03:48,2026-01-07 13:03:50.732193,2.7321933574905537
high_baseline_mild_bump_maltese_05,2026-01-07 13:11:21,2026-01-07 13:11:25.528406,4.528406239482797
high_baseline_mild_bump_maltese_05,2026-01-07 17:06:00,2026-01-07 17:06:02.208260,2.208260320460152
high_baseline_mild_bump_maltese_05,2026-01-08 12:19:58,2026-01-08 12:20:01.214354,3.2143542432714525
high_baseline_mild_bump_maltese_05,2026-01-08 11:33:25,2026-01-08 11:33:29.132554,4.132553746393201
high_baseline_mild_bump_maltese_05,2026-01-08 12:55:18,2026-01-08 12:55:21.432379,3.4323790093296687
high_baseline_mild_bump_maltese_05,2026-01-08 19:55:22,2026-01-08 19:55:24.185659,2.1856585732483227
high_baseline_mild_bump_maltese_05,2026-01-08 18:40:06,2026-01-08 18:40:10.251024,4.2510240442428415
high_baseline_mild_bump_maltese_05,2026-01-08 22:29:21,2026-01-08 22:29:25.715550,4.715549633170806
high_baseline_mild_bump_maltese_05,2026-01-08 04:57:33,2026-01-08 04:57:36.068354,3.0683542685613694
high_baseline_mild_bump_maltese_05,2026-01-08 07:04:56,2026-01-08 07:05:00.615167,4.615167042666762
high_baseline_mild_bump_maltese_05,2026-01-08 12:38:02,2026-01-08 12:38:04.182783,2.182782834401933
high_baseline_mild_bump_maltese_05,2026-01-08 05:35:37,2026-01-08 05:35:39.692705,2.6927045133098146
high_baseline_mild_bump_maltese_05,2026-01-08 06:25:31,2026-01-08 06:25:33.949145,2.9491451349466886
high_baseline_mild_bump_maltese_05,2026-01-08 12:33:00,2026-01-08 12:33:03.684101,3.684100592033662
high_baseline_mild_bump_maltese_05,2026-01-08 17:43:35,2026-01-08 17:43:38.946041,3.946041440564191
high_baseline_mild_bump_maltese_05,2026-01-08 17:02:52,2026-01-08 17:02:56.819441,4.819441389347289
high_baseline_mild_bump_maltese_05,2026-01-08 09:02:09,2026-01-08 09:02:11.836156,2.8361561735822733
high_baseline_mild_bump_maltese_05,2026-01-08 06:43:35,2026-01-08 06:43:38.377653,3.3776529530965393
high_baseline_mild_bump_maltese_05,2026-01-08 09:47:31,2026-01-08 09:47:34.845016,3.8450163360022667
high_baseline_mild_bump_maltese_05,2026-01-08 15:36:14,2026-01-08 15:36:18.039412,4.039412115241514
high_baseline_mild_bump_maltese_05,2026-01-08 05:36:24,2026-01-08 05:36:28.581659,4.581659249657832
high_baseline_mild_bump_maltese_05,2026-01-09 18:56:07,2026-01-09 18:56:11.265716,4.265716078634762
high_baseline_mild_bump_maltese_05,2026-01-09 06:00:53,2026-01-09 06:00:56.466534,3.4665337757822035
high_baseline_mild_bump_maltese_05,2026-01-09 12:49:09,2026-01-09 12:49:13.784478,4.784478325274666
high_baseline_mild_bump_maltese_05,2026-01-09 19:36:39,2026-01-09 19:36:42.287114,3.28711441589295
high_baseline_mild_bump_maltese_05,2026-01-09 17:31:45,2026-01-09 17:31:49.031153,4.0311533382002676
high_baseline_mild_bump_maltese_05,2026-01-09 10:01:07,2026-01-09 10:01:09.644479,2.6444794307076447
high_baseline_mild_bump_maltese_05,2026-01-09 16:07:54,2026-01-09 16:07:58.516340,4.51633994071509
high_baseline_mild_bump_maltese_05,2026-01-09 07:03:11,2026-01-09 07:03:15.351358,4.35135790218823
high_baseline_mild_bump_maltese_05,2026-01-09 18:12:35,2026-01-09 18:12:38.289484,3.289484092792848
high_baseline_mild_bump_maltese_05,2026-01-09 21:33:08,2026-01-09 21:33:12.924014,4.924014228700502
high_baseline_mild_bump_maltese_05,2026-01-09 07:10:10,2026-01-09 07:10:13.751852,3.7518517978533077
high_baseline_mild_bump_maltese_05,2026-01-09 19:19:52,2026-01-09 19:19:55.460255,3.4602548206805164
high_baseline_mild_bump_maltese_05,2026-01-09 20:08:35,2026-01-09 20:08:38.094159,3.094159326553597
high_baseline_mild_bump_maltese_05,2026-01-09 07:56:27,2026-01-09 07:56:30.182415,3.1824148931607406
high_baseline_mild_bump_maltese_05,2026-01-09 03:50:55,2026-01-09 03:50:59.931929,4.9319291769226865
high_baseline_mild_bump_maltese_05,2026-01-09 18:54:26,2026-01-09 18:54:30.467509,4.467509327182142
high_baseline_mild_bump_maltese_05,2026-01-09 07:36:56,2026-01-09 07:36:58.855979,2.855978686894221
high_baseline_mild_bump_maltese_05,2026-01-09 14:31:52,2026-01-09 14:31:55.845576,3.8455762615091142
high_baseline_mild_bump_maltese_05,2026-01-09 02:58:04,2026-01-09 02:58:07.189677,3.1896773941396166
high_baseline_mild_bump_maltese_05,2026-01-09 04:41:30,2026-01-09 04:41:34.121276,4.121276297927218
high_baseline_mild_bump_maltese_05,2026-01-09 07:21:16,2026-01-09 07:21:18.005046,2.005046036589189
high_baseline_mild_bump_maltese_05,2026-01-09 18:40:22,2026-01-09 18:40:26.690536,4.690536258908537
high_baseline_mild_bump_maltese_05,2026-01-09 14:46:28,2026-01-09 14:46:31.528396,3.5283958329024063
high_baseline_mild_bump_maltese_05,2026-01-09 11:10:38,2026-01-09 11:10:42.484246,4.484246325779903
high_baseline_mild_bump_maltese_05,2026-01-09 22:30:14,2026-01-09 22:30:18.545576,4.54557647847279
high_baseline_mild_bump_maltese_05,2026-01-09 03:59:24,2026-01-09 03:59:28.356772,4.356772203531783
high_baseline_mild_bump_maltese_05,2026-01-09 13:31:34,2026-01-09 13:31:37.240965,3.2409650379192065
high_baseline_mild_bump_maltese_05,2026-01-09 19:59:20,2026-01-09 19:59:22.576497,2.5764968131597836
high_baseline_mild_bump_maltese_05,2026-01-09 15:43:36,2026-01-09 15:43:38.231430,2.23142956810812
high_baseline_mild_bump_maltese_05,2026-01-09 04:03:09,2026-01-09 04:03:11.308221,2.3082210291992964
high_baseline_mild_bump_maltese_05,2026-01-09 15:33:40,2026-01-09 15:33:42.796570,2.7965704257047372
high_baseline_mild_bump_maltese_05,2026-01-09 07:24:00,2026-01-09 07:24:03.451514,3.451513949425513
high_baseline_mild_bump_maltese_05,2026-01-09 15:40:12,2026-01-09 15:40:14.834581,2.8345809127061097
high_baseline_mild_bump_maltese_05,2026-01-09 14:35:35,2026-01-09 14:35:39.312751,4.31275145508556
high_baseline_mild_bump_maltese_05,2026-01-10 18:55:59,2026-01-10 18:56:03.424186,4.424185973024391
high_baseline_mild_bump_maltese_05,2026-01-10 16:51:11,2026-01-10 16:51:13.631060,2.6310598272448242
high_baseline_mild_bump_maltese_05,2026-01-10 20:39:51,2026-01-10 20:39:53.913811,2.913811066015727
high_baseline_mild_bump_maltese_05,2026-01-10 03:50:35,2026-01-10 03:50:37.521611,2.521610969819193
high_baseline_mild_bump_maltese_05,2026-01-10 07:44:36,2026-01-10 07:44:39.005499,3.005498876268392
high_baseline_mild_bump_maltese_05,2026-01-10 07:31:29,2026-01-10 07:31:32.515122,3.515122184049655
high_baseline_mild_bump_maltese_05,2026-01-10 10:09:47,2026-01-10 10:09:49.695085,2.6950849345192296
high_baseline_mild_bump_maltese_05,2026-01-10 17:44:31,2026-01-10 17:44:33.232742,2.232741930547968
high_baseline_mild_bump_maltese_05,2026-01-10 04:28:40,2026-01-10 04:28:43.000593,3.0005926447559452
high_baseline_mild_bump_maltese_05,2026-01-10 17:27:01,2026-01-10 17:27:03.539309,2.539309026706104
high_baseline_mild_bump_maltese_05,2026-01-10 21:43:32,2026-01-10 21:43:36.242452,4.242452091931747
high_baseline_mild_bump_maltese_05,2026-01-10 21:56:33,2026-01-10 21:56:36.858378,3.8583782667151563
high_baseline_mild_bump_maltese_05,2026-01-10 18:30:59,2026-01-10 18:31:01.082325,2.0823249504453045
high_baseline_mild_bump_maltese_05,2026-01-10 16:58:59,2026-01-10 16:59:01.981598,2.9815984658725565
high_baseline_mild_bump_maltese_05,2026-01-10 10:28:36,2026-01-10 10:28:38.484345,2.4843453625083503
high_baseline_mild_bump_maltese_05,2026-01-10 05:56:05,2026-01-10 05:56:09.817919,4.8179194088826085
high_baseline_mild_bump_maltese_05,2026-01-10 03:52:03,2026-01-10 03:52:05.325800,2.325799960941707
high_baseline_mild_bump_maltese_05,2026-01-10 19:24:20,2026-01-10 19:24:22.773040,2.7730401065543306
high_baseline_mild_bump_maltese_05,2026-01-10 04:37:50,2026-01-10 04:37:53.227939,3.227938976076226
high_baseline_mild_bump_maltese_05,2026-01-10 21:25:46,2026-01-10 21:25:50.316856,4.316855866361405
high_baseline_mild_bump_maltese_05,2026-01-10 05:24:49,2026-01-10 05:24:53.909851,4.909851387456238
high_baseline_mild_bump_maltese_05,2026-01-10 12:03:00,2026-01-10 12:03:02.841571,2.841570511337678
high_baseline_mild_bump_maltese_05,2026-01-10 04:18:00,2026-01-10 04:18:03.716329,3.716329490455907
high_baseline_mild_bump_maltese_05,2026-01-10 13:25:29,2026-01-10 13:25:32.480043,3.480043315429002
high_baseline_mild_bump_maltese_05,2026-01-10 01:26:08,2026-01-10 01:26:11.601848,3.6018476221181297
high_baseline_mild_bump_maltese_05,2026-01-10 16:47:02,2026-01-10 16:47:04.464728,2.464727744193695
high_baseline_mild_bump_maltese_05,2026-01-10 20:54:53,2026-01-10 20:54:56.933658,3.933657721451972
high_baseline_mild_bump_maltese_05,2026-01-10 06:22:11,2026-01-10 06:22:13.621286,2.6212863201314796
high_baseline_mild_bump_maltese_05,2026-01-10 02:48:29,2026-01-10 02:48:33.104725,4.10472463125515
high_baseline_mild_bump_maltese_05,2026-01-10 21:04:49,2026-01-10 21:04:53.524101,4.5241013503511365
high_baseline_mild_bump_maltese_05,2026-01-10 10:10:50,2026-01-10 10:10:53.191245,3.191245493999292
high_baseline_mild_bump_maltese_05,2026-01-11 16:46:54,2026-01-11 16:46:57.145903,3.1459025617543905
high_baseline_mild_bump_maltese_05,2026-01-11 06:26:17,2026-01-11 06:26:19.166066,2.166066437457707
high_baseline_mild_bump_maltese_05,2026-01-11 05:31:33,2026-01-11 05:31:37.601205,4.60120541349583
high_baseline_mild_bump_maltese_05,2026-01-11 10:49:02,2026-01-11 10:49:06.076734,4.076734351453696
high_baseline_mild_bump_maltese_05,2026-01-11 18:29:45,2026-01-11 18:29:47.512083,2.512082563117355
high_baseline_mild_bump_maltese_05,2026-01-11 15:17:14,2026-01-11 15:17:17.850235,3.8502349975558965
high_baseline_mild_bump_maltese_05,2026-01-11 20:12:18,2026-01-11 20:12:21.370236,3.370236474146462
high_baseline_mild_bump_maltese_05,2026-01-11 11:02:49,2026-01-11 11:02:53.442939,4.442939268838951
high_baseline_mild_bump_maltese_05,2026-01-11 08:04:50,2026-01-11 08:04:53.642851,3.6428509326911884
high_baseline_mild_bump_maltese_05,2026-01-11 17:02:22,2026-01-11 17:02:24.622339,2.622339196067749
high_baseline_mild_bump_maltese_05,2026-01-11 09:10:31,2026-01-11 09:10:34.596258,3.5962580174750634
high_baseline_mild_bump_maltese_05,2026-01-11 23:37:50,2026-01-11 23:37:53.982364,3.982364467757069
high_baseline_mild_bump_maltese_05,2026-01-11 13:13:33,2026-01-11 13:13:36.320333,3.32033280158492
high_baseline_mild_bump_maltese_05,2026-01-11 13:45:51,2026-01-11 13:45:53.796546,2.7965461815372397
high_baseline_mild_bump_maltese_05,2026-01-11 15:15:12,2026-01-11 15:15:14.129291,2.1292913281846313
high_baseline_mild_bump_maltese_05,2026-01-11 12:58:20,2026-01-11 12:58:24.933329,4.933328500423697
high_baseline_mild_bump_maltese_05,2026-01-11 09:58:13,2026-01-11 09:58:16.653130,3.6531298516681896
high_baseline_mild_bump_maltese_05,2026-01-11 16:17:36,2026-01-11 16:17:39.296679,3.2966792165844216
high_baseline_mild_bump_maltese_05,2026-01-11 04:52:08,2026-01-11 04:52:11.745608,3.745608292194791
high_baseline_mild_bump_maltese_05,2026-01-11 18:36:38,2026-01-11 18:36:42.710057,4.7100565803533385
high_baseline_mild_bump_maltese_05,2026-01-11 21:18:38,2026-01-11 21:18:41.303699,3.3036988736426904
high_baseline_mild_bump_maltese_05,2026-01-11 20:23:04,2026-01-11 20:23:07.106964,3.106963768777501
high_baseline_mild_bump_maltese_05,2026-01-11 14:56:58,2026-01-11 14:57:01.469247,3.469247169078993
high_baseline_mild_bump_maltese_05,2026-01-11 19:47:18,2026-01-11 19:47:20.826652,2.8266520558180535
high_baseline_mild_bump_maltese_05,2026-01-11 07:03:49,2026-01-11 07:03:51.427653,2.4276526379390653
high_baseline_mild_bump_maltese_05,2026-01-11 13:47:08,2026-01-11 13:47:10.412827,2.4128274126436526
high_baseline_mild_bump_maltese_05,2026-01-11 17:36:50,2026-01-11 17:36:52.795911,2.795910648362086
high_baseline_mild_bump_maltese_05,2026-01-11 11:16:49,2026-01-11 11:16:51.705845,2.7058454770621707
high_baseline_mild_bump_maltese_05,2026-01-11 09:07:34,2026-01-11 09:07:38.003988,4.0039878115401635
high_baseline_mild_bump_maltese_05,2026-01-11 02:40:20,2026-01-11 02:40:22.190048,2.190047919930599
high_baseline_mild_bump_maltese_05,2026-01-11 09:14:57,2026-01-11 09:15:01.137212,4.13721202031868
high_baseline_mild_bump_maltese_05,2026-01-12 18:39:52,2026-01-12 18:39:56.597807,4.597806725645499
high_baseline_mild_bump_maltese_05,2026-01-12 07:36:48,2026-01-12 07:36:52.532134,4.532134267402006
high_baseline_mild_bump_maltese_05,2026-01-12 14:59:02,2026-01-12 14:59:06.796280,4.796280204540313
high_baseline_mild_bump_maltese_05,2026-01-12 18:02:38,2026-01-12 18:02:41.697080,3.6970803707862205
high_baseline_mild_bump_maltese_05,2026-01-12 02:51:19,2026-01-12 02:51:21.856286,2.8562855826029243
high_baseline_mild_bump_maltese_05,2026-01-12 01:32:50,2026-01-12 01:32:53.141193,3.1411926343920364
high_baseline_mild_bump_maltese_05,2026-01-12 18:25:00,2026-01-12 18:25:02.656290,2.6562900680453017
high_baseline_mild_bump_maltese_05,2026-01-12 08:20:02,2026-01-12 08:20:04.260280,2.260279543194235
high_baseline_mild_bump_maltese_05,2026-01-12 01:03:59,2026-01-12 01:04:02.781045,3.7810446499289974
high_baseline_mild_bump_maltese_05,2026-01-12 20:54:07,2026-01-12 20:54:11.592401,4.592401446581222
high_baseline_mild_bump_maltese_05,2026-01-12 06:26:21,2026-01-12 06:26:24.412357,3.4123568880652444
high_baseline_mild_bump_maltese_05,2026-01-12 13:35:20,2026-01-12 13:35:22.677255,2.677255057262425
high_baseline_mild_bump_maltese_05,2026-01-12 17:43:20,2026-01-12 17:43:23.579370,3.5793700812308513
high_baseline_mild_bump_maltese_05,2026-01-12 12:10:14,2026-01-12 12:10:16.728977,2.728977225903095
high_baseline_mild_bump_maltese_05,2026-01-12 10:04:26,2026-01-12 10:04:29.994006,3.9940062958205313
high_baseline_mild_bump_maltese_05,2026-01-12 09:35:32,2026-01-12 09:35:36.258292,4.25829184687864
high_baseline_mild_bump_maltese_05,2026-01-12 15:08:34,2026-01-12 15:08:38.637650,4.637650106253793
high_baseline_mild_bump_maltese_05,2026-01-13 21:03:22,2026-01-13 21:03:25.847484,3.847484100972614
high_baseline_mild_bump_maltese_05,2026-01-13 02:48:41,2026-01-13 02:48:45.835097,4.8350972727701045
high_baseline_mild_bump_maltese_05,2026-01-13 22:59:51,2026-01-13 22:59:54.872679,3.8726794997882354
high_baseline_mild_bump_maltese_05,2026-01-13 08:27:04,2026-01-13 08:27:07.461225,3.4612251288173086
high_baseline_mild_bump_maltese_05,2026-01-13 17:37:29,2026-01-13 17:37:33.499985,4.499985157543595
high_baseline_mild_bump_maltese_05,2026-01-13 13:45:52,2026-01-13 13:45:56.743208,4.743207938952956
high_baseline_mild_bump_maltese_05,2026-01-13 16:48:36,2026-01-13 16:48:39.562872,3.562871539280993
high_baseline_mild_bump_maltese_05,2026-01-13 04:13:39,2026-01-13 04:13:42.396117,3.396117164142567
high_baseline_mild_bump_maltese_05,2026-01-13 23:29:27,2026-01-13 23:29:30.755255,3.7552550403867486
high_baseline_mild_bump_maltese_05,2026-01-13 10:45:06,2026-01-13 10:45:09.344088,3.3440878296986174
high_baseline_mild_bump_maltese_05,2026-01-13 14:32:10,2026-01-13 14:32:12.928782,2.928782253997725
high_baseline_mild_bump_maltese_05,2026-01-13 16:43:57,2026-01-13 16:44:00.569742,3.5697416112550187
high_baseline_mild_bump_maltese_05,2026-01-13 20:22:53,2026-01-13 20:22:55.612756,2.6127555352296685
high_baseline_mild_bump_maltese_05,2026-01-13 11:45:50,2026-01-13 11:45:52.725637,2.7256368799323583
high_baseline_mild_bump_maltese_05,2026-01-13 18:19:46,2026-01-13 18:19:48.052241,2.0522406088459237
high_baseline_mild_bump_maltese_05,2026-01-13 09:52:20,2026-01-13 09:52:24.242393,4.242393187359537
high_baseline_mild_bump_maltese_05,2026-01-13 04:08:03,2026-01-13 04:08:06.699707,3.6997070033374877
high_baseline_mild_bump_maltese_05,2026-01-13 17:09:20,2026-01-13 17:09:22.199884,2.199884010577361
high_baseline_mild_bump_maltese_05,2026-01-13 11:36:18,2026-01-13 11:36:20.566450,2.566449608746481
high_baseline_mild_bump_maltese_05,2026-01-13 00:07:14,2026-01-13 00:07:17.904239,3.904238534114696
high_baseline_mild_bump_maltese_05,2026-01-13 14:37:28,2026-01-13 14:37:30.744959,2.7449587727788973
high_baseline_mild_bump_maltese_05,2026-01-13 12:33:16,2026-01-13 12:33:20.743340,4.743340108167903
high_baseline_mild_bump_maltese_05,2026-01-13 18:40:53,2026-01-13 18:40:55.044804,2.04480397700679
high_baseline_mild_bump_maltese_05,2026-01-13 17:44:52,2026-01-13 17:44:54.399858,2.399857611511748
high_baseline_mild_bump_maltese_05,2026-01-13 15:21:02,2026-01-13 15:21:05.424693,3.424692746368272
high_baseline_mild_bump_maltese_05,2026-01-13 01:15:02,2026-01-13 01:15:05.679320,3.6793195428385643
high_baseline_mild_bump_maltese_05,2026-01-13 07:03:04,2026-01-13 07:03:07.026516,3.026515734760406
high_baseline_mild_bump_maltese_05,2026-01-13 21:35:52,2026-01-13 21:35:54.099505,2.099505366715556
high_baseline_mild_bump_maltese_05,2026-01-13 04:17:18,2026-01-13 04:17:21.951117,3.9511172949973825
high_baseline_mild_bump_maltese_05,2026-01-13 08:21:38,2026-01-13 08:21:42.614768,4.614767561564452
high_baseline_mild_bump_maltese_05,2026-01-14 18:23:31,2026-01-14 18:23:34.323245,3.323245317485218
high_baseline_mild_bump_maltese_05,2026-01-14 22:35:23,2026-01-14 22:35:27.247697,4.2476965125970345
high_baseline_mild_bump_maltese_05,2026-01-14 15:03:42,2026-01-14 15:03:44.772268,2.7722676593892963
high_baseline_mild_bump_maltese_05,2026-01-14 16:39:22,2026-01-14 16:39:26.673727,4.673726794676856
high_baseline_mild_bump_maltese_05,2026-01-14 19:50:40,2026-01-14 19:50:43.128788,3.1287880756180373
high_baseline_mild_bump_maltese_05,2026-01-14 13:41:52,2026-01-14 13:41:56.298466,4.298466029249059
high_baseline_mild_bump_maltese_05,2026-01-14 14:00:36,2026-01-14 14:00:38.340284,2.3402835837814826
high_baseline_mild_bump_maltese_05,2026-01-14 06:53:56,2026-01-14 06:53:59.882248,3.8822476507977166
high_baseline_mild_bump_maltese_05,2026-01-14 16:25:25,2026-01-14 16:25:27.945532,2.945531806277457
high_baseline_mild_bump_maltese_05,2026-01-14 20:53:59,2026-01-14 20:54:01.049849,2.04984907341659
high_baseline_mild_bump_maltese_05,2026-01-14 08:03:36,2026-01-14 08:03:40.402135,4.402134861849866
high_baseline_mild_bump_maltese_05,2026-01-14 11:13:10,2026-01-14 11:13:14.811978,4.811978089580093
high_baseline_mild_bump_maltese_05,2026-01-14 21:50:25,2026-01-14 21:50:29.281914,4.281914495093396
high_baseline_mild_bump_maltese_05,2026-01-14 06:50:14,2026-01-14 06:50:18.805741,4.805740897615376
high_baseline_mild_bump_maltese_05,2026-01-14 10:55:41,2026-01-14 10:55:45.162393,4.162393449328596
high_baseline_mild_bump_maltese_05,2026-01-14 14:00:42,2026-01-14 14:00:46.293160,4.2931603845129125
high_baseline_mild_bump_maltese_05,2026-01-14 14:16:54,2026-01-14 14:16:58.392518,4.392517862427491
high_baseline_mild_bump_maltese_05,2026-01-14 10:58:16,2026-01-14 10:58:19.437929,3.437929237012234
high_baseline_mild_bump_maltese_05,2026-01-14 15:21:03,2026-01-14 15:21:07.846964,4.84696407191363
high_baseline_mild_bump_maltese_05,2026-01-14 08:08:53,2026-01-14 08:08:56.302161,3.302160600018917
high_baseline_mild_bump_maltese_05,2026-01-14 21:58:05,2026-01-14 21:58:09.763995,4.763994878524306
high_baseline_mild_bump_maltese_05,2026-01-14 20:39:28,2026-01-14 20:39:32.682197,4.682196817155214
high_baseline_mild_bump_maltese_05,2026-01-14 20:40:56,2026-01-14 20:40:58.821445,2.821445048380496
high_baseline_mild_bump_maltese_05,2026-01-14 19:58:09,2026-01-14 19:58:12.463575,3.463574712251046
high_baseline_mild_bump_maltese_05,2026-01-14 10:59:29,2026-01-14 10:59:32.838314,3.8383137613927163
high_baseline_mild_bump_maltese_05,2026-01-14 12:06:42,2026-01-14 12:06:45.409034,3.4090340374840684
high_baseline_mild_bump_maltese_05,2026-01-14 09:22:00,2026-01-14 09:22:02.170583,2.1705825032971884
high_baseline_mild_bump_maltese_05,2026-01-14 04:39:02,2026-01-14 04:39:05.335234,3.3352339526038683
high_baseline_mild_bump_maltese_05,2026-01-14 10:55:15,2026-01-14 10:55:17.155298,2.1552980666614276
high_baseline_mild_bump_maltese_05,2026-01-14 10:19:54,2026-01-14 10:19:57.702493,3.7024929661193107
high_baseline_mild_bump_maltese_05,2026-01-14 07:58:11,2026-01-14 07:58:15.907357,4.907356773567784
high_baseline_mild_bump_maltese_05,2026-01-14 09:30:29,2026-01-14 09:30:33.740855,4.740854934231786
high_baseline_mild_bump_maltese_05,2026-01-14 13:56:25,2026-01-14 13:56:27.437819,2.4378188013810553
high_baseline_mild_bump_maltese_05,2026-01-14 03:08:18,2026-01-14 03:08:21.167158,3.1671577072187365
high_baseline_mild_bump_maltese_05,2026-01-14 07:10:04,2026-01-14 07:10:08.194511,4.194511015438039
high_baseline_mild_bump_maltese_05,2026-01-14 13:18:57,2026-01-14 13:19:01.222152,4.222151931407512
high_baseline_mild_bump_maltese_05,2026-01-14 00:28:53,2026-01-14 00:28:57.458612,4.458611887325327
high_baseline_mild_bump_maltese_05,2026-01-14 20:54:36,2026-01-14 20:54:38.458817,2.45881731628388
high_baseline_mild_bump_maltese_05,2026-01-14 13:44:41,2026-01-14 13:44:45.566717,4.566717197247832
high_baseline_mild_bump_maltese_05,2026-01-14 15:27:59,2026-01-14 15:28:01.598384,2.598384225931966
high_baseline_mild_bump_maltese_05,2026-01-14 06:31:05,2026-01-14 06:31:09.532174,4.532174002025567
high_baseline_mild_bump_maltese_05,2026-01-14 21:16:43,2026-01-14 21:16:47.791085,4.791084986379941
high_baseline_mild_bump_maltese_05,2026-01-14 06:53:51,2026-01-14 06:53:54.143177,3.143177380196427
high_baseline_mild_bump_maltese_05,2026-01-14 11:33:48,2026-01-14 11:33:52.111850,4.111849537972665
high_baseline_mild_bump_maltese_05,2026-01-14 12:16:13,2026-01-14 12:16:17.135876,4.13587647864062
high_baseline_mild_bump_maltese_05,2026-01-14 17:57:00,2026-01-14 17:57:04.576787,4.576786756595413
high_baseline_mild_bump_maltese_05,2026-01-14 15:53:03,2026-01-14 15:53:07.557813,4.557812948441639
high_baseline_mild_bump_maltese_05,2026-01-14 08:10:31,2026-01-14 08:10:33.197487,2.1974874140271967
high_baseline_mild_bump_maltese_05,2026-01-14 06:04:15,2026-01-14 06:04:18.413655,3.413654900102046
high_baseline_mild_bump_maltese_05,2026-01-14 07:01:15,2026-01-14 07:01:18.313575,3.3135751239151814
high_baseline_mild_bump_maltese_05,2026-01-14 20:22:47,2026-01-14 20:22:49.897462,2.8974616087375504
high_baseline_mild_bump_maltese_05,2026-01-14 01:42:10,2026-01-14 01:42:14.031101,4.031101032913508
high_baseline_mild_bump_maltese_05,2026-01-14 05:59:37,2026-01-14 05:59:41.979554,4.979553987367159
high_baseline_mild_bump_maltese_05,2026-01-14 11:11:55,2026-01-14 11:11:57.789518,2.7895175645215615
high_baseline_mild_bump_maltese_05,2026-01-14 21:01:50,2026-01-14 21:01:53.836913,3.836912904507123
high_baseline_mild_bump_maltese_05,2026-01-14 14:48:46,2026-01-14 14:48:48.990328,2.990327975224365
high_baseline_mild_bump_maltese_05,2026-01-14 19:11:58,2026-01-14 19:12:00.099085,2.0990847781746393
high_baseline_mild_bump_maltese_05,2026-01-14 16:27:21,2026-01-14 16:27:23.275647,2.275647156086707
high_baseline_mild_bump_maltese_05,2026-01-14 22:03:09,2026-01-14 22:03:11.054551,2.0545512050806716
high_baseline_mild_bump_maltese_05,2026-01-14 14:10:57,2026-01-14 14:11:00.516729,3.516729073432694
high_baseline_mild_bump_maltese_05,2026-01-14 11:17:21,2026-01-14 11:17:25.584008,4.58400801362858
high_baseline_mild_bump_maltese_05,2026-01-14 06:40:10,2026-01-14 06:40:13.532307,3.532306609881588
high_baseline_mild_bump_maltese_05,2026-01-14 09:45:55,2026-01-14 09:45:58.431620,3.4316195560411296
high_baseline_mild_bump_maltese_05,2026-01-14 15:10:29,2026-01-14 15:10:31.283049,2.2830489633339104
high_baseline_mild_bump_maltese_05,2026-01-14 13:02:31,2026-01-14 13:02:35.280427,4.280426918150116
high_baseline_mild_bump_maltese_05,2026-01-15 18:46:20,2026-01-15 18:46:24.052219,4.052219060110209
high_baseline_mild_bump_maltese_05,2026-01-15 12:57:06,2026-01-15 12:57:10.931895,4.931895079455625
high_baseline_mild_bump_maltese_05,2026-01-15 09:29:57,2026-01-15 09:30:00.047638,3.0476382424249313
high_baseline_mild_bump_maltese_05,2026-01-15 19:52:38,2026-01-15 19:52:41.516089,3.5160894750749745
high_baseline_mild_bump_maltese_05,2026-01-15 22:04:46,2026-01-15 22:04:50.324870,4.324870404199403
high_baseline_mild_bump_maltese_05,2026-01-15 21:55:30,2026-01-15 21:55:33.610136,3.61013623045824
high_baseline_mild_bump_maltese_05,2026-01-15 18:55:18,2026-01-15 18:55:22.645974,4.645973513005725
high_baseline_mild_bump_maltese_05,2026-01-15 19:08:07,2026-01-15 19:08:10.898111,3.8981110776613592
high_baseline_mild_bump_maltese_05,2026-01-15 17:28:19,2026-01-15 17:28:21.914184,2.9141843064028325
high_baseline_mild_bump_maltese_05,2026-01-15 02:35:58,2026-01-15 02:36:01.361452,3.3614520130196563
high_baseline_mild_bump_maltese_05,2026-01-15 21:30:29,2026-01-15 21:30:32.743384,3.7433837500254707
high_baseline_mild_bump_maltese_05,2026-01-15 12:20:53,2026-01-15 12:20:55.717661,2.7176612100185022
high_baseline_mild_bump_maltese_05,2026-01-15 14:07:14,2026-01-15 14:07:18.829972,4.82997178099926
high_baseline_mild_bump_maltese_05,2026-01-15 16:25:30,2026-01-15 16:25:34.338921,4.338921373822387
high_baseline_mild_bump_maltese_05,2026-01-15 17:05:36,2026-01-15 17:05:38.067734,2.067734423145593
high_baseline_mild_bump_maltese_05,2026-01-15 16:58:10,2026-01-15 16:58:12.402525,2.4025254760641386
high_baseline_mild_bump_maltese_05,2026-01-15 17:30:10,2026-01-15 17:30:13.747176,3.747175690449209
high_baseline_mild_bump_maltese_05,2026-01-15 04:31:29,2026-01-15 04:31:32.612156,3.612156088792824
high_baseline_mild_bump_maltese_05,2026-01-15 07:33:36,2026-01-15 07:33:39.267217,3.2672168879021712
high_baseline_mild_bump_maltese_05,2026-01-15 12:41:29,2026-01-15 12:41:31.530264,2.530263859984867
high_baseline_mild_bump_maltese_05,2026-01-15 11:01:08,2026-01-15 11:01:10.425882,2.4258819182248925
high_baseline_mild_bump_maltese_05,2026-01-15 01:12:05,2026-01-15 01:12:08.638402,3.6384018701097154
high_baseline_mild_bump_maltese_05,2026-01-15 05:08:31,2026-01-15 05:08:35.558358,4.558357848125526
high_baseline_mild_bump_maltese_05,2026-01-15 18:41:45,2026-01-15 18:41:47.184614,2.184614186510367
high_baseline_mild_bump_maltese_05,2026-01-15 14:57:14,2026-01-15 14:57:18.546562,4.546562105150613
high_baseline_mild_bump_maltese_05,2026-01-15 14:45:02,2026-01-15 14:45:04.328975,2.3289750291055222
high_baseline_mild_bump_maltese_05,2026-01-15 01:07:07,2026-01-15 01:07:11.761377,4.761376998687776
high_baseline_mild_bump_maltese_05,2026-01-15 01:06:38,2026-01-15 01:06:42.768330,4.768329567470158
high_baseline_mild_bump_maltese_05,2026-01-15 04:44:15,2026-01-15 04:44:17.381788,2.381788167545846
high_baseline_mild_bump_maltese_05,2026-01-15 11:39:22,2026-01-15 11:39:24.920542,2.920541691935024
high_baseline_mild_bump_maltese_05,2026-01-15 13:50:46,2026-01-15 13:50:49.635535,3.635534558352207
high_baseline_mild_bump_maltese_05,2026-01-15 20:51:19,2026-01-15 20:51:21.786089,2.786089114768699
high_baseline_mild_bump_maltese_05,2026-01-15 15:26:30,2026-01-15 15:26:32.862318,2.862318028525268
high_baseline_mild_bump_maltese_05,2026-01-15 16:18:33,2026-01-15 16:18:35.045000,2.04500026925907
high_baseline_mild_bump_maltese_05,2026-01-15 13:11:53,2026-01-15 13:11:56.863511,3.863510547510344
high_baseline_mild_bump_maltese_05,2026-01-15 17:16:29,2026-01-15 17:16:31.887950,2.8879502379578645
high_baseline_mild_bump_maltese_05,2026-01-15 07:09:33,2026-01-15 07:09:35.254846,2.2548455537529963
high_baseline_mild_bump_maltese_05,2026-01-15 17:03:38,2026-01-15 17:03:42.870484,4.8704843821854915
high_baseline_mild_bump_maltese_05,2026-01-15 12:26:32,2026-01-15 12:26:36.154310,4.154309646837408
high_baseline_mild_bump_maltese_05,2026-01-15 07:05:38,2026-01-15 07:05:41.248725,3.2487252592797247
high_baseline_mild_bump_maltese_05,2026-01-16 11:18:00,2026-01-16 11:18:03.276252,3.2762519631353304
high_baseline_mild_bump_maltese_05,2026-01-16 22:56:50,2026-01-16 22:56:53.538537,3.538536840260927
high_baseline_mild_bump_maltese_05,2026-01-16 15:32:32,2026-01-16 15:32:35.086812,3.0868115905925966
high_baseline_mild_bump_maltese_05,2026-01-16 08:01:27,2026-01-16 08:01:29.370638,2.370637612015267
high_baseline_mild_bump_maltese_05,2026-01-16 14:14:28,2026-01-16 14:14:31.197217,3.197216738675153
high_baseline_mild_bump_maltese_05,2026-01-16 10:49:44,2026-01-16 10:49:48.262862,4.262861842414533
high_baseline_mild_bump_maltese_05,2026-01-16 18:08:03,2026-01-16 18:08:05.874611,2.874611157214328
high_baseline_mild_bump_maltese_05,2026-01-16 22:10:12,2026-01-16 22:10:15.753609,3.7536093925152496
high_baseline_mild_bump_maltese_05,2026-01-16 13:50:20,2026-01-16 13:50:23.134543,3.134542738148717
high_baseline_mild_bump_maltese_05,2026-01-16 19:39:43,2026-01-16 19:39:46.964046,3.964046498214254
high_baseline_mild_bump_maltese_05,2026-01-16 13:46:22,2026-01-16 13:46:24.938956,2.938955759567254
high_baseline_mild_bump_maltese_05,2026-01-16 07:58:26,2026-01-16 07:58:30.445682,4.445682027260302
high_baseline_mild_bump_maltese_05,2026-01-16 16:28:28,2026-01-16 16:28:31.688063,3.6880628190584037
high_baseline_mild_bump_maltese_05,2026-01-16 16:55:18,2026-01-16 16:55:20.921021,2.921021410796924
high_baseline_mild_bump_maltese_05,2026-01-16 01:30:24,2026-01-16 01:30:26.632420,2.632420077595474
high_baseline_mild_bump_maltese_05,2026-01-16 10:06:46,2026-01-16 10:06:49.790360,3.7903604890818094
high_baseline_mild_bump_maltese_05,2026-01-16 06:38:10,2026-01-16 06:38:13.400238,3.4002375373075955
high_baseline_mild_bump_maltese_05,2026-01-16 19:47:06,2026-01-16 19:47:10.526948,4.526947669562942
high_baseline_mild_bump_maltese_05,2026-01-16 16:52:53,2026-01-16 16:52:57.928463,4.9284634572025094
high_baseline_mild_bump_maltese_05,2026-01-16 20:28:27,2026-01-16 20:28:30.490136,3.490135581822803
high_baseline_mild_bump_maltese_05,2026-01-16 07:51:34,2026-01-16 07:51:38.636982,4.6369819593735
high_baseline_mild_bump_maltese_05,2026-01-16 14:22:16,2026-01-16 14:22:18.561043,2.5610433319380195
high_baseline_mild_bump_maltese_05,2026-01-16 13:03:37,2026-01-16 13:03:41.643952,4.643952405622027
high_baseline_mild_bump_maltese_05,2026-01-16 19:52:25,2026-01-16 19:52:29.566392,4.566391926852516
high_baseline_mild_bump_maltese_05,2026-01-16 20:05:47,2026-01-16 20:05:51.326404,4.32640357513947
high_baseline_mild_bump_maltese_05,2026-01-16 11:34:13,2026-01-16 11:34:15.741928,2.7419279145026794
high_baseline_mild_bump_maltese_05,2026-01-16 21:47:51,2026-01-16 21:47:54.290207,3.2902073457848617
high_baseline_mild_bump_maltese_05,2026-01-16 13:34:36,2026-01-16 13:34:38.846778,2.8467776875429527
high_baseline_mild_bump_maltese_05,2026-01-16 13:46:29,2026-01-16 13:46:31.240137,2.2401367328966812
high_baseline_mild_bump_maltese_05,2026-01-16 06:15:45,2026-01-16 06:15:49.189875,4.189874652620155
high_baseline_mild_bump_maltese_05,2026-01-16 14:36:47,2026-01-16 14:36:49.267705,2.2677053586721563
high_baseline_mild_bump_maltese_05,2026-01-16 06:06:06,2026-01-16 06:06:08.526270,2.5262697546327155
high_baseline_mild_bump_maltese_05,2026-01-16 21:17:07,2026-01-16 21:17:10.096463,3.0964628001657557
high_baseline_mild_bump_maltese_05,2026-01-16 12:46:20,2026-01-16 12:46:24.765587,4.765587182660736
high_baseline_mild_bump_maltese_05,2026-01-16 14:27:38,2026-01-16 14:27:41.014912,3.0149115092337118
high_baseline_mild_bump_maltese_05,2026-01-16 21:31:56,2026-01-16 21:32:00.783379,4.78337860864219
high_baseline_mild_bump_maltese_05,2026-01-16 18:28:56,2026-01-16 18:29:00.275649,4.275648977987908
high_baseline_mild_bump_maltese_05,2026-01-16 01:03:24,2026-01-16 01:03:27.951635,3.9516345712666405
high_baseline_mild_bump_maltese_05,2026-01-16 08:07:06,2026-01-16 08:07:08.479204,2.4792042532286875
high_baseline_mild_bump_maltese_05,2026-01-16 15:06:16,2026-01-16 15:06:18.080124,2.0801239348049942
high_baseline_mild_bump_maltese_05,2026-01-16 14:56:56,2026-01-16 14:56:59.203373,3.2033730954557313
high_baseline_mild_bump_maltese_05,2026-01-16 17:57:04,2026-01-16 17:57:08.824571,4.824570710229457
high_baseline_mild_bump_maltese_05,2026-01-16 11:32:00,2026-01-16 11:32:02.188782,2.1887822508171384
high_baseline_mild_bump_maltese_05,2026-01-16 01:17:21,2026-01-16 01:17:25.966473,4.966473471452536
high_baseline_mild_bump_maltese_05,2026-01-16 13:44:05,2026-01-16 13:44:09.161568,4.1615675732903314
high_baseline_mild_bump_maltese_05,2026-01-16 20:09:24,2026-01-16 20:09:28.800805,4.800804551162484
high_baseline_mild_bump_maltese_05,2026-01-16 19:25:26,2026-01-16 19:25:28.969603,2.969602745056109
high_baseline_mild_bump_maltese_05,2026-01-16 14:54:27,2026-01-16 14:54:29.844742,2.8447416738703617
high_baseline_mild_bump_maltese_05,2026-01-16 10:49:39,2026-01-16 10:49:42.697469,3.697469442353748
high_baseline_mild_bump_maltese_05,2026-01-16 17:08:19,2026-01-16 17:08:23.536964,4.536963961418762
high_baseline_mild_bump_maltese_05,2026-01-16 13:19:51,2026-01-16 13:19:55.900574,4.900573505422958
high_baseline_mild_bump_maltese_05,2026-01-16 08:41:02,2026-01-16 08:41:06.277541,4.277541464569809
high_baseline_mild_bump_maltese_05,2026-01-16 19:15:30,2026-01-16 19:15:34.512604,4.512603732954701
high_baseline_mild_bump_maltese_05,2026-01-16 23:45:58,2026-01-16 23:46:02.168786,4.168786148713629
high_baseline_mild_bump_maltese_05,2026-01-16 18:24:16,2026-01-16 18:24:20.627994,4.627994243000408
high_baseline_mild_bump_maltese_05,2026-01-16 18:28:56,2026-01-16 18:28:59.257076,3.2570756670171104
high_baseline_mild_bump_maltese_05,2026-01-16 20:46:21,2026-01-16 20:46:23.969186,2.9691862349366662
high_baseline_mild_bump_maltese_05,2026-01-16 13:59:03,2026-01-16 13:59:07.672826,4.672825759420157
high_baseline_mild_bump_maltese_05,2026-01-16 11:50:21,2026-01-16 11:50:23.269220,2.269219868933219
high_baseline_mild_bump_maltese_05,2026-01-16 07:11:06,2026-01-16 07:11:08.500934,2.500934153336936
high_baseline_mild_bump_maltese_05,2026-01-16 00:46:00,2026-01-16 00:46:02.592619,2.5926189375753257
high_baseline_mild_bump_maltese_05,2026-01-16 16:25:54,2026-01-16 16:25:57.869413,3.869413402707595
high_baseline_mild_bump_maltese_05,2026-01-16 18:42:33,2026-01-16 18:42:35.103937,2.1039372136352354
high_baseline_mild_bump_maltese_05,2026-01-16 19:38:06,2026-01-16 19:38:08.148747,2.148746998838718
high_baseline_mild_bump_maltese_05,2026-01-17 08:43:31,2026-01-17 08:43:33.300906,2.300906092954408
high_baseline_mild_bump_maltese_05,2026-01-17 10:18:28,2026-01-17 10:18:32.134853,4.134852765596756
high_baseline_mild_bump_maltese_05,2026-01-17 16:03:59,2026-01-17 16:04:01.755177,2.7551766346652125
high_baseline_mild_bump_maltese_05,2026-01-17 22:29:19,2026-01-17 22:29:21.266438,2.266437677099613
high_baseline_mild_bump_maltese_05,2026-01-17 02:11:53,2026-01-17 02:11:57.636187,4.636186900890196
high_baseline_mild_bump_maltese_05,2026-01-17 23:30:50,2026-01-17 23:30:52.376542,2.3765416250016145
high_baseline_mild_bump_maltese_05,2026-01-17 07:23:02,2026-01-17 07:23:06.091012,4.091012118934481
high_baseline_mild_bump_maltese_05,2026-01-17 15:10:30,2026-01-17 15:10:34.959411,4.959410609740949
high_baseline_mild_bump_maltese_05,2026-01-17 13:06:54,2026-01-17 13:06:58.544812,4.5448118082140025
high_baseline_mild_bump_maltese_05,2026-01-17 21:53:38,2026-01-17 21:53:41.914891,3.9148914367063252
high_baseline_mild_bump_maltese_05,2026-01-17 04:38:34,2026-01-17 04:38:36.467300,2.4673001814917432
high_baseline_mild_bump_maltese_05,2026-01-17 19:17:04,2026-01-17 19:17:06.226331,2.226331138909748
high_baseline_mild_bump_maltese_05,2026-01-17 00:50:18,2026-01-17 00:50:21.247275,3.2472749623904074
high_baseline_mild_bump_maltese_05,2026-01-17 10:45:02,2026-01-17 10:45:04.730054,2.7300538981399587
high_baseline_mild_bump_maltese_05,2026-01-17 14:56:38,2026-01-17 14:56:41.333812,3.3338119561310395
high_baseline_mild_bump_maltese_05,2026-01-17 11:48:12,2026-01-17 11:48:16.898493,4.898493086573584
high_baseline_mild_bump_maltese_05,2026-01-17 14:42:03,2026-01-17 14:42:06.295066,3.2950658971773543
high_baseline_mild_bump_maltese_05,2026-01-18 16:28:52,2026-01-18 16:28:56.556114,4.556114012411477
high_baseline_mild_bump_maltese_05,2026-01-18 15:16:45,2026-01-18 15:16:49.330564,4.330563894828587
high_baseline_mild_bump_maltese_05,2026-01-18 06:18:06,2026-01-18 06:18:08.149980,2.1499795442771448
high_baseline_mild_bump_maltese_05,2026-01-18 22:41:49,2026-01-18 22:41:51.064898,2.0648977532823674
high_baseline_mild_bump_maltese_05,2026-01-18 08:05:54,2026-01-18 08:05:58.814018,4.814018219634103
high_baseline_mild_bump_maltese_05,2026-01-18 01:52:17,2026-01-18 01:52:20.610525,3.6105248912242667
high_baseline_mild_bump_maltese_05,2026-01-18 14:21:33,2026-01-18 14:21:37.348372,4.3483719064496835
high_baseline_mild_bump_maltese_05,2026-01-18 18:30:59,2026-01-18 18:31:02.954360,3.9543595450329674
high_baseline_mild_bump_maltese_05,2026-01-18 07:13:01,2026-01-18 07:13:04.953927,3.953926809720181
high_baseline_mild_bump_maltese_05,2026-01-18 17:03:51,2026-01-18 17:03:55.819550,4.819549755206061
high_baseline_mild_bump_maltese_05,2026-01-18 12:55:49,2026-01-18 12:55:53.002388,4.0023881332346765
high_baseline_mild_bump_maltese_05,2026-01-18 11:47:23,2026-01-18 11:47:26.346445,3.3464446544326645
high_baseline_mild_bump_maltese_05,2026-01-18 14:59:39,2026-01-18 14:59:42.347932,3.347932200140871
high_baseline_mild_bump_maltese_05,2026-01-18 19:43:37,2026-01-18 19:43:41.955227,4.955226969660328
high_baseline_mild_bump_maltese_05,2026-01-18 06:07:22,2026-01-18 06:07:25.179589,3.1795892486358617
high_baseline_mild_bump_maltese_05,2026-01-18 10:05:56,2026-01-18 10:05:59.744641,3.7446411928719034
high_baseline_mild_bump_maltese_05,2026-01-18 20:10:12,2026-01-18 20:10:16.451773,4.451772913743472
high_baseline_mild_bump_maltese_05,2026-01-18 13:51:50,2026-01-18 13:51:52.870949,2.8709493727381004
high_baseline_mild_bump_maltese_05,2026-01-18 17:08:08,2026-01-18 17:08:11.296864,3.2968635442034198
high_baseline_mild_bump_maltese_05,2026-01-18 04:09:52,2026-01-18 04:09:54.810947,2.810946539817455
high_baseline_mild_bump_maltese_05,2026-01-18 11:51:13,2026-01-18 11:51:17.307517,4.307516725548262
high_baseline_mild_bump_maltese_05,2026-01-18 16:04:20,2026-01-18 16:04:22.577811,2.577810599258327
high_baseline_mild_bump_maltese_05,2026-01-18 01:43:08,2026-01-18 01:43:11.287821,3.287821286366425
high_baseline_mild_bump_maltese_05,2026-01-18 18:51:43,2026-01-18 18:51:47.015710,4.015710368304422
high_baseline_mild_bump_maltese_05,2026-01-19 07:34:02,2026-01-19 07:34:04.413687,2.413687201803412
high_baseline_mild_bump_maltese_05,2026-01-19 07:48:43,2026-01-19 07:48:47.888845,4.888845188648871
high_baseline_mild_bump_maltese_05,2026-01-19 11:15:37,2026-01-19 11:15:39.483309,2.4833085384854234
high_baseline_mild_bump_maltese_05,2026-01-19 11:55:29,2026-01-19 11:55:31.518735,2.518735296294433
high_baseline_mild_bump_maltese_05,2026-01-19 14:34:07,2026-01-19 14:34:11.076026,4.076026013984491
high_baseline_mild_bump_maltese_05,2026-01-19 11:15:13,2026-01-19 11:15:17.783000,4.782999658030941
high_baseline_mild_bump_maltese_05,2026-01-19 20:38:17,2026-01-19 20:38:20.003925,3.0039248667994345
high_baseline_mild_bump_maltese_05,2026-01-19 02:37:06,2026-01-19 02:37:08.033401,2.033401473191192
high_baseline_mild_bump_maltese_05,2026-01-19 10:10:41,2026-01-19 10:10:43.582371,2.582370772958917
high_baseline_mild_bump_maltese_05,2026-01-19 19:19:46,2026-01-19 19:19:48.384359,2.3843589988593576
high_baseline_mild_bump_maltese_05,2026-01-19 11:06:20,2026-01-19 11:06:24.971642,4.971642486103128
high_baseline_mild_bump_maltese_05,2026-01-19 11:11:34,2026-01-19 11:11:38.501963,4.501962968352444
high_baseline_mild_bump_maltese_05,2026-01-19 20:06:23,2026-01-19 20:06:27.616603,4.616603482538265
high_baseline_mild_bump_maltese_05,2026-01-19 21:10:36,2026-01-19 21:10:39.018185,3.0181848637495823
high_baseline_mild_bump_maltese_05,2026-01-19 05:38:25,2026-01-19 05:38:27.313903,2.3139031969757338
high_baseline_mild_bump_maltese_05,2026-01-19 13:15:07,2026-01-19 13:15:10.880384,3.8803841063538567
high_baseline_mild_bump_maltese_05,2026-01-19 10:07:21,2026-01-19 10:07:25.188167,4.188167455061199
high_baseline_mild_bump_maltese_05,2026-01-20 10:37:12,2026-01-20 10:37:15.518341,3.518341157654501
high_baseline_mild_bump_maltese_05,2026-01-20 02:20:27,2026-01-20 02:20:31.242479,4.242479208881775
high_baseline_mild_bump_maltese_05,2026-01-20 02:57:55,2026-01-20 02:57:57.208234,2.2082339160273525
high_baseline_mild_bump_maltese_05,2026-01-20 10:58:37,2026-01-20 10:58:40.634087,3.634086849093114
high_baseline_mild_bump_maltese_05,2026-01-20 12:55:17,2026-01-20 12:55:19.008842,2.008842339897378
high_baseline_mild_bump_maltese_05,2026-01-20 10:14:21,2026-01-20 10:14:25.088498,4.088497995925564
high_baseline_mild_bump_maltese_05,2026-01-20 14:34:12,2026-01-20 14:34:16.633959,4.633959102170657
high_baseline_mild_bump_maltese_05,2026-01-20 20:32:08,2026-01-20 20:32:11.918698,3.918698120022529
high_baseline_mild_bump_maltese_05,2026-01-20 04:16:58,2026-01-20 04:17:01.149454,3.1494543964094013
high_baseline_mild_bump_maltese_05,2026-01-20 12:20:58,2026-01-20 12:21:00.135532,2.1355321526135924
high_baseline_mild_bump_maltese_05,2026-01-20 19:51:27,2026-01-20 19:51:31.108416,4.108416204466637
high_baseline_mild_bump_maltese_05,2026-01-20 08:13:44,2026-01-20 08:13:47.288493,3.2884930497990656
high_baseline_mild_bump_maltese_05,2026-01-20 06:39:29,2026-01-20 06:39:33.928877,4.928876755163149
high_baseline_mild_bump_maltese_05,2026-01-20 15:29:39,2026-01-20 15:29:42.315011,3.3150114015195595
high_baseline_mild_bump_maltese_05,2026-01-20 14:37:28,2026-01-20 14:37:30.321347,2.321347382709883
high_baseline_mild_bump_maltese_05,2026-01-20 07:07:52,2026-01-20 07:07:56.390706,4.390706320256815
high_baseline_mild_bump_maltese_05,2026-01-20 23:06:10,2026-01-20 23:06:13.247455,3.24745517216315
high_baseline_mild_bump_maltese_05,2026-01-20 00:49:17,2026-01-20 00:49:19.597291,2.5972914860246874
high_baseline_mild_bump_maltese_05,2026-01-20 08:52:44,2026-01-20 08:52:47.582637,3.5826367384896036
high_baseline_mild_bump_maltese_05,2026-01-20 06:43:53,2026-01-20 06:43:55.139778,2.1397782132238365
high_baseline_mild_bump_maltese_05,2026-01-21 22:37:47,2026-01-21 22:37:51.368262,4.368261609323596
high_baseline_mild_bump_maltese_05,2026-01-21 06:19:22,2026-01-21 06:19:24.930749,2.9307493172968417
high_baseline_mild_bump_maltese_05,2026-01-21 17:45:05,2026-01-21 17:45:09.580542,4.5805424980036475
high_baseline_mild_bump_maltese_05,2026-01-21 03:02:26,2026-01-21 03:02:28.901993,2.901993403452873
high_baseline_mild_bump_maltese_05,2026-01-21 10:37:27,2026-01-21 10:37:30.033989,3.033988771770061
high_baseline_mild_bump_maltese_05,2026-01-21 13:39:45,2026-01-21 13:39:49.885131,4.885131065970301
high_baseline_mild_bump_maltese_05,2026-01-21 15:10:44,2026-01-21 15:10:48.841153,4.841152882261823
high_baseline_mild_bump_maltese_05,2026-01-21 12:36:00,2026-01-21 12:36:02.515690,2.515690093569399
high_baseline_mild_bump_maltese_05,2026-01-21 00:10:33,2026-01-21 00:10:35.336645,2.3366454935853027
high_baseline_mild_bump_maltese_05,2026-01-21 09:08:08,2026-01-21 09:08:10.980833,2.9808334531162473
high_baseline_mild_bump_maltese_05,2026-01-21 17:07:59,2026-01-21 17:08:02.036139,3.036138926290609
high_baseline_mild_bump_maltese_05,2026-01-21 13:26:47,2026-01-21 13:26:50.671871,3.671871209784072
high_baseline_mild_bump_maltese_05,2026-01-21 08:07:44,2026-01-21 08:07:48.052944,4.052944015785282
high_baseline_mild_bump_maltese_05,2026-01-21 10:47:37,2026-01-21 10:47:40.970295,3.9702948327826464
high_baseline_mild_bump_maltese_05,2026-01-21 16:27:30,2026-01-21 16:27:34.781905,4.781904719217794
high_baseline_mild_bump_maltese_05,2026-01-21 18:24:39,2026-01-21 18:24:43.923912,4.9239116666012706
high_baseline_mild_bump_maltese_05,2026-01-21 17:51:37,2026-01-21 17:51:41.792426,4.792426033135747
high_baseline_mild_bump_maltese_05,2026-01-21 05:45:06,2026-01-21 05:45:08.826230,2.8262304790478163
high_baseline_mild_bump_maltese_05,2026-01-21 15:57:10,2026-01-21 15:57:14.041776,4.041775994283877
high_baseline_mild_bump_maltese_05,2026-01-21 10:07:49,2026-01-21 10:07:52.934379,3.9343787874162066
high_baseline_mild_bump_maltese_05,2026-01-21 09:25:10,2026-01-21 09:25:12.887071,2.887071167269856
high_baseline_mild_bump_maltese_05,2026-01-21 15:42:39,2026-01-21 15:42:43.246787,4.246786609598057
high_baseline_mild_bump_maltese_05,2026-01-21 09:15:22,2026-01-21 09:15:25.118899,3.118899281647085
high_baseline_mild_bump_maltese_05,2026-01-21 18:50:15,2026-01-21 18:50:19.947214,4.947213515693387
high_baseline_mild_bump_maltese_05,2026-01-21 08:15:08,2026-01-21 08:15:11.874022,3.8740223853206963
high_baseline_mild_bump_maltese_05,2026-01-21 16:43:26,2026-01-21 16:43:28.079632,2.079631738432469
high_baseline_mild_bump_maltese_05,2026-01-21 00:36:46,2026-01-21 00:36:50.628527,4.6285273268250915
high_baseline_mild_bump_maltese_05,2026-01-21 22:09:07,2026-01-21 22:09:10.380846,3.380845548279222
high_baseline_mild_bump_maltese_05,2026-01-21 11:32:29,2026-01-21 11:32:31.763425,2.763425376262404
high_baseline_mild_bump_maltese_05,2026-01-22 18:50:17,2026-01-22 18:50:21.676504,4.6765043388208785
high_baseline_mild_bump_maltese_05,2026-01-22 05:48:19,2026-01-22 05:48:21.035580,2.03558030394651
high_baseline_mild_bump_maltese_05,2026-01-22 14:30:20,2026-01-22 14:30:22.935867,2.9358665464175835
high_baseline_mild_bump_maltese_05,2026-01-22 02:30:29,2026-01-22 02:30:31.329986,2.329985910479968
high_baseline_mild_bump_maltese_05,2026-01-22 09:18:46,2026-01-22 09:18:50.018256,4.018256246720806
high_baseline_mild_bump_maltese_05,2026-01-22 10:31:20,2026-01-22 10:31:24.360977,4.360977096528452
high_baseline_mild_bump_maltese_05,2026-01-22 11:57:19,2026-01-22 11:57:21.353031,2.3530308426469113
high_baseline_mild_bump_maltese_05,2026-01-22 16:36:12,2026-01-22 16:36:14.853137,2.8531374925474187
high_baseline_mild_bump_maltese_05,2026-01-22 14:31:52,2026-01-22 14:31:55.758614,3.7586144289279195
high_baseline_mild_bump_maltese_05,2026-01-22 19:24:31,2026-01-22 19:24:35.788355,4.788355110109952
high_baseline_mild_bump_maltese_05,2026-01-22 09:18:28,2026-01-22 09:18:32.767218,4.767217981842131
high_baseline_mild_bump_maltese_05,2026-01-22 09:30:12,2026-01-22 09:30:15.515395,3.515395077380824
high_baseline_mild_bump_maltese_05,2026-01-22 13:33:54,2026-01-22 13:33:56.270541,2.270540965190073
high_baseline_mild_bump_maltese_05,2026-01-22 03:19:51,2026-01-22 03:19:54.391533,3.3915331475794184
high_baseline_mild_bump_maltese_05,2026-01-22 01:47:38,2026-01-22 01:47:41.017706,3.0177058719000063
high_baseline_mild_bump_maltese_05,2026-01-22 17:58:03,2026-01-22 17:58:07.535280,4.535280041894924
high_baseline_mild_bump_maltese_05,2026-01-22 05:02:10,2026-01-22 05:02:12.413683,2.413683116942254
high_baseline_mild_bump_maltese_05,2026-01-22 20:02:53,2026-01-22 20:02:57.509090,4.5090896123816275
high_baseline_mild_bump_maltese_05,2026-01-22 20:19:57,2026-01-22 20:19:59.707993,2.7079932565287304
high_baseline_mild_bump_maltese_05,2026-01-22 15:49:06,2026-01-22 15:49:09.311575,3.311575370697902
high_baseline_mild_bump_maltese_05,2026-01-22 18:10:11,2026-01-22 18:10:13.383424,2.3834237757720627
high_baseline_mild_bump_maltese_05,2026-01-22 04:49:03,2026-01-22 04:49:05.596468,2.596468347252624
high_baseline_mild_bump_maltese_05,2026-01-22 16:53:04,2026-01-22 16:53:07.317995,3.3179946182268854
high_baseline_mild_bump_maltese_05,2026-01-22 00:23:13,2026-01-22 00:23:15.828436,2.8284355147189855
high_baseline_mild_bump_maltese_05,2026-01-22 10:01:10,2026-01-22 10:01:12.510493,2.5104926553672726
high_baseline_mild_bump_maltese_05,2026-01-22 07:39:48,2026-01-22 07:39:51.512265,3.5122647291696927
high_baseline_mild_bump_maltese_05,2026-01-22 10:42:07,2026-01-22 10:42:10.031304,3.0313040212353486
high_baseline_mild_bump_maltese_05,2026-01-22 21:52:07,2026-01-22 21:52:10.708798,3.7087975824231
high_baseline_mild_bump_maltese_05,2026-01-22 12:55:06,2026-01-22 12:55:10.729376,4.729376438052641
high_baseline_mild_bump_maltese_05,2026-01-22 18:17:06,2026-01-22 18:17:10.564002,4.564002362648493
high_baseline_mild_bump_maltese_05,2026-01-22 12:30:49,2026-01-22 12:30:52.461154,3.4611536965022545
high_baseline_mild_bump_maltese_05,2026-01-22 15:45:45,2026-01-22 15:45:47.120935,2.120934774599543
high_baseline_mild_bump_maltese_05,2026-01-22 09:51:06,2026-01-22 09:51:10.708272,4.708272203247583
high_baseline_mild_bump_maltese_05,2026-01-23 13:07:15,2026-01-23 13:07:19.077518,4.077517828908415
high_baseline_mild_bump_maltese_05,2026-01-23 07:03:49,2026-01-23 07:03:51.584204,2.5842036844833896
high_baseline_mild_bump_maltese_05,2026-01-23 07:52:57,2026-01-23 07:53:00.737567,3.737567069714054
high_baseline_mild_bump_maltese_05,2026-01-23 11:17:39,2026-01-23 11:17:43.762361,4.7623609105509646
high_baseline_mild_bump_maltese_05,2026-01-23 04:26:05,2026-01-23 04:26:07.704605,2.704605363787027
high_baseline_mild_bump_maltese_05,2026-01-23 20:04:58,2026-01-23 20:05:01.638136,3.6381359169342375
high_baseline_mild_bump_maltese_05,2026-01-23 09:28:47,2026-01-23 09:28:51.837740,4.837739775827439
high_baseline_mild_bump_maltese_05,2026-01-23 09:40:12,2026-01-23 09:40:14.214230,2.2142300988626644
high_baseline_mild_bump_maltese_05,2026-01-23 15:54:38,2026-01-23 15:54:40.116678,2.11667835783854
high_baseline_mild_bump_maltese_05,2026-01-23 06:24:41,2026-01-23 06:24:44.161225,3.161225328058183
high_baseline_mild_bump_maltese_05,2026-01-23 21:51:48,2026-01-23 21:51:51.118736,3.1187359072789853
high_baseline_mild_bump_maltese_05,2026-01-23 08:29:58,2026-01-23 08:30:01.035291,3.035291140626601
high_baseline_mild_bump_maltese_05,2026-01-23 15:57:29,2026-01-23 15:57:31.731449,2.7314488870794573
high_baseline_mild_bump_maltese_05,2026-01-24 06:32:21,2026-01-24 06:32:25.064984,4.064984110438919
high_baseline_mild_bump_maltese_05,2026-01-24 08:34:28,2026-01-24 08:34:31.751351,3.7513511499297096
high_baseline_mild_bump_maltese_05,2026-01-24 08:04:38,2026-01-24 08:04:41.901821,3.90182100885812
high_baseline_mild_bump_maltese_05,2026-01-24 09:54:34,2026-01-24 09:54:36.874651,2.874650978817209
high_baseline_mild_bump_maltese_05,2026-01-24 11:54:11,2026-01-24 11:54:14.763167,3.7631667756101312
high_baseline_mild_bump_maltese_05,2026-01-24 10:46:39,2026-01-24 10:46:41.399461,2.399460541800659
high_baseline_mild_bump_maltese_05,2026-01-24 06:56:36,2026-01-24 06:56:40.314537,4.314537278621332
high_baseline_mild_bump_maltese_05,2026-01-24 07:50:29,2026-01-24 07:50:33.247367,4.247367115326676
high_baseline_mild_bump_maltese_05,2026-01-24 13:30:58,2026-01-24 13:31:01.083032,3.083032386369606
high_baseline_mild_bump_maltese_05,2026-01-24 07:39:51,2026-01-24 07:39:53.420303,2.420302587024304
high_baseline_mild_bump_maltese_05,2026-01-24 02:26:26,2026-01-24 02:26:30.112465,4.11246541688939
high_baseline_mild_bump_maltese_05,2026-01-24 13:47:56,2026-01-24 13:48:00.470984,4.470983604680258
high_baseline_mild_bump_maltese_05,2026-01-24 13:36:33,2026-01-24 13:36:35.997554,2.9975542625030736
high_baseline_mild_bump_maltese_05,2026-01-24 20:46:11,2026-01-24 20:46:13.123040,2.1230402491452427
high_baseline_mild_bump_maltese_05,2026-01-24 14:16:58,2026-01-24 14:17:00.780032,2.7800316407292045
high_baseline_mild_bump_maltese_05,2026-01-24 21:43:35,2026-01-24 21:43:39.617302,4.617301997080325
high_baseline_mild_bump_maltese_05,2026-01-24 17:27:39,2026-01-24 17:27:41.985787,2.9857874625284277
high_baseline_mild_bump_maltese_05,2026-01-24 02:14:52,2026-01-24 02:14:55.759886,3.7598855352654263
high_baseline_mild_bump_maltese_05,2026-01-24 10:52:26,2026-01-24 10:52:28.515350,2.5153502470137856
high_baseline_mild_bump_maltese_05,2026-01-24 05:08:20,2026-01-24 05:08:23.462935,3.4629345346094422
high_baseline_mild_bump_maltese_05,2026-01-24 20:02:30,2026-01-24 20:02:32.919035,2.9190345057427596
high_baseline_mild_bump_maltese_05,2026-01-24 20:54:48,2026-01-24 20:54:51.963768,3.9637683379516946
high_baseline_mild_bump_maltese_05,2026-01-24 20:10:52,2026-01-24 20:10:54.769845,2.7698450944525916
high_baseline_mild_bump_maltese_05,2026-01-24 22:14:30,2026-01-24 22:14:34.834584,4.8345840690226405
high_baseline_mild_bump_maltese_05,2026-01-24 12:16:53,2026-01-24 12:16:56.016628,3.016628015853357
high_baseline_mild_bump_maltese_05,2026-01-24 02:35:22,2026-01-24 02:35:24.166137,2.1661365255099088
high_baseline_mild_bump_maltese_05,2026-01-24 07:04:25,2026-01-24 07:04:29.937570,4.937569502667639
high_baseline_mild_bump_maltese_05,2026-01-24 06:12:34,2026-01-24 06:12:36.864527,2.8645269261204778
high_baseline_mild_bump_maltese_05,2026-01-24 11:11:08,2026-01-24 11:11:10.087838,2.0878377970045148
high_baseline_mild_bump_maltese_05,2026-01-24 00:44:09,2026-01-24 00:44:12.658534,3.658534228158673
high_baseline_mild_bump_maltese_05,2026-01-24 06:12:17,2026-01-24 06:12:21.304365,4.304365016094474
high_baseline_mild_bump_maltese_05,2026-01-24 05:40:36,2026-01-24 05:40:40.155644,4.155644326197011
high_baseline_mild_bump_maltese_05,2026-01-24 12:57:11,2026-01-24 12:57:15.578259,4.578258926529355
high_baseline_mild_bump_maltese_05,2026-01-25 00:46:16,2026-01-25 00:46:20.884025,4.884024885789176
high_baseline_mild_bump_maltese_05,2026-01-25 02:45:45,2026-01-25 02:45:48.690980,3.6909804380906404
high_baseline_mild_bump_maltese_05,2026-01-25 05:56:31,2026-01-25 05:56:36.168835,5.168834816607244
high_baseline_mild_bump_maltese_05,2026-01-25 20:09:42,2026-01-25 20:09:46.689445,4.689445408453437
high_baseline_mild_bump_maltese_05,2026-01-25 19:59:15,2026-01-25 19:59:19.204930,4.204930205654233
high_baseline_mild_bump_maltese_05,2026-01-25 13:31:45,2026-01-25 13:31:50.090530,5.090529960786975
high_baseline_mild_bump_maltese_05,2026-01-25 16:53:21,2026-01-25 16:53:25.138416,4.138416070503982
high_baseline_mild_bump_maltese_05,2026-01-25 15:00:35,2026-01-25 15:00:38.263215,3.2632151774405527
high_baseline_mild_bump_maltese_05,2026-01-25 11:22:23,2026-01-25 11:22:25.262487,2.2624873025904546
high_baseline_mild_bump_maltese_05,2026-01-25 21:12:58,2026-01-25 21:13:01.755433,3.755432770669919
high_baseline_mild_bump_maltese_05,2026-01-25 13:53:18,2026-01-25 13:53:21.986328,3.9863281396976338
high_baseline_mild_bump_maltese_05,2026-01-25 02:54:21,2026-01-25 02:54:25.649366,4.649366360292992
high_baseline_mild_bump_maltese_05,2026-01-25 06:41:05,2026-01-25 06:41:07.138331,2.138331288499057
high_baseline_mild_bump_maltese_05,2026-01-25 18:08:53,2026-01-25 18:08:55.839227,2.8392269287750143
high_baseline_mild_bump_maltese_05,2026-01-25 03:23:48,2026-01-25 03:23:51.250547,3.250547392028847
high_baseline_mild_bump_maltese_05,2026-01-25 07:30:03,2026-01-25 07:30:06.045360,3.0453602612964326
high_baseline_mild_bump_maltese_05,2026-01-25 09:04:57,2026-01-25 09:05:00.687383,3.6873834414877464
high_baseline_mild_bump_maltese_05,2026-01-25 09:54:36,2026-01-25 09:54:39.907747,3.9077469075265148
high_baseline_mild_bump_maltese_05,2026-01-25 11:11:15,2026-01-25 11:11:18.101078,3.1010780888669354
high_baseline_mild_bump_maltese_05,2026-01-25 11:15:53,2026-01-25 11:15:57.317755,4.3177546733337335
high_baseline_mild_bump_maltese_05,2026-01-25 18:38:53,2026-01-25 18:38:56.960026,3.960025867484304
high_baseline_mild_bump_maltese_05,2026-01-25 01:46:19,2026-01-25 01:46:23.187525,4.187525267521312
high_baseline_mild_bump_maltese_05,2026-01-25 19:42:54,2026-01-25 19:42:57.399500,3.399499687795332
high_baseline_mild_bump_maltese_05,2026-01-25 05:11:20,2026-01-25 05:11:22.569369,2.5693685776059185
high_baseline_mild_bump_maltese_05,2026-01-25 15:47:17,2026-01-25 15:47:20.400719,3.4007189252374124
high_baseline_mild_bump_maltese_05,2026-01-25 14:56:40,2026-01-25 14:56:42.878881,2.8788808481620403
high_baseline_mild_bump_maltese_05,2026-01-25 17:12:53,2026-01-25 17:12:57.231244,4.23124390515678
high_baseline_mild_bump_maltese_05,2026-01-25 18:39:56,2026-01-25 18:39:58.690401,2.6904009232689416
high_baseline_mild_bump_maltese_05,2026-01-25 01:01:32,2026-01-25 01:01:36.508537,4.508536919781077
high_baseline_mild_bump_maltese_05,2026-01-25 17:21:33,2026-01-25 17:21:36.350530,3.350529933955863
high_baseline_mild_bump_maltese_05,2026-01-25 15:32:32,2026-01-25 15:32:35.854041,3.8540414732755486
high_baseline_mild_bump_maltese_05,2026-01-25 09:20:36,2026-01-25 09:20:39.116758,3.116757619422455
high_baseline_mild_bump_maltese_05,2026-01-25 19:35:40,2026-01-25 19:35:43.626635,3.6266351464617856
high_baseline_mild_bump_maltese_05,2026-01-26 19:28:02,2026-01-26 19:28:05.470016,3.4700156476768473
high_baseline_mild_bump_maltese_05,2026-01-26 17:00:22,2026-01-26 17:00:26.104344,4.10434364055355
high_baseline_mild_bump_maltese_05,2026-01-26 19:28:18,2026-01-26 19:28:21.345514,3.345513858922855
high_baseline_mild_bump_maltese_05,2026-01-26 05:17:31,2026-01-26 05:17:34.419831,3.4198307616923462
high_baseline_mild_bump_maltese_05,2026-01-26 06:05:03,2026-01-26 06:05:05.903757,2.903756967195288
high_baseline_mild_bump_maltese_05,2026-01-26 22:52:47,2026-01-26 22:52:52.024713,5.024712904541096
high_baseline_mild_bump_maltese_05,2026-01-26 07:58:36,2026-01-26 07:58:39.596493,3.596492728106688
high_baseline_mild_bump_maltese_05,2026-01-26 10:20:29,2026-01-26 10:20:31.880346,2.880345758690591
high_baseline_mild_bump_maltese_05,2026-01-26 08:12:05,2026-01-26 08:12:07.359039,2.359038696032504
high_baseline_mild_bump_maltese_05,2026-01-26 12:29:37,2026-01-26 12:29:40.844494,3.844494452509383
high_baseline_mild_bump_maltese_05,2026-01-26 16:20:40,2026-01-26 16:20:43.360240,3.360239713174056
high_baseline_mild_bump_maltese_05,2026-01-26 04:36:20,2026-01-26 04:36:22.589481,2.589480993357463
high_baseline_mild_bump_maltese_05,2026-01-26 16:49:42,2026-01-26 16:49:45.002759,3.0027586075368307
high_baseline_mild_bump_maltese_05,2026-01-26 06:15:42,2026-01-26 06:15:44.153488,2.1534883251334733
high_baseline_mild_bump_maltese_05,2026-01-26 03:20:49,2026-01-26 03:20:53.275073,4.275073083358594
high_baseline_mild_bump_maltese_05,2026-01-26 08:57:11,2026-01-26 08:57:14.479675,3.4796751853022205
high_baseline_mild_bump_maltese_05,2026-01-26 20:19:45,2026-01-26 20:19:49.997943,4.997943405230353
high_baseline_mild_bump_maltese_05,2026-01-27 20:20:44,2026-01-27 20:20:47.804271,3.8042710839845255
high_baseline_mild_bump_maltese_05,2026-01-27 00:33:56,2026-01-27 00:33:59.808012,3.8080124277499343
high_baseline_mild_bump_maltese_05,2026-01-27 14:34:47,2026-01-27 14:34:50.411781,3.411781323441607
high_baseline_mild_bump_maltese_05,2026-01-27 07:19:01,2026-01-27 07:19:06.167878,5.1678780627420755
high_baseline_mild_bump_maltese_05,2026-01-27 10:10:18,2026-01-27 10:10:23.005247,5.00524737131443
high_baseline_mild_bump_maltese_05,2026-01-27 02:22:40,2026-01-27 02:22:43.849853,3.849852758993246
high_baseline_mild_bump_maltese_05,2026-01-27 01:02:11,2026-01-27 01:02:13.623014,2.6230139472493046
high_baseline_mild_bump_maltese_05,2026-01-27 18:49:44,2026-01-27 18:49:48.882889,4.882888691474518
high_baseline_mild_bump_maltese_05,2026-01-27 20:30:13,2026-01-27 20:30:15.182076,2.1820759572059942
high_baseline_mild_bump_maltese_05,2026-01-27 15:17:41,2026-01-27 15:17:44.070949,3.0709490434604545
high_baseline_mild_bump_maltese_05,2026-01-27 12:38:40,2026-01-27 12:38:42.934863,2.9348634317256117
high_baseline_mild_bump_maltese_05,2026-01-27 14:58:28,2026-01-27 14:58:31.157026,3.1570255361986694
high_baseline_mild_bump_maltese_05,2026-01-27 16:27:04,2026-01-27 16:27:06.559163,2.559162923035939
high_baseline_mild_bump_maltese_05,2026-01-27 08:52:05,2026-01-27 08:52:08.255690,3.2556899310462164
high_baseline_mild_bump_maltese_05,2026-01-27 20:11:11,2026-01-27 20:11:16.165234,5.165234444892888
high_baseline_mild_bump_maltese_05,2026-01-27 10:21:06,2026-01-27 10:21:09.935054,3.9350535635651096
high_baseline_mild_bump_maltese_05,2026-01-27 16:07:13,2026-01-27 16:07:16.536338,3.5363376017411667
high_baseline_mild_bump_maltese_05,2026-01-27 20:05:47,2026-01-27 20:05:51.165009,4.165008974155782
high_baseline_mild_bump_maltese_05,2026-01-27 05:33:51,2026-01-27 05:33:54.387807,3.387807211438613
high_baseline_mild_bump_maltese_05,2026-01-27 15:46:23,2026-01-27 15:46:26.957052,3.9570521573079303
high_baseline_mild_bump_maltese_05,2026-01-27 17:28:48,2026-01-27 17:28:50.691468,2.691467820935009
high_baseline_mild_bump_maltese_05,2026-01-27 17:41:20,2026-01-27 17:41:24.307732,4.307731847825149
high_baseline_mild_bump_maltese_05,2026-01-27 07:16:23,2026-01-27 07:16:25.357067,2.3570673428866242
high_baseline_mild_bump_maltese_05,2026-01-27 14:54:05,2026-01-27 14:54:10.185888,5.18588804438958
high_baseline_mild_bump_maltese_05,2026-01-27 23:02:44,2026-01-27 23:02:47.024901,3.024901301486925
high_baseline_mild_bump_maltese_05,2026-01-27 14:38:52,2026-01-27 14:38:56.528181,4.528181417588221
high_baseline_mild_bump_maltese_05,2026-01-27 20:52:13,2026-01-27 20:52:17.430991,4.430991277038485
high_baseline_mild_bump_maltese_05,2026-01-27 18:03:15,2026-01-27 18:03:19.724960,4.7249601082444075
high_baseline_mild_bump_maltese_05,2026-01-27 02:27:54,2026-01-27 02:27:57.931905,3.9319050311196913
high_baseline_mild_bump_maltese_05,2026-01-27 11:35:21,2026-01-27 11:35:26.237776,5.237775880658533
high_baseline_mild_bump_maltese_05,2026-01-27 11:31:52,2026-01-27 11:31:54.743843,2.743843010115427
high_baseline_mild_bump_maltese_05,2026-01-27 05:35:08,2026-01-27 05:35:12.170766,4.170766003930312
high_baseline_mild_bump_maltese_05,2026-01-27 06:47:53,2026-01-27 06:47:57.881790,4.881789621926809
high_baseline_mild_bump_maltese_05,2026-01-27 07:35:43,2026-01-27 07:35:45.255743,2.2557430442579456
high_baseline_mild_bump_maltese_05,2026-01-27 19:29:03,2026-01-27 19:29:05.554076,2.5540764548612183
high_baseline_mild_bump_maltese_05,2026-01-27 13:34:19,2026-01-27 13:34:22.680931,3.6809311817764536
high_baseline_mild_bump_maltese_05,2026-01-27 08:58:58,2026-01-27 08:59:00.392843,2.3928430539553243
high_baseline_mild_bump_maltese_05,2026-01-27 14:32:13,2026-01-27 14:32:18.179454,5.179454053176436
high_baseline_mild_bump_maltese_05,2026-01-27 14:03:16,2026-01-27 14:03:20.783962,4.783962390524854
high_baseline_mild_bump_maltese_05,2026-01-28 20:24:38,2026-01-28 20:24:41.144042,3.1440415426903296
high_baseline_mild_bump_maltese_05,2026-01-28 15:35:18,2026-01-28 15:35:21.299523,3.299523016487392
high_baseline_mild_bump_maltese_05,2026-01-28 23:58:25,2026-01-28 23:58:27.487909,2.4879094901549648
high_baseline_mild_bump_maltese_05,2026-01-28 09:11:11,2026-01-28 09:11:14.944310,3.9443099311045144
high_baseline_mild_bump_maltese_05,2026-01-28 01:36:04,2026-01-28 01:36:08.217347,4.217347077718923
high_baseline_mild_bump_maltese_05,2026-01-28 19:41:13,2026-01-28 19:41:16.349012,3.3490118253976315
high_baseline_mild_bump_maltese_05,2026-01-28 07:55:27,2026-01-28 07:55:30.995065,3.9950649597163657
high_baseline_mild_bump_maltese_05,2026-01-28 18:13:24,2026-01-28 18:13:27.066719,3.0667191342342113
high_baseline_mild_bump_maltese_05,2026-01-28 12:44:57,2026-01-28 12:45:00.769545,3.7695449112928987
high_baseline_mild_bump_maltese_05,2026-01-28 11:32:28,2026-01-28 11:32:30.795273,2.795273422324253
high_baseline_mild_bump_maltese_05,2026-01-28 12:35:41,2026-01-28 12:35:43.446206,2.446205659262818
high_baseline_mild_bump_maltese_05,2026-01-28 04:34:50,2026-01-28 04:34:52.540739,2.5407386777245597
high_baseline_mild_bump_maltese_05,2026-01-28 10:07:57,2026-01-28 10:07:59.329113,2.3291125238629826
high_baseline_mild_bump_maltese_05,2026-01-28 06:55:31,2026-01-28 06:55:34.292135,3.2921345656829404
high_baseline_mild_bump_maltese_05,2026-01-28 15:22:11,2026-01-28 15:22:14.981549,3.9815489088900313
high_baseline_mild_bump_maltese_05,2026-01-28 08:37:32,2026-01-28 08:37:34.474300,2.47430049894746
high_baseline_mild_bump_maltese_05,2026-01-28 13:12:54,2026-01-28 13:12:57.933140,3.9331395795737802
high_baseline_mild_bump_maltese_05,2026-01-28 05:27:08,2026-01-28 05:27:11.774996,3.7749959159086997
high_baseline_mild_bump_maltese_05,2026-01-28 22:49:27,2026-01-28 22:49:31.794495,4.794495187628567
high_baseline_mild_bump_maltese_05,2026-01-28 08:55:48,2026-01-28 08:55:50.167733,2.1677332845791484
high_baseline_mild_bump_maltese_05,2026-01-28 17:51:57,2026-01-28 17:52:00.253716,3.2537159008326895
high_baseline_mild_bump_maltese_05,2026-01-28 15:24:23,2026-01-28 15:24:26.862126,3.8621256978375778
high_baseline_mild_bump_maltese_05,2026-01-28 14:26:46,2026-01-28 14:26:48.835919,2.835918739415229
high_baseline_mild_bump_maltese_05,2026-01-29 21:40:19,2026-01-29 21:40:21.159832,2.1598315565182644
high_baseline_mild_bump_maltese_05,2026-01-29 18:37:08,2026-01-29 18:37:11.368254,3.3682537913723025
high_baseline_mild_bump_maltese_05,2026-01-29 12:52:54,2026-01-29 12:52:59.036586,5.036586142211391
high_baseline_mild_bump_maltese_05,2026-01-29 19:44:25,2026-01-29 19:44:27.147861,2.147861185670455
high_baseline_mild_bump_maltese_05,2026-01-29 01:51:42,2026-01-29 01:51:47.126358,5.126358015769721
high_baseline_mild_bump_maltese_05,2026-01-29 09:24:34,2026-01-29 09:24:38.098617,4.098616729098203
high_baseline_mild_bump_maltese_05,2026-01-29 06:39:48,2026-01-29 06:39:52.747813,4.747812650492707
high_baseline_mild_bump_maltese_05,2026-01-29 19:22:01,2026-01-29 19:22:05.914109,4.914109167384488
high_baseline_mild_bump_maltese_05,2026-01-29 02:28:24,2026-01-29 02:28:28.493457,4.493457373513068
high_baseline_mild_bump_maltese_05,2026-01-29 09:38:19,2026-01-29 09:38:21.450337,2.4503371772773135
high_baseline_mild_bump_maltese_05,2026-01-29 17:05:23,2026-01-29 17:05:26.935046,3.9350455183764286
high_baseline_mild_bump_maltese_05,2026-01-29 10:45:23,2026-01-29 10:45:28.026512,5.026512491013453
high_baseline_mild_bump_maltese_05,2026-01-29 17:57:17,2026-01-29 17:57:21.437491,4.437491272587932
high_baseline_mild_bump_maltese_05,2026-01-29 19:19:58,2026-01-29 19:20:02.581625,4.581624841744512
high_baseline_mild_bump_maltese_05,2026-01-29 10:29:54,2026-01-29 10:29:58.533140,4.533139589114246
high_baseline_mild_bump_maltese_05,2026-01-29 21:05:50,2026-01-29 21:05:54.467767,4.4677670881284675
high_baseline_mild_bump_maltese_05,2026-01-29 04:18:10,2026-01-29 04:18:14.761898,4.761897587320512
high_baseline_mild_bump_maltese_05,2026-01-29 15:19:37,2026-01-29 15:19:39.293642,2.29364219322654
high_baseline_mild_bump_maltese_05,2026-01-29 21:48:58,2026-01-29 21:49:00.282139,2.2821385076419602
high_baseline_mild_bump_maltese_05,2026-01-29 09:58:47,2026-01-29 09:58:50.964124,3.964124481855654
high_baseline_mild_bump_maltese_05,2026-01-29 11:03:02,2026-01-29 11:03:06.262887,4.262886744254659
high_baseline_mild_bump_maltese_05,2026-01-29 16:12:01,2026-01-29 16:12:04.629704,3.629703943418351
high_baseline_mild_bump_maltese_05,2026-01-29 18:33:02,2026-01-29 18:33:05.889826,3.8898261597439134
high_baseline_mild_bump_maltese_05,2026-01-29 13:41:42,2026-01-29 13:41:45.857467,3.857466555517539
high_baseline_mild_bump_maltese_05,2026-01-29 19:32:51,2026-01-29 19:32:54.245254,3.2452542764835948
high_baseline_mild_bump_maltese_05,2026-01-29 01:40:47,2026-01-29 01:40:49.286328,2.286327502944116
high_baseline_mild_bump_maltese_05,2026-01-29 07:13:38,2026-01-29 07:13:42.549173,4.549173298316178
high_baseline_mild_bump_maltese_05,2026-01-30 08:02:07,2026-01-30 08:02:11.277298,4.27729833090125
high_baseline_mild_bump_maltese_05,2026-01-30 14:51:47,2026-01-30 14:51:50.231359,3.231358734129299
high_baseline_mild_bump_maltese_05,2026-01-30 21:23:39,2026-01-30 21:23:42.521368,3.5213677801162633
high_baseline_mild_bump_maltese_05,2026-01-30 09:23:36,2026-01-30 09:23:41.007402,5.007402060928729
high_baseline_mild_bump_maltese_05,2026-01-30 21:12:22,2026-01-30 21:12:25.339022,3.3390215177323768
high_baseline_mild_bump_maltese_05,2026-01-30 06:23:20,2026-01-30 06:23:24.960465,4.960465356679179
high_baseline_mild_bump_maltese_05,2026-01-30 20:54:56,2026-01-30 20:55:00.817608,4.817607768856259
high_baseline_mild_bump_maltese_05,2026-01-30 18:00:53,2026-01-30 18:00:56.579217,3.5792169066354016
high_baseline_mild_bump_maltese_05,2026-01-30 19:54:32,2026-01-30 19:54:36.981254,4.981253742423914
high_baseline_mild_bump_maltese_05,2026-01-30 18:54:52,2026-01-30 18:54:54.842030,2.842029872676019
high_baseline_mild_bump_maltese_05,2026-01-30 07:56:17,2026-01-30 07:56:19.307369,2.307369388737076
high_baseline_mild_bump_maltese_05,2026-01-30 14:51:26,2026-01-30 14:51:28.826434,2.826433671422921
high_baseline_mild_bump_maltese_05,2026-01-30 15:37:17,2026-01-30 15:37:19.210138,2.2101379988797705
high_baseline_mild_bump_maltese_05,2026-01-30 14:22:28,2026-01-30 14:22:32.867071,4.867071468120008
high_baseline_mild_bump_maltese_05,2026-01-30 06:09:54,2026-01-30 06:09:57.523015,3.5230148470931324
high_baseline_mild_bump_maltese_05,2026-01-30 08:51:20,2026-01-30 08:51:22.272110,2.2721097341157246
high_baseline_mild_bump_maltese_05,2026-01-30 17:02:02,2026-01-30 17:02:04.932599,2.9325992268577443
high_baseline_mild_bump_maltese_05,2026-01-30 06:00:39,2026-01-30 06:00:41.228609,2.2286094168662345
high_baseline_mild_bump_maltese_05,2026-01-30 08:25:00,2026-01-30 08:25:03.919033,3.919032762042395
high_baseline_mild_bump_maltese_05,2026-01-30 09:08:28,2026-01-30 09:08:30.369362,2.369362050310283
high_baseline_mild_bump_maltese_05,2026-01-30 15:18:04,2026-01-30 15:18:08.202973,4.20297267863795
high_baseline_mild_bump_maltese_05,2026-01-30 20:28:21,2026-01-30 20:28:24.248114,3.2481139301753026
high_baseline_mild_bump_maltese_05,2026-01-30 17:17:27,2026-01-30 17:17:29.990261,2.9902605082140896
high_baseline_mild_bump_maltese_05,2026-01-30 08:42:53,2026-01-30 08:42:56.179256,3.1792556690890432
high_baseline_mild_bump_maltese_05,2026-01-30 10:12:56,2026-01-30 10:13:00.278107,4.278107339814258
high_baseline_mild_bump_maltese_05,2026-01-31 20:28:44,2026-01-31 20:28:47.681789,3.6817887487363388
high_baseline_mild_bump_maltese_05,2026-01-31 04:22:33,2026-01-31 04:22:35.217607,2.2176070309586033
high_baseline_mild_bump_maltese_05,2026-01-31 21:03:43,2026-01-31 21:03:45.423164,2.423164250794792
high_baseline_mild_bump_maltese_05,2026-01-31 01:13:23,2026-01-31 01:13:25.575895,2.5758946733443566
high_baseline_mild_bump_maltese_05,2026-01-31 15:26:19,2026-01-31 15:26:22.880636,3.8806357749901754
high_baseline_mild_bump_maltese_05,2026-01-31 13:44:38,2026-01-31 13:44:42.063176,4.06317553013466
high_baseline_mild_bump_maltese_05,2026-01-31 01:04:50,2026-01-31 01:04:52.538728,2.538727676003739
high_baseline_mild_bump_maltese_05,2026-01-31 08:27:35,2026-01-31 08:27:38.513284,3.513284059809773
high_baseline_mild_bump_maltese_05,2026-01-31 19:24:34,2026-01-31 19:24:37.360235,3.3602345838973795
high_baseline_mild_bump_maltese_05,2026-01-31 06:49:40,2026-01-31 06:49:44.269315,4.269315392561589
high_baseline_mild_bump_maltese_05,2026-01-31 19:56:37,2026-01-31 19:56:41.484048,4.48404781657674
high_baseline_mild_bump_maltese_05,2026-02-01 20:54:37,2026-02-01 20:54:41.258858,4.258857558899942
high_baseline_mild_bump_maltese_05,2026-02-01 14:59:44,2026-02-01 14:59:46.998659,2.998659449711361
high_baseline_mild_bump_maltese_05,2026-02-01 12:39:51,2026-02-01 12:39:54.923787,3.9237872776629104
high_baseline_mild_bump_maltese_05,2026-02-01 09:03:25,2026-02-01 09:03:28.089956,3.0899558393917843
high_baseline_mild_bump_maltese_05,2026-02-01 15:21:32,2026-02-01 15:21:36.493851,4.493850973878154
high_baseline_mild_bump_maltese_05,2026-02-01 21:47:15,2026-02-01 21:47:19.512127,4.512127272872168
high_baseline_mild_bump_maltese_05,2026-02-01 19:47:23,2026-02-01 19:47:25.664696,2.6646955266832646
high_baseline_mild_bump_maltese_05,2026-02-01 13:42:38,2026-02-01 13:42:41.267209,3.2672094039655475
high_baseline_mild_bump_maltese_05,2026-02-01 18:01:41,2026-02-01 18:01:43.666338,2.666337712412948
high_baseline_mild_bump_maltese_05,2026-02-01 19:46:13,2026-02-01 19:46:17.660783,4.660783150294383
high_baseline_mild_bump_maltese_05,2026-02-01 08:10:37,2026-02-01 08:10:39.955154,2.9551537639696934
high_baseline_mild_bump_maltese_05,2026-02-01 14:51:23,2026-02-01 14:51:27.736482,4.7364822185742135
high_baseline_mild_bump_maltese_05,2026-02-02 08:52:06,2026-02-02 08:52:10.467663,4.467663064986413
high_baseline_mild_bump_maltese_05,2026-02-02 23:26:45,2026-02-02 23:26:50.047179,5.047178882245545
high_baseline_mild_bump_maltese_05,2026-02-02 05:01:22,2026-02-02 05:01:24.786831,2.786831483633116
high_baseline_mild_bump_maltese_05,2026-02-02 10:26:01,2026-02-02 10:26:04.627692,3.6276915054221046
high_baseline_mild_bump_maltese_05,2026-02-02 10:22:55,2026-02-02 10:22:59.301325,4.301325043515929
high_baseline_mild_bump_maltese_05,2026-02-02 10:15:47,2026-02-02 10:15:50.912776,3.912776444866835
high_baseline_mild_bump_maltese_05,2026-02-02 12:17:16,2026-02-02 12:17:20.066124,4.066124079690918
high_baseline_mild_bump_maltese_05,2026-02-02 00:20:44,2026-02-02 00:20:49.204019,5.204019239996967
high_baseline_mild_bump_maltese_05,2026-02-02 13:00:33,2026-02-02 13:00:35.572428,2.5724279839549107
high_baseline_mild_bump_maltese_05,2026-02-02 20:54:20,2026-02-02 20:54:23.420414,3.4204140792434887
high_baseline_mild_bump_maltese_05,2026-02-02 11:10:35,2026-02-02 11:10:37.720350,2.7203499101370374
high_baseline_mild_bump_maltese_05,2026-02-02 14:54:50,2026-02-02 14:54:52.496367,2.496366954761597
high_baseline_mild_bump_maltese_05,2026-02-02 06:34:37,2026-02-02 06:34:41.614678,4.614677789833231
high_baseline_mild_bump_maltese_05,2026-02-02 09:30:46,2026-02-02 09:30:49.891831,3.8918312593048605
high_baseline_mild_bump_maltese_05,2026-02-02 00:05:21,2026-02-02 00:05:23.932142,2.9321419014560615
high_baseline_mild_bump_maltese_05,2026-02-03 13:19:48,2026-02-03 13:19:52.300750,4.30075046230877
high_baseline_mild_bump_maltese_05,2026-02-03 03:51:27,2026-02-03 03:51:30.078039,3.078039458158266
high_baseline_mild_bump_maltese_05,2026-02-03 06:57:03,2026-02-03 06:57:05.773919,2.773919309457202
high_baseline_mild_bump_maltese_05,2026-02-03 14:31:34,2026-02-03 14:31:37.285697,3.285696766653901
high_baseline_mild_bump_maltese_05,2026-02-03 23:19:42,2026-02-03 23:19:47.007439,5.007438669247242
high_baseline_mild_bump_maltese_05,2026-02-03 18:11:09,2026-02-03 18:11:13.897405,4.897404707109948
high_baseline_mild_bump_maltese_05,2026-02-03 04:58:52,2026-02-03 04:58:55.818284,3.818283659446156
high_baseline_mild_bump_maltese_05,2026-02-03 20:55:08,2026-02-03 20:55:10.987628,2.9876283650931903
high_baseline_mild_bump_maltese_05,2026-02-03 20:49:18,2026-02-03 20:49:21.182411,3.1824111868497615
high_baseline_mild_bump_maltese_05,2026-02-03 10:06:53,2026-02-03 10:06:57.029556,4.029556064255828
high_baseline_mild_bump_maltese_05,2026-02-03 09:14:47,2026-02-03 09:14:50.051769,3.0517692661490825
high_baseline_mild_bump_maltese_05,2026-02-03 04:04:12,2026-02-03 04:04:14.786816,2.7868157561114524
high_baseline_mild_bump_maltese_05,2026-02-03 21:57:24,2026-02-03 21:57:26.157511,2.157510647765029
high_baseline_mild_bump_maltese_05,2026-02-03 05:58:47,2026-02-03 05:58:49.110572,2.110572021449834
high_baseline_mild_bump_maltese_05,2026-02-03 20:49:19,2026-02-03 20:49:22.693708,3.6937081887922676
high_baseline_mild_bump_maltese_05,2026-02-03 15:39:05,2026-02-03 15:39:07.201393,2.2013926250297793
high_baseline_mild_bump_maltese_05,2026-02-03 16:58:51,2026-02-03 16:58:55.860690,4.8606896162323485
high_baseline_mild_bump_maltese_05,2026-02-03 14:21:42,2026-02-03 14:21:44.171788,2.171788181113235
high_baseline_mild_bump_maltese_05,2026-02-03 01:16:42,2026-02-03 01:16:44.851221,2.851220767707185
high_baseline_mild_bump_maltese_05,2026-02-03 11:37:09,2026-02-03 11:37:12.577311,3.577311401941886
high_baseline_mild_bump_maltese_05,2026-02-03 20:26:39,2026-02-03 20:26:43.397443,4.397443166632998
high_baseline_mild_bump_maltese_05,2026-02-03 18:47:35,2026-02-03 18:47:40.047120,5.04712029828515
high_baseline_mild_bump_maltese_05,2026-02-03 16:20:42,2026-02-03 16:20:46.926862,4.926862454204814
high_baseline_mild_bump_maltese_05,2026-02-03 07:00:10,2026-02-03 07:00:12.752133,2.7521327125649235
high_baseline_mild_bump_maltese_05,2026-02-03 00:48:06,2026-02-03 00:48:09.905312,3.905311548356113
high_baseline_mild_bump_maltese_05,2026-02-03 12:31:19,2026-02-03 12:31:23.999317,4.999316615379618
high_baseline_mild_bump_maltese_05,2026-02-03 00:39:53,2026-02-03 00:39:55.540261,2.5402607087805573
high_baseline_mild_bump_maltese_05,2026-02-03 12:31:58,2026-02-03 12:32:00.830137,2.830137212721758
high_baseline_mild_bump_maltese_05,2026-02-03 14:28:32,2026-02-03 14:28:34.400220,2.4002200765794166
high_baseline_mild_bump_maltese_05,2026-02-03 07:52:54,2026-02-03 07:52:59.193603,5.193602958789488
high_baseline_mild_bump_maltese_05,2026-02-03 14:10:28,2026-02-03 14:10:31.231891,3.2318913883572975
high_baseline_mild_bump_maltese_05,2026-02-04 19:20:29,2026-02-04 19:20:33.253095,4.253095333448903
high_baseline_mild_bump_maltese_05,2026-02-04 11:46:37,2026-02-04 11:46:40.384507,3.3845070016189873
high_baseline_mild_bump_maltese_05,2026-02-04 18:14:48,2026-02-04 18:14:53.016326,5.0163262815684275
high_baseline_mild_bump_maltese_05,2026-02-04 02:15:23,2026-02-04 02:15:26.984020,3.9840203688062594
high_baseline_mild_bump_maltese_05,2026-02-04 19:38:08,2026-02-04 19:38:12.095820,4.095819759257592
high_baseline_mild_bump_maltese_05,2026-02-04 22:13:08,2026-02-04 22:13:11.264920,3.2649200765220585
high_baseline_mild_bump_maltese_05,2026-02-04 04:47:35,2026-02-04 04:47:39.594954,4.594954365561001
high_baseline_mild_bump_maltese_05,2026-02-04 03:17:13,2026-02-04 03:17:16.631509,3.6315087789741645
high_baseline_mild_bump_maltese_05,2026-02-04 10:34:41,2026-02-04 10:34:44.249926,3.2499257683152565
high_baseline_mild_bump_maltese_05,2026-02-04 11:55:39,2026-02-04 11:55:43.327799,4.327799096577706
high_baseline_mild_bump_maltese_05,2026-02-04 04:43:30,2026-02-04 04:43:32.276289,2.276289067559688
high_baseline_mild_bump_maltese_05,2026-02-04 05:51:06,2026-02-04 05:51:09.346643,3.346642549773921
high_baseline_mild_bump_maltese_05,2026-02-04 08:26:15,2026-02-04 08:26:17.971199,2.971198689308702
high_baseline_mild_bump_maltese_05,2026-02-04 06:38:18,2026-02-04 06:38:20.762897,2.7628967609034625
high_baseline_mild_bump_maltese_05,2026-02-04 07:54:20,2026-02-04 07:54:24.843213,4.843212649664734
high_baseline_mild_bump_maltese_05,2026-02-04 09:52:21,2026-02-04 09:52:23.229088,2.2290884866552814
high_baseline_mild_bump_maltese_05,2026-02-04 11:17:29,2026-02-04 11:17:32.870239,3.87023911440834
high_baseline_mild_bump_maltese_05,2026-02-04 19:22:07,2026-02-04 19:22:09.151943,2.151942716914238
high_baseline_mild_bump_maltese_05,2026-02-04 05:41:37,2026-02-04 05:41:39.789004,2.789003616069993
high_baseline_mild_bump_maltese_05,2026-02-04 17:56:29,2026-02-04 17:56:32.524230,3.524230386943968
high_baseline_mild_bump_maltese_05,2026-02-04 06:50:31,2026-02-04 06:50:35.753858,4.753858174824111
high_baseline_mild_bump_maltese_05,2026-02-04 20:13:25,2026-02-04 20:13:28.779007,3.779006645947399
high_baseline_mild_bump_maltese_05,2026-02-04 06:29:22,2026-02-04 06:29:27.248116,5.2481161296104695
high_baseline_mild_bump_maltese_05,2026-02-04 10:31:40,2026-02-04 10:31:42.528270,2.5282698510865202
high_baseline_mild_bump_maltese_05,2026-02-04 10:17:09,2026-02-04 10:17:12.465133,3.465133405015098
high_baseline_mild_bump_maltese_05,2026-02-04 00:32:54,2026-02-04 00:32:56.533085,2.5330851216044095
high_baseline_mild_bump_maltese_05,2026-02-04 18:39:01,2026-02-04 18:39:06.212592,5.212591683575889
high_baseline_mild_bump_maltese_05,2026-02-04 10:55:04,2026-02-04 10:55:07.350308,3.3503079728169367
high_baseline_mild_bump_maltese_05,2026-02-04 07:09:25,2026-02-04 07:09:28.255750,3.2557501645465026
high_baseline_mild_bump_maltese_05,2026-02-04 22:51:03,2026-02-04 22:51:05.768259,2.768258754408559
high_baseline_mild_bump_maltese_05,2026-02-04 23:19:08,2026-02-04 23:19:11.126601,3.126601107101343
high_baseline_mild_bump_maltese_05,2026-02-04 14:37:09,2026-02-04 14:37:11.461156,2.461155748285805
high_baseline_mild_bump_maltese_05,2026-02-04 12:56:36,2026-02-04 12:56:40.274457,4.2744566305154175
high_baseline_mild_bump_maltese_05,2026-02-04 11:16:02,2026-02-04 11:16:06.997542,4.9975422757677705
high_baseline_mild_bump_maltese_05,2026-02-04 06:02:27,2026-02-04 06:02:32.040943,5.04094325221819
high_baseline_mild_bump_maltese_05,2026-02-04 18:45:02,2026-02-04 18:45:05.764517,3.7645170028437533
high_baseline_mild_bump_maltese_05,2026-02-04 05:52:31,2026-02-04 05:52:35.104339,4.104338840781204
high_baseline_mild_bump_maltese_05,2026-02-04 20:39:41,2026-02-04 20:39:45.685939,4.68593929157155
high_baseline_mild_bump_maltese_05,2026-02-04 12:46:28,2026-02-04 12:46:32.172717,4.172717208591473
high_baseline_mild_bump_maltese_05,2026-02-04 06:38:47,2026-02-04 06:38:49.107737,2.1077372058434056
high_baseline_mild_bump_maltese_05,2026-02-04 07:44:34,2026-02-04 07:44:38.054066,4.054065607615221
high_baseline_mild_bump_maltese_05,2026-02-04 23:00:54,2026-02-04 23:00:59.156921,5.156920641152422
high_baseline_mild_bump_maltese_05,2026-02-04 23:28:37,2026-02-04 23:28:40.071461,3.0714614536510862
high_baseline_mild_bump_maltese_05,2026-02-04 19:25:21,2026-02-04 19:25:23.476009,2.476008755512432
high_baseline_mild_bump_maltese_05,2026-02-04 01:51:49,2026-02-04 01:51:51.327142,2.3271424674203574
high_baseline_mild_bump_maltese_05,2026-02-04 16:30:36,2026-02-04 16:30:39.081510,3.081510281090252
high_baseline_mild_bump_maltese_05,2026-02-04 07:23:19,2026-02-04 07:23:23.190178,4.190178188661208
high_baseline_mild_bump_maltese_05,2026-02-04 06:55:43,2026-02-04 06:55:46.138296,3.138296216767213
high_baseline_mild_bump_maltese_05,2026-02-04 17:07:31,2026-02-04 17:07:34.451923,3.4519232130871806
high_baseline_mild_bump_maltese_05,2026-02-04 20:40:06,2026-02-04 20:40:09.177021,3.177021448566249
high_baseline_mild_bump_maltese_05,2026-02-04 12:51:48,2026-02-04 12:51:52.035141,4.035141019495509
high_baseline_mild_bump_maltese_05,2026-02-04 14:59:59,2026-02-04 15:00:01.653851,2.6538510611139743
high_baseline_mild_bump_maltese_05,2026-02-04 10:06:09,2026-02-04 10:06:12.583816,3.5838155240401197
high_baseline_mild_bump_maltese_05,2026-02-04 11:37:44,2026-02-04 11:37:47.039341,3.0393405106761704
high_baseline_mild_bump_maltese_05,2026-02-04 12:27:51,2026-02-04 12:27:54.874745,3.874745197827017
high_baseline_mild_bump_maltese_05,2026-02-04 07:02:09,2026-02-04 07:02:12.015031,3.0150312284033958
high_baseline_mild_bump_maltese_05,2026-02-04 21:56:04,2026-02-04 21:56:07.665179,3.66517911440233
high_baseline_mild_bump_maltese_05,2026-02-04 08:17:30,2026-02-04 08:17:32.674068,2.6740684734165274
high_baseline_mild_bump_maltese_05,2026-02-04 00:58:57,2026-02-04 00:58:59.700466,2.7004659777243734
high_baseline_mild_bump_maltese_05,2026-02-04 07:26:54,2026-02-04 07:26:56.610745,2.610745358053259
high_baseline_mild_bump_maltese_05,2026-02-04 17:28:05,2026-02-04 17:28:07.347808,2.347807757464189
high_baseline_mild_bump_maltese_05,2026-02-04 15:01:50,2026-02-04 15:01:54.398353,4.398353429389767
high_baseline_mild_bump_maltese_05,2026-02-05 09:40:51,2026-02-05 09:40:54.461757,3.4617569037457643
high_baseline_mild_bump_maltese_05,2026-02-05 13:08:34,2026-02-05 13:08:36.651464,2.6514639110212577
high_baseline_mild_bump_maltese_05,2026-02-05 10:04:02,2026-02-05 10:04:05.628575,3.628574853446061
high_baseline_mild_bump_maltese_05,2026-02-05 06:43:51,2026-02-05 06:43:54.124123,3.1241227503280578
high_baseline_mild_bump_maltese_05,2026-02-05 09:52:48,2026-02-05 09:52:53.040041,5.04004080187839
high_baseline_mild_bump_maltese_05,2026-02-05 05:41:29,2026-02-05 05:41:31.537841,2.5378413877970605
high_baseline_mild_bump_maltese_05,2026-02-05 10:56:01,2026-02-05 10:56:03.724718,2.724718469089438
high_baseline_mild_bump_maltese_05,2026-02-05 11:32:04,2026-02-05 11:32:08.693153,4.693152736839301
high_baseline_mild_bump_maltese_05,2026-02-05 09:37:09,2026-02-05 09:37:13.239320,4.239319545836109
high_baseline_mild_bump_maltese_05,2026-02-05 14:17:45,2026-02-05 14:17:47.290913,2.2909126831943074
high_baseline_mild_bump_maltese_05,2026-02-05 07:25:13,2026-02-05 07:25:17.360586,4.360586090329181
high_baseline_mild_bump_maltese_05,2026-02-05 09:07:23,2026-02-05 09:07:28.025872,5.025871632042341
high_baseline_mild_bump_maltese_05,2026-02-05 17:45:04,2026-02-05 17:45:06.328114,2.3281142862494786
high_baseline_mild_bump_maltese_05,2026-02-05 07:19:25,2026-02-05 07:19:30.154466,5.154466247933237
high_baseline_mild_bump_maltese_05,2026-02-05 14:44:23,2026-02-05 14:44:27.204198,4.2041975111355265
high_baseline_mild_bump_maltese_05,2026-02-05 09:00:18,2026-02-05 09:00:22.188062,4.188061688598849
high_baseline_mild_bump_maltese_05,2026-02-05 01:52:23,2026-02-05 01:52:28.015395,5.015395008708276
high_baseline_mild_bump_maltese_05,2026-02-05 21:58:29,2026-02-05 21:58:32.565278,3.565277708777013
high_baseline_mild_bump_maltese_05,2026-02-05 14:59:06,2026-02-05 14:59:08.161327,2.1613271398878275
high_baseline_mild_bump_maltese_05,2026-02-05 05:30:37,2026-02-05 05:30:40.610708,3.6107082086050504
high_baseline_mild_bump_maltese_05,2026-02-05 15:38:00,2026-02-05 15:38:03.158220,3.158219943640019
high_baseline_mild_bump_maltese_05,2026-02-05 17:15:00,2026-02-05 17:15:05.047072,5.047072170143237
high_baseline_mild_bump_maltese_05,2026-02-06 17:59:41,2026-02-06 17:59:44.794855,3.794855109273813
high_baseline_mild_bump_maltese_05,2026-02-06 15:36:29,2026-02-06 15:36:31.999684,2.999684235727792
high_baseline_mild_bump_maltese_05,2026-02-06 09:11:45,2026-02-06 09:11:48.467510,3.467509531085835
high_baseline_mild_bump_maltese_05,2026-02-06 15:42:40,2026-02-06 15:42:42.944476,2.944476409851289
high_baseline_mild_bump_maltese_05,2026-02-06 11:31:23,2026-02-06 11:31:25.187705,2.1877045041885257
high_baseline_mild_bump_maltese_05,2026-02-06 12:19:21,2026-02-06 12:19:26.053551,5.053551217341674
high_baseline_mild_bump_maltese_05,2026-02-06 06:47:31,2026-02-06 06:47:35.964859,4.964859066566935
high_baseline_mild_bump_maltese_05,2026-02-06 19:14:18,2026-02-06 19:14:21.639142,3.6391415696713945
high_baseline_mild_bump_maltese_05,2026-02-06 12:44:37,2026-02-06 12:44:40.917491,3.917491054608822
high_baseline_mild_bump_maltese_05,2026-02-06 18:36:07,2026-02-06 18:36:10.317266,3.3172657834086046
high_baseline_mild_bump_maltese_05,2026-02-06 08:02:25,2026-02-06 08:02:29.348457,4.348457496884028
high_baseline_mild_bump_maltese_05,2026-02-06 17:25:02,2026-02-06 17:25:04.698575,2.6985749368992398
high_baseline_mild_bump_maltese_05,2026-02-06 13:59:19,2026-02-06 13:59:21.705123,2.705122937411449
high_baseline_mild_bump_maltese_05,2026-02-06 00:59:13,2026-02-06 00:59:16.693031,3.6930310606965104
high_baseline_mild_bump_maltese_05,2026-02-06 01:53:33,2026-02-06 01:53:36.495647,3.4956466430274067
high_baseline_mild_bump_maltese_05,2026-02-06 06:25:56,2026-02-06 06:26:00.908035,4.908034569239811
high_baseline_mild_bump_maltese_05,2026-02-06 10:48:05,2026-02-06 10:48:08.917819,3.9178187081029794
high_baseline_mild_bump_maltese_05,2026-02-06 03:54:42,2026-02-06 03:54:44.721337,2.7213371949545646
high_baseline_mild_bump_maltese_05,2026-02-06 07:24:34,2026-02-06 07:24:37.702485,3.70248518162195
high_baseline_mild_bump_maltese_05,2026-02-06 09:52:19,2026-02-06 09:52:23.206569,4.206568568752317
high_baseline_mild_bump_maltese_05,2026-02-06 10:14:47,2026-02-06 10:14:51.679488,4.6794883583600555
high_baseline_mild_bump_maltese_05,2026-02-06 13:56:21,2026-02-06 13:56:24.987126,3.9871258434117745
high_baseline_mild_bump_maltese_05,2026-02-06 10:08:57,2026-02-06 10:09:00.541402,3.541402265862896
high_baseline_mild_bump_maltese_05,2026-02-06 18:31:41,2026-02-06 18:31:45.933935,4.9339347383306364
high_baseline_mild_bump_maltese_05,2026-02-06 07:59:39,2026-02-06 07:59:43.182350,4.182350373225847
high_baseline_mild_bump_maltese_05,2026-02-07 13:11:07,2026-02-07 13:11:09.385153,2.3851525581294726
high_baseline_mild_bump_maltese_05,2026-02-07 17:33:51,2026-02-07 17:33:53.369942,2.3699424067980988
high_baseline_mild_bump_maltese_05,2026-02-07 01:22:42,2026-02-07 01:22:47.127151,5.12715108281929
high_baseline_mild_bump_maltese_05,2026-02-07 23:18:43,2026-02-07 23:18:46.080467,3.0804671773897376
high_baseline_mild_bump_maltese_05,2026-02-07 17:44:59,2026-02-07 17:45:03.377009,4.377008559127984
high_baseline_mild_bump_maltese_05,2026-02-07 21:08:15,2026-02-07 21:08:18.740878,3.740877849451252
high_baseline_mild_bump_maltese_05,2026-02-07 11:51:50,2026-02-07 11:51:53.359107,3.359106523471355
high_baseline_mild_bump_maltese_05,2026-02-07 16:39:02,2026-02-07 16:39:05.264116,3.2641160537180123
high_baseline_mild_bump_maltese_05,2026-02-07 19:00:16,2026-02-07 19:00:19.718840,3.7188401448289845
high_baseline_mild_bump_maltese_05,2026-02-07 03:29:15,2026-02-07 03:29:19.288252,4.288252117329861
high_baseline_mild_bump_maltese_05,2026-02-07 05:18:29,2026-02-07 05:18:32.494359,3.4943587008674006
high_baseline_mild_bump_maltese_05,2026-02-07 21:51:02,2026-02-07 21:51:05.489012,3.4890119331002065
high_baseline_mild_bump_maltese_05,2026-02-07 11:48:34,2026-02-07 11:48:36.348846,2.3488464956692225
high_baseline_mild_bump_maltese_05,2026-02-07 09:20:15,2026-02-07 09:20:17.863627,2.8636274016965153
high_baseline_mild_bump_maltese_05,2026-02-07 01:59:49,2026-02-07 01:59:52.029598,3.0295982282866305
high_baseline_mild_bump_maltese_05,2026-02-07 12:39:39,2026-02-07 12:39:43.166427,4.166426860371017
high_baseline_mild_bump_maltese_05,2026-02-07 16:17:05,2026-02-07 16:17:08.528652,3.528652265266951
high_baseline_mild_bump_maltese_05,2026-02-07 13:03:01,2026-02-07 13:03:05.758975,4.758974849074599
high_baseline_mild_bump_maltese_05,2026-02-07 18:27:29,2026-02-07 18:27:31.369895,2.369894606350846
high_baseline_mild_bump_maltese_05,2026-02-07 10:24:57,2026-02-07 10:24:59.678617,2.6786169897003873
high_baseline_mild_bump_maltese_05,2026-02-07 21:04:31,2026-02-07 21:04:34.272004,3.2720043592963615
high_baseline_mild_bump_maltese_05,2026-02-07 17:47:56,2026-02-07 17:47:58.575709,2.5757094474117306
high_baseline_mild_bump_maltese_05,2026-02-07 12:15:06,2026-02-07 12:15:08.577797,2.5777968233000363
high_baseline_mild_bump_maltese_05,2026-02-07 01:32:33,2026-02-07 01:32:37.442926,4.4429260394530505
high_baseline_mild_bump_maltese_05,2026-02-07 21:34:01,2026-02-07 21:34:03.644662,2.644661966293885
high_baseline_mild_bump_maltese_05,2026-02-07 22:17:31,2026-02-07 22:17:36.110581,5.110581384453712
high_baseline_mild_bump_maltese_05,2026-02-07 11:04:49,2026-02-07 11:04:53.193041,4.1930412146926415
high_baseline_mild_bump_maltese_05,2026-02-07 01:21:19,2026-02-07 01:21:23.128833,4.1288328003511765
high_baseline_mild_bump_maltese_05,2026-02-07 11:03:46,2026-02-07 11:03:48.523676,2.5236756012301638
high_baseline_mild_bump_maltese_05,2026-02-07 09:09:37,2026-02-07 09:09:39.127447,2.1274470838482515
high_baseline_mild_bump_maltese_05,2026-02-07 00:26:57,2026-02-07 00:26:59.552593,2.5525931491430445
high_baseline_mild_bump_maltese_05,2026-02-07 07:29:27,2026-02-07 07:29:30.358085,3.3580846637114017
high_baseline_mild_bump_maltese_05,2026-02-07 12:10:28,2026-02-07 12:10:31.610424,3.6104240117176225
high_baseline_mild_bump_maltese_05,2026-02-07 20:37:41,2026-02-07 20:37:43.978719,2.9787191185434603
high_baseline_mild_bump_maltese_05,2026-02-07 16:52:01,2026-02-07 16:52:06.191802,5.191802489171813
high_baseline_mild_bump_maltese_05,2026-02-07 11:50:09,2026-02-07 11:50:12.619970,3.619969899478949
high_baseline_mild_bump_maltese_05,2026-02-07 00:51:10,2026-02-07 00:51:14.417260,4.417259937285695
high_baseline_mild_bump_maltese_05,2026-02-07 13:58:01,2026-02-07 13:58:05.815081,4.815080876080852
high_baseline_mild_bump_maltese_05,2026-02-07 20:41:27,2026-02-07 20:41:31.119267,4.119266733980765
high_baseline_mild_bump_maltese_05,2026-02-07 17:46:06,2026-02-07 17:46:08.127976,2.127975937856827
high_baseline_mild_bump_maltese_05,2026-02-07 14:50:29,2026-02-07 14:50:33.027626,4.0276255875860265
high_baseline_mild_bump_maltese_05,2026-02-07 13:05:31,2026-02-07 13:05:34.440177,3.440176609985062
high_baseline_mild_bump_maltese_05,2026-02-07 20:53:33,2026-02-07 20:53:37.938902,4.938902094174527
high_baseline_mild_bump_maltese_05,2026-02-07 06:50:33,2026-02-07 06:50:36.196487,3.196487238141079
high_baseline_mild_bump_maltese_05,2026-02-07 19:57:49,2026-02-07 19:57:52.311158,3.3111576457811482
high_baseline_mild_bump_maltese_05,2026-02-07 21:38:11,2026-02-07 21:38:15.023127,4.023127414484649
high_baseline_mild_bump_maltese_05,2026-02-07 02:48:35,2026-02-07 02:48:39.548010,4.548010166887037
high_baseline_mild_bump_maltese_05,2026-02-07 08:44:08,2026-02-07 08:44:10.816236,2.816235584157537
high_baseline_mild_bump_maltese_05,2026-02-07 11:54:50,2026-02-07 11:54:54.961579,4.9615790679269525
high_baseline_mild_bump_maltese_05,2026-02-07 17:43:02,2026-02-07 17:43:04.506153,2.506152563035031
high_baseline_mild_bump_maltese_05,2026-02-07 05:29:49,2026-02-07 05:29:51.220030,2.2200297486104015
high_baseline_mild_bump_maltese_05,2026-02-07 18:38:37,2026-02-07 18:38:39.334672,2.3346716093026565
high_baseline_mild_bump_maltese_05,2026-02-07 17:41:30,2026-02-07 17:41:33.283385,3.283384619747269
high_baseline_mild_bump_maltese_05,2026-02-07 18:24:09,2026-02-07 18:24:12.017719,3.0177185931098647
high_baseline_mild_bump_maltese_05,2026-02-07 11:50:50,2026-02-07 11:50:54.260760,4.2607595797833815
high_baseline_mild_bump_maltese_05,2026-02-07 09:55:06,2026-02-07 09:55:10.043391,4.043391378771149
high_baseline_mild_bump_maltese_05,2026-02-07 19:41:28,2026-02-07 19:41:30.611649,2.611649134584754
high_baseline_mild_bump_maltese_05,2026-02-07 07:00:29,2026-02-07 07:00:33.664853,4.664852742618718
