pet_id,start,end,duration_sec
high_noise_high_baseline_goldendoodle_10,2026-01-01 12:29:30,2026-01-01 12:29:36.149140,6.149139518844317
high_noise_high_baseline_goldendoodle_10,2026-01-01 05:23:09,2026-01-01 05:23:15.311838,6.311838128950821
high_noise_high_baseline_goldendoodle_10,2026-01-01 08:56:16,2026-01-01 08:56:23.526491,7.526490540275285
high_noise_high_baseline_goldendoodle_10,2026-01-01 20:09:06,2026-01-01 20:09:08.544378,2.544378053672273
high_noise_high_baseline_goldendoodle_10,2026-01-01 12:14:28,2026-01-01 12:14:31.952083,3.95208345338372
high_noise_high_baseline_goldendoodle_10,2026-01-01 01:49:29,2026-01-01 01:49:31.180374,2.1803743680371497
high_noise_high_baseline_goldendoodle_10,2026-01-01 19:12:07,2026-01-01 19:12:13.276066,6.276066388257195
high_noise_high_baseline_goldendoodle_10,2026-01-01 16:44:31,2026-01-01 16:44:34.244365,3.2443652157660763
high_noise_high_baseline_goldendoodle_10,2026-01-01 12:49:24,2026-01-01 12:49:26.143467,2.1434671088737236
high_noise_high_baseline_goldendoodle_10,2026-01-01 11:59:08,2026-01-01 11:59:13.416550,5.416550429011031
high_noise_high_baseline_goldendoodle_10,2026-01-01 06:04:26,2026-01-01 06:04:29.335239,3.3352388539947153
high_noise_high_baseline_goldendoodle_10,2026-01-01 09:04:30,2026-01-01 09:04:32.810953,2.8109526435404018
high_noise_high_baseline_goldendoodle_10,2026-01-01 00:50:54,2026-01-01 00:51:00.276983,6.276982734386293
high_noise_high_baseline_goldendoodle_10,2026-01-01 11:16:38,2026-01-01 11:16:41.552047,3.5520465508219843
high_noise_high_baseline_goldendoodle_10,2026-01-01 18:55:52,2026-01-01 18:55:58.503664,6.5036635733714085
high_noise_high_baseline_goldendoodle_10,2026-01-01 00:14:11,2026-01-01 00:14:17.547421,6.547421175932281
high_noise_high_baseline_goldendoodle_10,2026-01-01 19:18:16,2026-01-01 19:18:19.735336,3.735336338980856
high_noise_high_baseline_goldendoodle_10,2026-01-01 09:03:19,2026-01-01 09:03:23.021810,4.021809831328928
high_noise_high_baseline_goldendoodle_10,2026-01-01 20:48:03,2026-01-01 20:48:07.446243,4.446243436315654
high_noise_high_baseline_goldendoodle_10,2026-01-01 12:02:02,2026-01-01 12:02:04.472027,2.47202670469165
high_noise_high_baseline_goldendoodle_10,2026-01-01 10:32:46,2026-01-01 10:32:53.427567,7.427566768840897
high_noise_high_baseline_goldendoodle_10,2026-01-01 06:37:06,2026-01-01 06:37:12.740676,6.740676288219939
high_noise_high_baseline_goldendoodle_10,2026-01-01 04:49:46,2026-01-01 04:49:49.471431,3.471431077747135
high_noise_high_baseline_goldendoodle_10,2026-01-01 15:38:44,2026-01-01 15:38:51.472806,7.472806049763286
high_noise_high_baseline_goldendoodle_10,2026-01-01 10:40:58,2026-01-01 10:41:01.484808,3.4848081385306684
high_noise_high_baseline_goldendoodle_10,2026-01-01 01:02:53,2026-01-01 01:02:55.405224,2.405223968505295
high_noise_high_baseline_goldendoodle_10,2026-01-01 15:18:41,2026-01-01 15:18:46.040156,5.040155861538592
high_noise_high_baseline_goldendoodle_10,2026-01-01 15:40:53,2026-01-01 15:40:59.207788,6.20778785878519
high_noise_high_baseline_goldendoodle_10,2026-01-01 08:16:21,2026-01-01 08:16:28.668445,7.668444554329676
high_noise_high_baseline_goldendoodle_10,2026-01-01 18:13:05,2026-01-01 18:13:09.591355,4.591354853096064
high_noise_high_baseline_goldendoodle_10,2026-01-02 18:00:29,2026-01-02 18:00:34.850663,5.850662580027683
high_noise_high_baseline_goldendoodle_10,2026-01-02 21:37:49,2026-01-02 21:37:52.431860,3.4318596361763527
high_noise_high_baseline_goldendoodle_10,2026-01-02 16:55:26,2026-01-02 16:55:33.682562,7.6825624931964684
high_noise_high_baseline_goldendoodle_10,2026-01-02 05:52:32,2026-01-02 05:52:34.999311,2.999310711238122
high_noise_high_baseline_goldendoodle_10,2026-01-02 04:43:56,2026-01-02 04:43:58.733213,2.7332129971060377
high_noise_high_baseline_goldendoodle_10,2026-01-02 16:07:18,2026-01-02 16:07:24.020683,6.02068317152832
high_noise_high_baseline_goldendoodle_10,2026-01-02 05:22:52,2026-01-02 05:22:56.428045,4.428044968086913
high_noise_high_baseline_goldendoodle_10,2026-01-02 05:37:15,2026-01-02 05:37:19.624980,4.624980099416049
high_noise_high_baseline_goldendoodle_10,2026-01-02 11:26:41,2026-01-02 11:26:48.367293,7.367293413885392
high_noise_high_baseline_goldendoodle_10,2026-01-02 07:45:05,2026-01-02 07:45:09.419606,4.4196062723140965
high_noise_high_baseline_goldendoodle_10,2026-01-02 20:33:30,2026-01-02 20:33:37.827010,7.827009514938078
high_noise_high_baseline_goldendoodle_10,2026-01-02 11:12:37,2026-01-02 11:12:43.714489,6.714489170711721
high_noise_high_baseline_goldendoodle_10,2026-01-02 19:07:20,2026-01-02 19:07:24.253769,4.253769109830335
high_noise_high_baseline_goldendoodle_10,2026-01-02 03:17:41,2026-01-02 03:17:48.101836,7.101835535819971
high_noise_high_baseline_goldendoodle_10,2026-01-02 16:32:06,2026-01-02 16:32:09.739582,3.7395824448406225
high_noise_high_baseline_goldendoodle_10,2026-01-02 07:40:55,2026-01-02 07:41:00.874125,5.8741246683717385
high_noise_high_baseline_goldendoodle_10,2026-01-02 06:58:16,2026-01-02 06:58:22.587091,6.58709106611146
high_noise_high_baseline_goldendoodle_10,2026-01-02 07:24:54,2026-01-02 07:25:01.056734,7.056734104518833
high_noise_high_baseline_goldendoodle_10,2026-01-02 14:13:03,2026-01-02 14:13:09.929163,6.929162805150378
high_noise_high_baseline_goldendoodle_10,2026-01-02 07:24:32,2026-01-02 07:24:38.591229,6.591228886323574
high_noise_high_baseline_goldendoodle_10,2026-01-02 14:22:17,2026-01-02 14:22:21.155377,4.155377240240719
high_noise_high_baseline_goldendoodle_10,2026-01-02 21:53:54,2026-01-02 21:54:01.039618,7.039617758504538
high_noise_high_baseline_goldendoodle_10,2026-01-02 15:48:33,2026-01-02 15:48:36.174376,3.174376436269026
high_noise_high_baseline_goldendoodle_10,2026-01-02 11:35:46,2026-01-02 11:35:52.741284,6.741284407297531
high_noise_high_baseline_goldendoodle_10,2026-01-02 00:59:36,2026-01-02 00:59:43.704794,7.704794142361986
high_noise_high_baseline_goldendoodle_10,2026-01-02 10:04:15,2026-01-02 10:04:17.071474,2.0714739827990147
high_noise_high_baseline_goldendoodle_10,2026-01-02 10:18:27,2026-01-02 10:18:29.195472,2.1954722613817
high_noise_high_baseline_goldendoodle_10,2026-01-02 16:38:28,2026-01-02 16:38:34.125095,6.125094972697193
high_noise_high_baseline_goldendoodle_10,2026-01-02 21:38:39,2026-01-02 21:38:46.367135,7.367134930308255
high_noise_high_baseline_goldendoodle_10,2026-01-02 15:36:07,2026-01-02 15:36:12.753122,5.7531224434684605
high_noise_high_baseline_goldendoodle_10,2026-01-02 09:22:06,2026-01-02 09:22:12.228034,6.228033606945293
high_noise_high_baseline_goldendoodle_10,2026-01-02 23:09:43,2026-01-02 23:09:48.088040,5.088040197391131
high_noise_high_baseline_goldendoodle_10,2026-01-02 23:02:17,2026-01-02 23:02:22.010228,5.010227551873466
high_noise_high_baseline_goldendoodle_10,2026-01-02 06:42:02,2026-01-02 06:42:06.428701,4.428700857973557
high_noise_high_baseline_goldendoodle_10,2026-01-02 01:25:13,2026-01-02 01:25:19.066487,6.066487395664406
high_noise_high_baseline_goldendoodle_10,2026-01-02 23:39:37,2026-01-02 23:39:44.102039,7.102039153063082
high_noise_high_baseline_goldendoodle_10,2026-01-02 13:18:37,2026-01-02 13:18:39.746696,2.746696425478466
high_noise_high_baseline_goldendoodle_10,2026-01-02 08:06:38,2026-01-02 08:06:40.541923,2.5419229862798645
high_noise_high_baseline_goldendoodle_10,2026-01-02 16:10:57,2026-01-02 16:11:02.855059,5.855058731686256
high_noise_high_baseline_goldendoodle_10,2026-01-03 10:26:06,2026-01-03 10:26:10.349271,4.349270943775651
high_noise_high_baseline_goldendoodle_10,2026-01-03 15:22:45,2026-01-03 15:22:47.511364,2.511364084158848
high_noise_high_baseline_goldendoodle_10,2026-01-03 07:08:58,2026-01-03 07:09:00.026593,2.026592901601539
high_noise_high_baseline_goldendoodle_10,2026-01-03 15:50:39,2026-01-03 15:50:41.990855,2.9908545263781843
high_noise_high_baseline_goldendoodle_10,2026-01-03 01:06:44,2026-01-03 01:06:48.747908,4.747907666044432
high_noise_high_baseline_goldendoodle_10,2026-01-03 16:48:06,2026-01-03 16:48:08.584492,2.584491643956528
high_noise_high_baseline_goldendoodle_10,2026-01-03 12:42:34,2026-01-03 12:42:37.871375,3.871374683299731
high_noise_high_baseline_goldendoodle_10,2026-01-03 21:13:16,2026-01-03 21:13:23.285622,7.2856218408125315
high_noise_high_baseline_goldendoodle_10,2026-01-03 12:50:29,2026-01-03 12:50:33.453053,4.453053197431602
high_noise_high_baseline_goldendoodle_10,2026-01-03 11:58:10,2026-01-03 11:58:16.287475,6.287474705296285
high_noise_high_baseline_goldendoodle_10,2026-01-03 14:01:43,2026-01-03 14:01:47.134613,4.1346130627737905
high_noise_high_baseline_goldendoodle_10,2026-01-03 20:17:04,2026-01-03 20:17:07.662887,3.6628874165983314
high_noise_high_baseline_goldendoodle_10,2026-01-03 09:06:21,2026-01-03 09:06:26.549414,5.549413948309015
high_noise_high_baseline_goldendoodle_10,2026-01-03 06:20:02,2026-01-03 06:20:04.454586,2.4545859871895566
high_noise_high_baseline_goldendoodle_10,2026-01-03 13:34:10,2026-01-03 13:34:14.840091,4.840091032444462
high_noise_high_baseline_goldendoodle_10,2026-01-03 14:29:06,2026-01-03 14:29:08.888839,2.8888388006716936
high_noise_high_baseline_goldendoodle_10,2026-01-03 21:48:36,2026-01-03 21:48:42.707158,6.707157663063855
high_noise_high_baseline_goldendoodle_10,2026-01-03 20:18:21,2026-01-03 20:18:27.117038,6.1170377931621225
high_noise_high_baseline_goldendoodle_10,2026-01-03 10:11:17,2026-01-03 10:11:24.715371,7.715371457191257
high_noise_high_baseline_goldendoodle_10,2026-01-03 12:56:15,2026-01-03 12:56:18.954786,3.9547856092838125
high_noise_high_baseline_goldendoodle_10,2026-01-03 06:45:25,2026-01-03 06:45:29.748805,4.74880527385729
high_noise_high_baseline_goldendoodle_10,2026-01-03 10:42:28,2026-01-03 10:42:31.937425,3.9374248904480407
high_noise_high_baseline_goldendoodle_10,2026-01-03 16:17:03,2026-01-03 16:17:09.531185,6.531184661946959
high_noise_high_baseline_goldendoodle_10,2026-01-03 23:46:05,2026-01-03 23:46:09.394236,4.394235894356035
high_noise_high_baseline_goldendoodle_10,2026-01-03 06:49:16,2026-01-03 06:49:20.014297,4.014296628008478
high_noise_high_baseline_goldendoodle_10,2026-01-03 14:29:47,2026-01-03 14:29:54.470378,7.47037764908505
high_noise_high_baseline_goldendoodle_10,2026-01-03 11:26:52,2026-01-03 11:26:57.282078,5.282078143233243
high_noise_high_baseline_goldendoodle_10,2026-01-03 18:13:24,2026-01-03 18:13:30.975021,6.975020607675754
high_noise_high_baseline_goldendoodle_10,2026-01-03 13:05:15,2026-01-03 13:05:22.114674,7.114673663806973
high_noise_high_baseline_goldendoodle_10,2026-01-03 07:50:40,2026-01-03 07:50:44.279961,4.2799607231304435
high_noise_high_baseline_goldendoodle_10,2026-01-03 02:29:08,2026-01-03 02:29:15.493577,7.493577222216177
high_noise_high_baseline_goldendoodle_10,2026-01-03 08:50:16,2026-01-03 08:50:20.997054,4.997053529975732
high_noise_high_baseline_goldendoodle_10,2026-01-03 08:21:55,2026-01-03 08:21:59.700214,4.700214182326559
high_noise_high_baseline_goldendoodle_10,2026-01-03 19:56:09,2026-01-03 19:56:12.953954,3.9539543499855156
high_noise_high_baseline_goldendoodle_10,2026-01-03 10:09:13,2026-01-03 10:09:19.685730,6.685730218696824
high_noise_high_baseline_goldendoodle_10,2026-01-03 21:23:11,2026-01-03 21:23:17.196758,6.1967576519981025
high_noise_high_baseline_goldendoodle_10,2026-01-03 14:39:40,2026-01-03 14:39:46.160997,6.1609968843193705
high_noise_high_baseline_goldendoodle_10,2026-01-03 19:47:44,2026-01-03 19:47:50.165076,6.165076388628876
high_noise_high_baseline_goldendoodle_10,2026-01-03 08:50:40,2026-01-03 08:50:45.316873,5.316872522706828
high_noise_high_baseline_goldendoodle_10,2026-01-03 07:14:53,2026-01-03 07:14:55.839064,2.8390644151955517
high_noise_high_baseline_goldendoodle_10,2026-01-03 11:19:23,2026-01-03 11:19:28.943515,5.9435147420386665
high_noise_high_baseline_goldendoodle_10,2026-01-03 17:24:31,2026-01-03 17:24:35.685920,4.68592034613623
high_noise_high_baseline_goldendoodle_10,2026-01-03 14:15:32,2026-01-03 14:15:35.333902,3.3339024439277725
high_noise_high_baseline_goldendoodle_10,2026-01-03 17:40:05,2026-01-03 17:40:09.685230,4.685230368062139
high_noise_high_baseline_goldendoodle_10,2026-01-03 10:51:56,2026-01-03 10:51:59.717266,3.717265871402436
high_noise_high_baseline_goldendoodle_10,2026-01-03 01:09:21,2026-01-03 01:09:27.291403,6.291402814113223
high_noise_high_baseline_goldendoodle_10,2026-01-03 03:59:11,2026-01-03 03:59:16.939124,5.939123965221273
high_noise_high_baseline_goldendoodle_10,2026-01-03 10:32:29,2026-01-03 10:32:34.956696,5.956696264871614
high_noise_high_baseline_goldendoodle_10,2026-01-03 18:28:33,2026-01-03 18:28:37.152620,4.152619853904799
high_noise_high_baseline_goldendoodle_10,2026-01-03 04:47:49,2026-01-03 04:47:53.764130,4.7641301895565205
high_noise_high_baseline_goldendoodle_10,2026-01-03 10:04:53,2026-01-03 10:04:55.457929,2.4579289751911038
high_noise_high_baseline_goldendoodle_10,2026-01-03 06:41:57,2026-01-03 06:42:00.285557,3.285556664736602
high_noise_high_baseline_goldendoodle_10,2026-01-03 14:50:32,2026-01-03 14:50:37.413220,5.413219583353582
high_noise_high_baseline_goldendoodle_10,2026-01-03 19:39:00,2026-01-03 19:39:06.204909,6.204908735762618
high_noise_high_baseline_goldendoodle_10,2026-01-03 17:12:18,2026-01-03 17:12:23.264138,5.264137873371622
high_noise_high_baseline_goldendoodle_10,2026-01-03 06:44:47,2026-01-03 06:44:54.485834,7.485833986318918
high_noise_high_baseline_goldendoodle_10,2026-01-03 20:17:52,2026-01-03 20:17:56.601613,4.60161289355817
high_noise_high_baseline_goldendoodle_10,2026-01-03 13:08:54,2026-01-03 13:09:00.552968,6.552967837830244
high_noise_high_baseline_goldendoodle_10,2026-01-03 14:24:47,2026-01-03 14:24:54.940256,7.940255748753276
high_noise_high_baseline_goldendoodle_10,2026-01-03 18:06:19,2026-01-03 18:06:21.409090,2.4090897189629685
high_noise_high_baseline_goldendoodle_10,2026-01-03 13:53:20,2026-01-03 13:53:22.075322,2.0753222208087543
high_noise_high_baseline_goldendoodle_10,2026-01-03 21:44:50,2026-01-03 21:44:54.457215,4.45721453330927
high_noise_high_baseline_goldendoodle_10,2026-01-03 20:53:45,2026-01-03 20:53:49.352296,4.352296289589039
high_noise_high_baseline_goldendoodle_10,2026-01-03 12:44:04,2026-01-03 12:44:10.457751,6.457751296117227
high_noise_high_baseline_goldendoodle_10,2026-01-03 07:21:07,2026-01-03 07:21:11.759804,4.759803682717109
high_noise_high_baseline_goldendoodle_10,2026-01-03 11:17:44,2026-01-03 11:17:48.930023,4.930022654529658
high_noise_high_baseline_goldendoodle_10,2026-01-03 20:54:38,2026-01-03 20:54:44.182370,6.182370047138342
high_noise_high_baseline_goldendoodle_10,2026-01-03 15:23:35,2026-01-03 15:23:40.555780,5.555780011869993
high_noise_high_baseline_goldendoodle_10,2026-01-03 16:19:18,2026-01-03 16:19:23.339179,5.339178829277675
high_noise_high_baseline_goldendoodle_10,2026-01-03 08:04:31,2026-01-03 08:04:35.202802,4.2028019345681935
high_noise_high_baseline_goldendoodle_10,2026-01-03 07:12:37,2026-01-03 07:12:40.734939,3.734938632584769
high_noise_high_baseline_goldendoodle_10,2026-01-04 06:21:49,2026-01-04 06:21:56.500847,7.500846668510088
high_noise_high_baseline_goldendoodle_10,2026-01-04 23:29:06,2026-01-04 23:29:11.674194,5.674193847471112
high_noise_high_baseline_goldendoodle_10,2026-01-04 06:42:49,2026-01-04 06:42:55.609706,6.609705506079755
high_noise_high_baseline_goldendoodle_10,2026-01-04 08:39:42,2026-01-04 08:39:48.246377,6.246376846520028
high_noise_high_baseline_goldendoodle_10,2026-01-04 13:04:38,2026-01-04 13:04:42.955953,4.955953155557377
high_noise_high_baseline_goldendoodle_10,2026-01-04 14:34:38,2026-01-04 14:34:42.083469,4.083469080672558
high_noise_high_baseline_goldendoodle_10,2026-01-05 13:07:00,2026-01-05 13:07:04.870382,4.870381976990053
high_noise_high_baseline_goldendoodle_10,2026-01-05 18:28:24,2026-01-05 18:28:31.161256,7.161256282150019
high_noise_high_baseline_goldendoodle_10,2026-01-05 12:47:15,2026-01-05 12:47:22.184305,7.184305020179
high_noise_high_baseline_goldendoodle_10,2026-01-05 18:45:35,2026-01-05 18:45:39.874002,4.874002272457656
high_noise_high_baseline_goldendoodle_10,2026-01-05 19:24:29,2026-01-05 19:24:33.020321,4.020320952786437
high_noise_high_baseline_goldendoodle_10,2026-01-05 17:05:49,2026-01-05 17:05:54.286290,5.286289978203187
high_noise_high_baseline_goldendoodle_10,2026-01-05 15:16:17,2026-01-05 15:16:24.663846,7.6638463580145535
high_noise_high_baseline_goldendoodle_10,2026-01-05 19:21:51,2026-01-05 19:21:58.015072,7.015071950014187
high_noise_high_baseline_goldendoodle_10,2026-01-05 06:48:11,2026-01-05 06:48:15.480317,4.4803165693075195
high_noise_high_baseline_goldendoodle_10,2026-01-05 20:51:39,2026-01-05 20:51:42.031727,3.031726500664309
high_noise_high_baseline_goldendoodle_10,2026-01-05 09:26:12,2026-01-05 09:26:15.941521,3.941521281530539
high_noise_high_baseline_goldendoodle_10,2026-01-05 10:45:57,2026-01-05 10:46:02.638479,5.638479110437202
high_noise_high_baseline_goldendoodle_10,2026-01-05 13:43:48,2026-01-05 13:43:50.770729,2.7707293141506284
high_noise_high_baseline_goldendoodle_10,2026-01-05 13:55:57,2026-01-05 13:56:00.760827,3.760827365476648
high_noise_high_baseline_goldendoodle_10,2026-01-05 09:18:39,2026-01-05 09:18:44.103579,5.103578704846693
high_noise_high_baseline_goldendoodle_10,2026-01-05 13:11:12,2026-01-05 13:11:19.032195,7.0321946894514955
high_noise_high_baseline_goldendoodle_10,2026-01-05 16:15:32,2026-01-05 16:15:35.557153,3.5571530611553355
high_noise_high_baseline_goldendoodle_10,2026-01-05 09:14:24,2026-01-05 09:14:30.113716,6.113716135533593
high_noise_high_baseline_goldendoodle_10,2026-01-05 08:12:19,2026-01-05 08:12:21.490597,2.490597311187238
high_noise_high_baseline_goldendoodle_10,2026-01-05 00:28:59,2026-01-05 00:29:03.773241,4.77324052950525
high_noise_high_baseline_goldendoodle_10,2026-01-05 13:33:16,2026-01-05 13:33:22.205333,6.205333228551009
high_noise_high_baseline_goldendoodle_10,2026-01-05 16:19:21,2026-01-05 16:19:26.513790,5.513790204317186
high_noise_high_baseline_goldendoodle_10,2026-01-05 08:52:54,2026-01-05 08:53:00.747109,6.7471089493203875
high_noise_high_baseline_goldendoodle_10,2026-01-05 09:54:23,2026-01-05 09:54:28.590927,5.590926749722508
high_noise_high_baseline_goldendoodle_10,2026-01-05 18:02:37,2026-01-05 18:02:42.870013,5.870013341510274
high_noise_high_baseline_goldendoodle_10,2026-01-05 07:09:11,2026-01-05 07:09:18.776377,7.776377045835675
high_noise_high_baseline_goldendoodle_10,2026-01-05 06:46:50,2026-01-05 06:46:52.259541,2.259541273374647
high_noise_high_baseline_goldendoodle_10,2026-01-05 13:09:08,2026-01-05 13:09:15.557925,7.557925411617556
high_noise_high_baseline_goldendoodle_10,2026-01-05 15:12:19,2026-01-05 15:12:26.082316,7.082316143815378
high_noise_high_baseline_goldendoodle_10,2026-01-05 19:59:38,2026-01-05 19:59:43.872073,5.872072642150306
high_noise_high_baseline_goldendoodle_10,2026-01-05 17:42:35,2026-01-05 17:42:42.124544,7.124544153956142
high_noise_high_baseline_goldendoodle_10,2026-01-05 00:22:24,2026-01-05 00:22:28.910165,4.91016465659979
high_noise_high_baseline_goldendoodle_10,2026-01-05 08:22:56,2026-01-05 08:23:01.376081,5.376080829459806
high_noise_high_baseline_goldendoodle_10,2026-01-05 09:10:30,2026-01-05 09:10:33.391196,3.391196280190233
high_noise_high_baseline_goldendoodle_10,2026-01-05 12:13:56,2026-01-05 12:13:58.398193,2.3981934208442457
high_noise_high_baseline_goldendoodle_10,2026-01-05 11:08:51,2026-01-05 11:08:58.357252,7.357251891202594
high_noise_high_baseline_goldendoodle_10,2026-01-05 23:44:32,2026-01-05 23:44:34.456849,2.456848727583796
high_noise_high_baseline_goldendoodle_10,2026-01-05 15:13:45,2026-01-05 15:13:49.595582,4.595582026697016
high_noise_high_baseline_goldendoodle_10,2026-01-05 17:50:23,2026-01-05 17:50:26.835921,3.8359208144772783
high_noise_high_baseline_goldendoodle_10,2026-01-05 23:15:17,2026-01-05 23:15:22.895986,5.895986373687226
high_noise_high_baseline_goldendoodle_10,2026-01-05 09:02:33,2026-01-05 09:02:37.553221,4.553220738300672
high_noise_high_baseline_goldendoodle_10,2026-01-05 09:59:04,2026-01-05 09:59:07.172149,3.1721490767149207
high_noise_high_baseline_goldendoodle_10,2026-01-05 06:34:17,2026-01-05 06:34:22.698334,5.698333934597695
high_noise_high_baseline_goldendoodle_10,2026-01-05 20:48:50,2026-01-05 20:48:57.841171,7.841171377913467
high_noise_high_baseline_goldendoodle_10,2026-01-05 12:08:37,2026-01-05 12:08:43.702539,6.702539105756987
high_noise_high_baseline_goldendoodle_10,2026-01-05 19:42:26,2026-01-05 19:42:30.502051,4.502050719315907
high_noise_high_baseline_goldendoodle_10,2026-01-05 22:27:50,2026-01-05 22:27:55.991436,5.991436102845945
high_noise_high_baseline_goldendoodle_10,2026-01-05 21:13:43,2026-01-05 21:13:45.812251,2.812251372336279
high_noise_high_baseline_goldendoodle_10,2026-01-05 08:02:37,2026-01-05 08:02:44.635732,7.635732212413524
high_noise_high_baseline_goldendoodle_10,2026-01-06 06:34:16,2026-01-06 06:34:23.874513,7.874513275981695
high_noise_high_baseline_goldendoodle_10,2026-01-06 11:36:24,2026-01-06 11:36:29.878406,5.878405720070478
high_noise_high_baseline_goldendoodle_10,2026-01-07 10:39:36,2026-01-07 10:39:41.739149,5.739148726001366
high_noise_high_baseline_goldendoodle_10,2026-01-07 10:08:22,2026-01-07 10:08:24.693580,2.693580379180527
high_noise_high_baseline_goldendoodle_10,2026-01-07 11:37:44,2026-01-07 11:37:46.449153,2.4491531471729893
high_noise_high_baseline_goldendoodle_10,2026-01-07 10:24:34,2026-01-07 10:24:40.254499,6.254499340963742
high_noise_high_baseline_goldendoodle_10,2026-01-07 11:50:43,2026-01-07 11:50:47.126904,4.12690421557266
high_noise_high_baseline_goldendoodle_10,2026-01-07 18:27:53,2026-01-07 18:27:58.421358,5.421358390637751
high_noise_high_baseline_goldendoodle_10,2026-01-07 07:18:30,2026-01-07 07:18:36.138506,6.138506163427956
high_noise_high_baseline_goldendoodle_10,2026-01-07 21:33:09,2026-01-07 21:33:12.826201,3.826201482196187
high_noise_high_baseline_goldendoodle_10,2026-01-07 08:18:13,2026-01-07 08:18:15.588071,2.588071043796644
high_noise_high_baseline_goldendoodle_10,2026-01-07 09:02:07,2026-01-07 09:02:13.882173,6.882172506261739
high_noise_high_baseline_goldendoodle_10,2026-01-07 13:24:37,2026-01-07 13:24:41.184983,4.184982578316664
high_noise_high_baseline_goldendoodle_10,2026-01-07 20:57:36,2026-01-07 20:57:43.398102,7.3981019558202075
high_noise_high_baseline_goldendoodle_10,2026-01-07 13:42:12,2026-01-07 13:42:14.922919,2.9229194022472105
high_noise_high_baseline_goldendoodle_10,2026-01-07 08:47:05,2026-01-07 08:47:11.316956,6.3169563616980025
high_noise_high_baseline_goldendoodle_10,2026-01-07 08:16:20,2026-01-07 08:16:25.603213,5.603213374138258
high_noise_high_baseline_goldendoodle_10,2026-01-07 12:10:47,2026-01-07 12:10:54.267974,7.26797414085244
high_noise_high_baseline_goldendoodle_10,2026-01-07 16:26:40,2026-01-07 16:26:46.351065,6.351065136056411
high_noise_high_baseline_goldendoodle_10,2026-01-08 14:00:48,2026-01-08 14:00:54.451057,6.451057332942858
high_noise_high_baseline_goldendoodle_10,2026-01-08 17:44:42,2026-01-08 17:44:45.962187,3.9621867948331477
high_noise_high_baseline_goldendoodle_10,2026-01-09 20:39:53,2026-01-09 20:39:59.901341,6.901340869889646
high_noise_high_baseline_goldendoodle_10,2026-01-09 13:55:59,2026-01-09 13:56:01.530012,2.530011722892767
high_noise_high_baseline_goldendoodle_10,2026-01-09 13:25:52,2026-01-09 13:25:56.558190,4.55818951837998
high_noise_high_baseline_goldendoodle_10,2026-01-09 15:19:34,2026-01-09 15:19:38.029783,4.029782942692359
high_noise_high_baseline_goldendoodle_10,2026-01-09 21:12:35,2026-01-09 21:12:39.555710,4.555709510134125
high_noise_high_baseline_goldendoodle_10,2026-01-09 17:36:45,2026-01-09 17:36:51.913879,6.9138787895014895
high_noise_high_baseline_goldendoodle_10,2026-01-09 22:59:28,2026-01-09 22:59:35.742514,7.742513713053077
high_noise_high_baseline_goldendoodle_10,2026-01-09 06:07:28,2026-01-09 06:07:31.771387,3.7713869625380574
high_noise_high_baseline_goldendoodle_10,2026-01-09 08:38:19,2026-01-09 08:38:24.504827,5.504827264343076
high_noise_high_baseline_goldendoodle_10,2026-01-10 13:55:45,2026-01-10 13:55:48.295298,3.2952975817234194
high_noise_high_baseline_goldendoodle_10,2026-01-10 07:43:47,2026-01-10 07:43:50.326541,3.3265413760111935
high_noise_high_baseline_goldendoodle_10,2026-01-10 07:59:12,2026-01-10 07:59:15.203124,3.2031236369946003
high_noise_high_baseline_goldendoodle_10,2026-01-10 19:35:06,2026-01-10 19:35:09.768896,3.7688964610992057
high_noise_high_baseline_goldendoodle_10,2026-01-10 23:07:48,2026-01-10 23:07:53.011624,5.011623605192738
high_noise_high_baseline_goldendoodle_10,2026-01-10 21:29:03,2026-01-10 21:29:09.558404,6.558404050549245
high_noise_high_baseline_goldendoodle_10,2026-01-10 08:32:20,2026-01-10 08:32:22.525714,2.5257143145559726
high_noise_high_baseline_goldendoodle_10,2026-01-10 17:18:44,2026-01-10 17:18:51.939480,7.939479527750855
high_noise_high_baseline_goldendoodle_10,2026-01-10 01:12:29,2026-01-10 01:12:33.551978,4.551978324377236
high_noise_high_baseline_goldendoodle_10,2026-01-10 07:33:14,2026-01-10 07:33:19.558865,5.558864838834293
high_noise_high_baseline_goldendoodle_10,2026-01-10 02:30:30,2026-01-10 02:30:35.371495,5.371494907873496
high_noise_high_baseline_goldendoodle_10,2026-01-10 20:59:56,2026-01-10 21:00:00.348944,4.348944200232094
high_noise_high_baseline_goldendoodle_10,2026-01-10 19:47:48,2026-01-10 19:47:55.596044,7.596043677833265
high_noise_high_baseline_goldendoodle_10,2026-01-10 14:50:31,2026-01-10 14:50:37.368867,6.368867193385416
high_noise_high_baseline_goldendoodle_10,2026-01-10 20:22:11,2026-01-10 20:22:16.102630,5.102630401464614
high_noise_high_baseline_goldendoodle_10,2026-01-10 08:22:06,2026-01-10 08:22:13.014448,7.014448024714381
high_noise_high_baseline_goldendoodle_10,2026-01-10 16:39:01,2026-01-10 16:39:08.200303,7.200303337455378
high_noise_high_baseline_goldendoodle_10,2026-01-10 18:53:31,2026-01-10 18:53:37.453520,6.4535201384072876
high_noise_high_baseline_goldendoodle_10,2026-01-10 03:15:42,2026-01-10 03:15:48.903190,6.9031895267982435
high_noise_high_baseline_goldendoodle_10,2026-01-10 12:49:11,2026-01-10 12:49:18.783165,7.7831649618676595
high_noise_high_baseline_goldendoodle_10,2026-01-10 05:01:12,2026-01-10 05:01:14.774118,2.7741178564213715
high_noise_high_baseline_goldendoodle_10,2026-01-10 08:51:51,2026-01-10 08:51:54.759039,3.7590389045074137
high_noise_high_baseline_goldendoodle_10,2026-01-10 20:32:27,2026-01-10 20:32:31.727988,4.727988058112748
high_noise_high_baseline_goldendoodle_10,2026-01-10 05:24:43,2026-01-10 05:24:46.215370,3.215370036445373
high_noise_high_baseline_goldendoodle_10,2026-01-10 07:27:11,2026-01-10 07:27:18.797092,7.797091501855299
high_noise_high_baseline_goldendoodle_10,2026-01-10 15:12:56,2026-01-10 15:13:02.124364,6.124363944118645
high_noise_high_baseline_goldendoodle_10,2026-01-10 16:34:31,2026-01-10 16:34:33.053079,2.053079397181528
high_noise_high_baseline_goldendoodle_10,2026-01-10 20:52:01,2026-01-10 20:52:07.654859,6.654858937552418
high_noise_high_baseline_goldendoodle_10,2026-01-10 14:29:11,2026-01-10 14:29:14.442823,3.4428228314533227
high_noise_high_baseline_goldendoodle_10,2026-01-10 22:15:31,2026-01-10 22:15:37.364647,6.364646715979539
high_noise_high_baseline_goldendoodle_10,2026-01-11 11:03:22,2026-01-11 11:03:26.598950,4.598950356098905
high_noise_high_baseline_goldendoodle_10,2026-01-11 16:45:07,2026-01-11 16:45:13.795700,6.795699609495861
high_noise_high_baseline_goldendoodle_10,2026-01-11 15:35:59,2026-01-11 15:36:01.985761,2.985760772146799
high_noise_high_baseline_goldendoodle_10,2026-01-11 12:45:42,2026-01-11 12:45:49.103511,7.103511405151637
high_noise_high_baseline_goldendoodle_10,2026-01-11 09:09:10,2026-01-11 09:09:16.166652,6.166651963795341
high_noise_high_baseline_goldendoodle_10,2026-01-11 18:33:08,2026-01-11 18:33:10.447382,2.447381552666136
high_noise_high_baseline_goldendoodle_10,2026-01-12 05:01:54,2026-01-12 05:01:58.016757,4.01675694967905
high_noise_high_baseline_goldendoodle_10,2026-01-12 21:59:27,2026-01-12 21:59:34.538289,7.538289346592562
high_noise_high_baseline_goldendoodle_10,2026-01-12 23:36:06,2026-01-12 23:36:13.012940,7.012939651239455
high_noise_high_baseline_goldendoodle_10,2026-01-12 06:05:44,2026-01-12 06:05:49.086067,5.086066660891875
high_noise_high_baseline_goldendoodle_10,2026-01-12 23:45:32,2026-01-12 23:45:35.914048,3.914048395896561
high_noise_high_baseline_goldendoodle_10,2026-01-12 15:36:45,2026-01-12 15:36:49.495224,4.495224019844831
high_noise_high_baseline_goldendoodle_10,2026-01-12 17:25:04,2026-01-12 17:25:10.853255,6.853255393476886
high_noise_high_baseline_goldendoodle_10,2026-01-12 23:28:22,2026-01-12 23:28:28.884324,6.884324046972003
high_noise_high_baseline_goldendoodle_10,2026-01-12 10:06:27,2026-01-12 10:06:32.687177,5.687176891062162
high_noise_high_baseline_goldendoodle_10,2026-01-12 21:19:22,2026-01-12 21:19:29.693499,7.693499250472472
high_noise_high_baseline_goldendoodle_10,2026-01-12 09:47:20,2026-01-12 09:47:25.455263,5.455262952552861
high_noise_high_baseline_goldendoodle_10,2026-01-12 06:12:52,2026-01-12 06:12:54.420121,2.420121475494045
high_noise_high_baseline_goldendoodle_10,2026-01-12 11:18:03,2026-01-12 11:18:09.364748,6.364747537137537
high_noise_high_baseline_goldendoodle_10,2026-01-12 19:28:49,2026-01-12 19:28:52.154041,3.154040602786932
high_noise_high_baseline_goldendoodle_10,2026-01-12 19:18:38,2026-01-12 19:18:42.038535,4.0385351365040005
high_noise_high_baseline_goldendoodle_10,2026-01-12 17:01:30,2026-01-12 17:01:32.405397,2.405396767732995
high_noise_high_baseline_goldendoodle_10,2026-01-12 04:14:34,2026-01-12 04:14:41.214339,7.2143390852842195
high_noise_high_baseline_goldendoodle_10,2026-01-12 18:03:40,2026-01-12 18:03:42.219219,2.219218647063884
high_noise_high_baseline_goldendoodle_10,2026-01-12 06:38:03,2026-01-12 06:38:05.041568,2.0415682366406305
high_noise_high_baseline_goldendoodle_10,2026-01-12 07:17:02,2026-01-12 07:17:09.074117,7.074117299129404
high_noise_high_baseline_goldendoodle_10,2026-01-12 21:37:15,2026-01-12 21:37:19.218324,4.2183239599305775
high_noise_high_baseline_goldendoodle_10,2026-01-12 12:18:58,2026-01-12 12:19:01.428363,3.428362603382798
high_noise_high_baseline_goldendoodle_10,2026-01-12 09:48:52,2026-01-12 09:48:54.468514,2.468514216056052
high_noise_high_baseline_goldendoodle_10,2026-01-12 15:08:42,2026-01-12 15:08:48.466783,6.466782790485865
high_noise_high_baseline_goldendoodle_10,2026-01-12 07:43:31,2026-01-12 07:43:35.859486,4.859486163094379
high_noise_high_baseline_goldendoodle_10,2026-01-12 14:53:46,2026-01-12 14:53:50.904175,4.904174621084634
high_noise_high_baseline_goldendoodle_10,2026-01-12 13:27:38,2026-01-12 13:27:44.424387,6.424386935481655
high_noise_high_baseline_goldendoodle_10,2026-01-12 06:57:14,2026-01-12 06:57:21.618086,7.618086192939472
high_noise_high_baseline_goldendoodle_10,2026-01-12 18:57:51,2026-01-12 18:57:58.822651,7.822651162821215
high_noise_high_baseline_goldendoodle_10,2026-01-12 08:03:12,2026-01-12 08:03:19.910005,7.910004744496222
high_noise_high_baseline_goldendoodle_10,2026-01-12 10:19:37,2026-01-12 10:19:40.026093,3.026093247360854
high_noise_high_baseline_goldendoodle_10,2026-01-12 14:31:29,2026-01-12 14:31:36.767972,7.767972476364276
high_noise_high_baseline_goldendoodle_10,2026-01-12 15:02:45,2026-01-12 15:02:50.987502,5.987502059154925
high_noise_high_baseline_goldendoodle_10,2026-01-12 03:40:58,2026-01-12 03:41:03.279493,5.279493479675615
high_noise_high_baseline_goldendoodle_10,2026-01-12 11:34:13,2026-01-12 11:34:15.617824,2.61782409436512
high_noise_high_baseline_goldendoodle_10,2026-01-12 19:06:09,2026-01-12 19:06:11.012201,2.012200855363388
high_noise_high_baseline_goldendoodle_10,2026-01-12 10:47:47,2026-01-12 10:47:54.391950,7.391950383145009
high_noise_high_baseline_goldendoodle_10,2026-01-12 08:25:50,2026-01-12 08:25:57.704368,7.704367851750419
high_noise_high_baseline_goldendoodle_10,2026-01-12 15:44:44,2026-01-12 15:44:46.974610,2.9746102929030975
high_noise_high_baseline_goldendoodle_10,2026-01-12 10:11:41,2026-01-12 10:11:46.802335,5.80233499495641
high_noise_high_baseline_goldendoodle_10,2026-01-12 19:36:22,2026-01-12 19:36:24.141658,2.1416575993856495
high_noise_high_baseline_goldendoodle_10,2026-01-12 04:13:22,2026-01-12 04:13:26.332091,4.3320905901721805
high_noise_high_baseline_goldendoodle_10,2026-01-13 10:31:24,2026-01-13 10:31:27.572698,3.5726983681548403
high_noise_high_baseline_goldendoodle_10,2026-01-13 06:35:38,2026-01-13 06:35:43.797112,5.7971115093637335
high_noise_high_baseline_goldendoodle_10,2026-01-13 10:07:20,2026-01-13 10:07:24.576541,4.576540628210923
high_noise_high_baseline_goldendoodle_10,2026-01-13 21:35:04,2026-01-13 21:35:07.756482,3.756481781684654
high_noise_high_baseline_goldendoodle_10,2026-01-13 12:29:51,2026-01-13 12:29:53.585590,2.5855896260513234
high_noise_high_baseline_goldendoodle_10,2026-01-13 14:52:42,2026-01-13 14:52:49.468923,7.468922885640627
high_noise_high_baseline_goldendoodle_10,2026-01-13 21:59:55,2026-01-13 22:00:01.966676,6.966676442267101
high_noise_high_baseline_goldendoodle_10,2026-01-13 17:23:38,2026-01-13 17:23:42.847868,4.847868038854446
high_noise_high_baseline_goldendoodle_10,2026-01-13 18:04:35,2026-01-13 18:04:41.012053,6.012052690168461
high_noise_high_baseline_goldendoodle_10,2026-01-13 05:57:10,2026-01-13 05:57:16.484631,6.484631231257395
high_noise_high_baseline_goldendoodle_10,2026-01-13 18:52:22,2026-01-13 18:52:27.962478,5.962478108832958
high_noise_high_baseline_goldendoodle_10,2026-01-13 00:05:14,2026-01-13 00:05:18.943536,4.94353596824983
high_noise_high_baseline_goldendoodle_10,2026-01-13 11:39:34,2026-01-13 11:39:41.852046,7.852045507623181
high_noise_high_baseline_goldendoodle_10,2026-01-13 08:59:38,2026-01-13 08:59:41.322160,3.3221597929403393
high_noise_high_baseline_goldendoodle_10,2026-01-13 18:35:45,2026-01-13 18:35:48.119168,3.1191683110629898
high_noise_high_baseline_goldendoodle_10,2026-01-13 10:13:06,2026-01-13 10:13:11.439709,5.439708780401177
high_noise_high_baseline_goldendoodle_10,2026-01-13 15:44:56,2026-01-13 15:45:03.829375,7.8293751211107745
high_noise_high_baseline_goldendoodle_10,2026-01-13 12:16:29,2026-01-13 12:16:35.073787,6.073786802686611
high_noise_high_baseline_goldendoodle_10,2026-01-13 19:50:26,2026-01-13 19:50:33.004960,7.00496015666218
high_noise_high_baseline_goldendoodle_10,2026-01-13 11:02:50,2026-01-13 11:02:55.180362,5.18036171559966
high_noise_high_baseline_goldendoodle_10,2026-01-13 12:48:26,2026-01-13 12:48:32.121379,6.121378618177582
high_noise_high_baseline_goldendoodle_10,2026-01-13 06:12:08,2026-01-13 06:12:13.129467,5.129466660814284
high_noise_high_baseline_goldendoodle_10,2026-01-13 10:31:36,2026-01-13 10:31:39.237357,3.2373567417859306
high_noise_high_baseline_goldendoodle_10,2026-01-13 13:55:23,2026-01-13 13:55:30.767980,7.767979812775465
high_noise_high_baseline_goldendoodle_10,2026-01-13 18:17:40,2026-01-13 18:17:47.819888,7.819887666612486
high_noise_high_baseline_goldendoodle_10,2026-01-13 12:27:16,2026-01-13 12:27:18.736019,2.736018852952509
high_noise_high_baseline_goldendoodle_10,2026-01-13 03:08:02,2026-01-13 03:08:04.129055,2.1290553624794706
high_noise_high_baseline_goldendoodle_10,2026-01-13 15:23:31,2026-01-13 15:23:33.939075,2.9390747476358334
high_noise_high_baseline_goldendoodle_10,2026-01-13 02:27:27,2026-01-13 02:27:30.454396,3.4543958515927673
high_noise_high_baseline_goldendoodle_10,2026-01-13 20:43:42,2026-01-13 20:43:44.651117,2.651116963453676
high_noise_high_baseline_goldendoodle_10,2026-01-13 08:27:35,2026-01-13 08:27:39.107807,4.107806949468678
high_noise_high_baseline_goldendoodle_10,2026-01-13 03:01:35,2026-01-13 03:01:38.121930,3.121929707846066
high_noise_high_baseline_goldendoodle_10,2026-01-13 11:02:18,2026-01-13 11:02:25.960480,7.9604797617730885
high_noise_high_baseline_goldendoodle_10,2026-01-13 20:09:36,2026-01-13 20:09:43.746334,7.746334432679332
high_noise_high_baseline_goldendoodle_10,2026-01-13 18:08:52,2026-01-13 18:08:58.394974,6.3949738867533
high_noise_high_baseline_goldendoodle_10,2026-01-13 14:29:10,2026-01-13 14:29:13.160962,3.1609618615173805
high_noise_high_baseline_goldendoodle_10,2026-01-13 06:33:27,2026-01-13 06:33:32.342533,5.342532685932793
high_noise_high_baseline_goldendoodle_10,2026-01-13 06:45:24,2026-01-13 06:45:27.351016,3.351015815308477
high_noise_high_baseline_goldendoodle_10,2026-01-13 21:28:38,2026-01-13 21:28:45.044024,7.044023557555258
high_noise_high_baseline_goldendoodle_10,2026-01-13 07:20:05,2026-01-13 07:20:09.887134,4.8871337141781215
high_noise_high_baseline_goldendoodle_10,2026-01-13 19:48:37,2026-01-13 19:48:40.212843,3.212842881755887
high_noise_high_baseline_goldendoodle_10,2026-01-13 23:02:27,2026-01-13 23:02:29.378799,2.378799231049741
high_noise_high_baseline_goldendoodle_10,2026-01-13 19:22:18,2026-01-13 19:22:20.608788,2.6087876030509882
high_noise_high_baseline_goldendoodle_10,2026-01-13 07:18:17,2026-01-13 07:18:24.041872,7.041872202186431
high_noise_high_baseline_goldendoodle_10,2026-01-13 16:41:15,2026-01-13 16:41:17.882160,2.882159798924352
high_noise_high_baseline_goldendoodle_10,2026-01-13 09:15:02,2026-01-13 09:15:05.186556,3.18655554435257
high_noise_high_baseline_goldendoodle_10,2026-01-13 08:45:06,2026-01-13 08:45:10.970611,4.970610591908239
high_noise_high_baseline_goldendoodle_10,2026-01-13 07:16:21,2026-01-13 07:16:25.831398,4.831397913777337
high_noise_high_baseline_goldendoodle_10,2026-01-13 13:05:45,2026-01-13 13:05:49.529222,4.529222227774136
high_noise_high_baseline_goldendoodle_10,2026-01-13 05:40:15,2026-01-13 05:40:20.648289,5.6482887062332345
high_noise_high_baseline_goldendoodle_10,2026-01-13 07:14:50,2026-01-13 07:14:54.825278,4.825278228292136
high_noise_high_baseline_goldendoodle_10,2026-01-13 01:15:20,2026-01-13 01:15:24.015016,4.015016430552492
high_noise_high_baseline_goldendoodle_10,2026-01-13 05:03:49,2026-01-13 05:03:51.115727,2.115727021533379
high_noise_high_baseline_goldendoodle_10,2026-01-13 11:38:19,2026-01-13 11:38:25.449410,6.449410081695177
high_noise_high_baseline_goldendoodle_10,2026-01-13 20:52:48,2026-01-13 20:52:53.776615,5.776614915753998
high_noise_high_baseline_goldendoodle_10,2026-01-13 05:54:47,2026-01-13 05:54:50.050358,3.0503584120552274
high_noise_high_baseline_goldendoodle_10,2026-01-13 18:47:08,2026-01-13 18:47:15.128287,7.128287236139457
high_noise_high_baseline_goldendoodle_10,2026-01-13 10:42:52,2026-01-13 10:42:59.574143,7.57414254904496
high_noise_high_baseline_goldendoodle_10,2026-01-13 03:47:34,2026-01-13 03:47:36.015850,2.0158501959337864
high_noise_high_baseline_goldendoodle_10,2026-01-13 16:04:32,2026-01-13 16:04:37.997752,5.997752469602474
high_noise_high_baseline_goldendoodle_10,2026-01-13 15:50:40,2026-01-13 15:50:47.308156,7.308156482938747
high_noise_high_baseline_goldendoodle_10,2026-01-13 07:36:10,2026-01-13 07:36:14.050221,4.050220855187597
high_noise_high_baseline_goldendoodle_10,2026-01-13 08:52:28,2026-01-13 08:52:34.086122,6.086122410412475
high_noise_high_baseline_goldendoodle_10,2026-01-13 16:05:43,2026-01-13 16:05:49.389506,6.389506063579979
high_noise_high_baseline_goldendoodle_10,2026-01-13 12:50:20,2026-01-13 12:50:27.423082,7.423081587562128
high_noise_high_baseline_goldendoodle_10,2026-01-13 09:31:19,2026-01-13 09:31:22.261437,3.2614369962274066
high_noise_high_baseline_goldendoodle_10,2026-01-13 21:37:53,2026-01-13 21:37:55.301702,2.3017015294206766
high_noise_high_baseline_goldendoodle_10,2026-01-13 08:42:56,2026-01-13 08:42:58.153427,2.1534268603660798
high_noise_high_baseline_goldendoodle_10,2026-01-13 15:35:28,2026-01-13 15:35:30.746532,2.7465319114506768
high_noise_high_baseline_goldendoodle_10,2026-01-13 07:17:53,2026-01-13 07:17:55.897525,2.897524866654024
high_noise_high_baseline_goldendoodle_10,2026-01-13 09:47:34,2026-01-13 09:47:41.004361,7.004360656742125
high_noise_high_baseline_goldendoodle_10,2026-01-13 19:54:32,2026-01-13 19:54:37.800841,5.800841476553915
high_noise_high_baseline_goldendoodle_10,2026-01-13 21:11:30,2026-01-13 21:11:36.012072,6.012072249011714
high_noise_high_baseline_goldendoodle_10,2026-01-13 23:52:15,2026-01-13 23:52:21.137242,6.13724178609499
high_noise_high_baseline_goldendoodle_10,2026-01-13 14:53:32,2026-01-13 14:53:37.383826,5.383826294889383
high_noise_high_baseline_goldendoodle_10,2026-01-13 13:33:40,2026-01-13 13:33:42.819678,2.8196775999046704
high_noise_high_baseline_goldendoodle_10,2026-01-13 21:51:11,2026-01-13 21:51:13.665962,2.6659621906704345
high_noise_high_baseline_goldendoodle_10,2026-01-13 10:59:18,2026-01-13 10:59:21.202231,3.202230748631827
high_noise_high_baseline_goldendoodle_10,2026-01-13 21:00:22,2026-01-13 21:00:27.736285,5.736284831310525
high_noise_high_baseline_goldendoodle_10,2026-01-13 06:33:04,2026-01-13 06:33:10.384837,6.384837256688657
high_noise_high_baseline_goldendoodle_10,2026-01-13 04:54:37,2026-01-13 04:54:44.048298,7.048297656677895
high_noise_high_baseline_goldendoodle_10,2026-01-13 12:18:02,2026-01-13 12:18:07.090453,5.090453441455706
high_noise_high_baseline_goldendoodle_10,2026-01-13 06:45:24,2026-01-13 06:45:28.663899,4.663898728545098
high_noise_high_baseline_goldendoodle_10,2026-01-14 16:13:48,2026-01-14 16:13:50.920810,2.92081003875173
high_noise_high_baseline_goldendoodle_10,2026-01-14 18:56:55,2026-01-14 18:57:01.345653,6.345652850741674
high_noise_high_baseline_goldendoodle_10,2026-01-14 11:53:29,2026-01-14 11:53:33.697321,4.697320898478745
high_noise_high_baseline_goldendoodle_10,2026-01-14 17:20:07,2026-01-14 17:20:12.777154,5.777153545039086
high_noise_high_baseline_goldendoodle_10,2026-01-14 05:34:19,2026-01-14 05:34:22.116563,3.1165631535169416
high_noise_high_baseline_goldendoodle_10,2026-01-14 23:39:36,2026-01-14 23:39:39.902035,3.9020352362137167
high_noise_high_baseline_goldendoodle_10,2026-01-14 16:42:32,2026-01-14 16:42:35.155273,3.1552734647462133
high_noise_high_baseline_goldendoodle_10,2026-01-14 10:11:39,2026-01-14 10:11:45.160884,6.160883774551296
high_noise_high_baseline_goldendoodle_10,2026-01-15 08:54:22,2026-01-15 08:54:26.598945,4.598945083619275
high_noise_high_baseline_goldendoodle_10,2026-01-15 15:04:59,2026-01-15 15:05:02.379734,3.379733533938592
high_noise_high_baseline_goldendoodle_10,2026-01-15 09:07:21,2026-01-15 09:07:24.403259,3.403258783576539
high_noise_high_baseline_goldendoodle_10,2026-01-15 08:49:08,2026-01-15 08:49:13.000643,5.000642919984806
high_noise_high_baseline_goldendoodle_10,2026-01-15 15:17:41,2026-01-15 15:17:48.352921,7.352921402690094
high_noise_high_baseline_goldendoodle_10,2026-01-15 18:28:13,2026-01-15 18:28:16.597866,3.597866248419722
high_noise_high_baseline_goldendoodle_10,2026-01-15 15:12:07,2026-01-15 15:12:10.161000,3.161000447774202
high_noise_high_baseline_goldendoodle_10,2026-01-15 17:26:53,2026-01-15 17:26:59.047341,6.047340931937408
high_noise_high_baseline_goldendoodle_10,2026-01-15 20:55:54,2026-01-15 20:56:00.312626,6.312625823424822
high_noise_high_baseline_goldendoodle_10,2026-01-15 21:20:23,2026-01-15 21:20:30.765395,7.765395100383624
high_noise_high_baseline_goldendoodle_10,2026-01-15 01:38:46,2026-01-15 01:38:51.261858,5.261858488333393
high_noise_high_baseline_goldendoodle_10,2026-01-15 17:12:17,2026-01-15 17:12:23.390477,6.390477014780174
high_noise_high_baseline_goldendoodle_10,2026-01-15 01:28:12,2026-01-15 01:28:19.381783,7.381783453902911
high_noise_high_baseline_goldendoodle_10,2026-01-15 21:58:31,2026-01-15 21:58:36.647391,5.647390869801196
high_noise_high_baseline_goldendoodle_10,2026-01-15 03:30:46,2026-01-15 03:30:48.820721,2.8207211787143587
high_noise_high_baseline_goldendoodle_10,2026-01-15 18:26:54,2026-01-15 18:26:56.399899,2.399899351975717
high_noise_high_baseline_goldendoodle_10,2026-01-15 18:58:20,2026-01-15 18:58:24.703903,4.703902509788265
high_noise_high_baseline_goldendoodle_10,2026-01-15 18:05:02,2026-01-15 18:05:07.850994,5.850993527901526
high_noise_high_baseline_goldendoodle_10,2026-01-15 18:14:21,2026-01-15 18:14:28.067593,7.067593174613078
high_noise_high_baseline_goldendoodle_10,2026-01-15 09:45:05,2026-01-15 09:45:08.088444,3.088443996670125
high_noise_high_baseline_goldendoodle_10,2026-01-15 06:30:35,2026-01-15 06:30:40.426183,5.426183021538368
high_noise_high_baseline_goldendoodle_10,2026-01-15 15:59:29,2026-01-15 15:59:31.213391,2.2133905992350886
high_noise_high_baseline_goldendoodle_10,2026-01-15 20:45:27,2026-01-15 20:45:32.986717,5.986716541302687
high_noise_high_baseline_goldendoodle_10,2026-01-15 17:29:17,2026-01-15 17:29:23.565293,6.56529289482954
high_noise_high_baseline_goldendoodle_10,2026-01-15 10:01:38,2026-01-15 10:01:45.578561,7.578560883797945
high_noise_high_baseline_goldendoodle_10,2026-01-15 17:16:23,2026-01-15 17:16:25.070882,2.0708819702135246
high_noise_high_baseline_goldendoodle_10,2026-01-15 11:03:58,2026-01-15 11:04:04.706934,6.706934312490504
high_noise_high_baseline_goldendoodle_10,2026-01-16 02:40:23,2026-01-16 02:40:26.694313,3.6943133098040937
high_noise_high_baseline_goldendoodle_10,2026-01-16 15:14:45,2026-01-16 15:14:49.723988,4.723987892186531
high_noise_high_baseline_goldendoodle_10,2026-01-16 12:19:28,2026-01-16 12:19:31.506359,3.5063591072651943
high_noise_high_baseline_goldendoodle_10,2026-01-16 10:55:37,2026-01-16 10:55:44.782613,7.782612630003869
high_noise_high_baseline_goldendoodle_10,2026-01-16 17:04:39,2026-01-16 17:04:42.800710,3.8007102857568564
high_noise_high_baseline_goldendoodle_10,2026-01-16 09:06:02,2026-01-16 09:06:07.066520,5.066520023475554
high_noise_high_baseline_goldendoodle_10,2026-01-16 21:00:38,2026-01-16 21:00:41.911022,3.9110223304506295
high_noise_high_baseline_goldendoodle_10,2026-01-16 08:50:12,2026-01-16 08:50:15.360279,3.360279033452713
high_noise_high_baseline_goldendoodle_10,2026-01-16 08:24:58,2026-01-16 08:25:04.895234,6.895233861829768
high_noise_high_baseline_goldendoodle_10,2026-01-16 18:36:03,2026-01-16 18:36:09.652972,6.652972361808673
high_noise_high_baseline_goldendoodle_10,2026-01-16 12:40:26,2026-01-16 12:40:31.326811,5.326811122753366
high_noise_high_baseline_goldendoodle_10,2026-01-16 11:39:16,2026-01-16 11:39:21.453884,5.4538843615916885
high_noise_high_baseline_goldendoodle_10,2026-01-16 05:03:44,2026-01-16 05:03:46.648624,2.648624142819829
high_noise_high_baseline_goldendoodle_10,2026-01-16 08:03:08,2026-01-16 08:03:10.256717,2.256717059394025
high_noise_high_baseline_goldendoodle_10,2026-01-16 07:08:40,2026-01-16 07:08:42.458609,2.458608992430334
high_noise_high_baseline_goldendoodle_10,2026-01-16 16:52:56,2026-01-16 16:53:03.043412,7.043411624223599
high_noise_high_baseline_goldendoodle_10,2026-01-16 17:33:12,2026-01-16 17:33:15.330288,3.330288280611075
high_noise_high_baseline_goldendoodle_10,2026-01-16 19:51:21,2026-01-16 19:51:26.512442,5.512441794450602
high_noise_high_baseline_goldendoodle_10,2026-01-16 20:39:13,2026-01-16 20:39:17.113932,4.113931955099102
high_noise_high_baseline_goldendoodle_10,2026-01-16 09:51:51,2026-01-16 09:51:55.917587,4.917586560122871
high_noise_high_baseline_goldendoodle_10,2026-01-16 11:34:43,2026-01-16 11:34:45.278972,2.278971923787774
high_noise_high_baseline_goldendoodle_10,2026-01-16 13:25:55,2026-01-16 13:26:01.053498,6.05349804642778
high_noise_high_baseline_goldendoodle_10,2026-01-16 07:03:44,2026-01-16 07:03:50.073681,6.073681269379375
high_noise_high_baseline_goldendoodle_10,2026-01-16 15:43:59,2026-01-16 15:44:03.982820,4.982819767022901
high_noise_high_baseline_goldendoodle_10,2026-01-16 07:43:05,2026-01-16 07:43:11.622673,6.622673027863755
high_noise_high_baseline_goldendoodle_10,2026-01-16 16:36:27,2026-01-16 16:36:34.223441,7.2234411714381075
high_noise_high_baseline_goldendoodle_10,2026-01-16 07:00:37,2026-01-16 07:00:40.003530,3.003529752901879
high_noise_high_baseline_goldendoodle_10,2026-01-16 06:35:06,2026-01-16 06:35:12.875018,6.875017549069028
high_noise_high_baseline_goldendoodle_10,2026-01-16 11:36:39,2026-01-16 11:36:45.713628,6.71362808905457
high_noise_high_baseline_goldendoodle_10,2026-01-16 02:12:20,2026-01-16 02:12:22.809813,2.809812560468288
high_noise_high_baseline_goldendoodle_10,2026-01-16 15:46:49,2026-01-16 15:46:55.389487,6.389487273183802
high_noise_high_baseline_goldendoodle_10,2026-01-16 07:10:58,2026-01-16 07:11:01.480805,3.4808050912775235
high_noise_high_baseline_goldendoodle_10,2026-01-16 11:59:30,2026-01-16 11:59:36.408421,6.4084208871183295
high_noise_high_baseline_goldendoodle_10,2026-01-16 08:36:49,2026-01-16 08:36:52.886393,3.886393492532928
high_noise_high_baseline_goldendoodle_10,2026-01-16 15:47:32,2026-01-16 15:47:35.949027,3.9490269123326103
high_noise_high_baseline_goldendoodle_10,2026-01-16 03:34:58,2026-01-16 03:35:00.304266,2.3042657308181305
high_noise_high_baseline_goldendoodle_10,2026-01-16 10:59:05,2026-01-16 10:59:07.317114,2.3171138652111036
high_noise_high_baseline_goldendoodle_10,2026-01-16 18:34:49,2026-01-16 18:34:53.361582,4.361581506499509
high_noise_high_baseline_goldendoodle_10,2026-01-16 10:09:01,2026-01-16 10:09:05.322807,4.322806531032636
high_noise_high_baseline_goldendoodle_10,2026-01-16 07:06:14,2026-01-16 07:06:17.198980,3.1989797177228527
high_noise_high_baseline_goldendoodle_10,2026-01-16 17:11:15,2026-01-16 17:11:18.381679,3.381678847560016
high_noise_high_baseline_goldendoodle_10,2026-01-16 08:30:03,2026-01-16 08:30:07.570089,4.570088628305032
high_noise_high_baseline_goldendoodle_10,2026-01-16 19:08:09,2026-01-16 19:08:16.660361,7.660361085119043
high_noise_high_baseline_goldendoodle_10,2026-01-16 03:58:35,2026-01-16 03:58:37.207279,2.2072787216458947
high_noise_high_baseline_goldendoodle_10,2026-01-16 16:38:17,2026-01-16 16:38:21.979028,4.979028373182995
high_noise_high_baseline_goldendoodle_10,2026-01-16 15:18:43,2026-01-16 15:18:48.468970,5.468970232714096
high_noise_high_baseline_goldendoodle_10,2026-01-16 08:38:02,2026-01-16 08:38:08.890806,6.890806199124701
high_noise_high_baseline_goldendoodle_10,2026-01-16 19:52:22,2026-01-16 19:52:28.006657,6.0066565974286155
high_noise_high_baseline_goldendoodle_10,2026-01-16 08:13:59,2026-01-16 08:14:04.982154,5.982154077026127
high_noise_high_baseline_goldendoodle_10,2026-01-16 15:39:41,2026-01-16 15:39:47.981038,6.981037898843177
high_noise_high_baseline_goldendoodle_10,2026-01-16 13:54:57,2026-01-16 13:55:00.784810,3.7848102534391304
high_noise_high_baseline_goldendoodle_10,2026-01-16 11:10:25,2026-01-16 11:10:29.901274,4.901274028203654
high_noise_high_baseline_goldendoodle_10,2026-01-16 06:46:27,2026-01-16 06:46:32.491890,5.491889745623679
high_noise_high_baseline_goldendoodle_10,2026-01-16 18:17:04,2026-01-16 18:17:06.406775,2.4067754456116726
high_noise_high_baseline_goldendoodle_10,2026-01-17 03:12:36,2026-01-17 03:12:39.921410,3.9214104838127986
high_noise_high_baseline_goldendoodle_10,2026-01-17 17:34:37,2026-01-17 17:34:39.526243,2.5262428436730087
high_noise_high_baseline_goldendoodle_10,2026-01-17 17:48:25,2026-01-17 17:48:32.176817,7.176817098670481
high_noise_high_baseline_goldendoodle_10,2026-01-17 14:21:14,2026-01-17 14:21:19.749620,5.749620211852528
high_noise_high_baseline_goldendoodle_10,2026-01-17 09:25:45,2026-01-17 09:25:49.078645,4.0786453376178144
high_noise_high_baseline_goldendoodle_10,2026-01-17 18:36:34,2026-01-17 18:36:41.648359,7.648358811459087
high_noise_high_baseline_goldendoodle_10,2026-01-17 18:26:45,2026-01-17 18:26:50.807032,5.807032040746096
high_noise_high_baseline_goldendoodle_10,2026-01-17 20:04:56,2026-01-17 20:04:58.220558,2.220558321119701
high_noise_high_baseline_goldendoodle_10,2026-01-17 12:37:41,2026-01-17 12:37:43.234710,2.234710090594805
high_noise_high_baseline_goldendoodle_10,2026-01-17 23:04:38,2026-01-17 23:04:42.694313,4.694313319114036
high_noise_high_baseline_goldendoodle_10,2026-01-17 19:06:02,2026-01-17 19:06:04.331291,2.331290964114399
high_noise_high_baseline_goldendoodle_10,2026-01-17 06:52:56,2026-01-17 06:53:03.870985,7.870984527422121
high_noise_high_baseline_goldendoodle_10,2026-01-17 22:59:40,2026-01-17 22:59:46.242871,6.2428709386215
high_noise_high_baseline_goldendoodle_10,2026-01-17 19:37:19,2026-01-17 19:37:26.810982,7.8109819490702606
high_noise_high_baseline_goldendoodle_10,2026-01-17 13:02:39,2026-01-17 13:02:44.464952,5.464951820419442
high_noise_high_baseline_goldendoodle_10,2026-01-17 21:47:09,2026-01-17 21:47:11.132861,2.132860614859521
high_noise_high_baseline_goldendoodle_10,2026-01-17 18:32:11,2026-01-17 18:32:16.298460,5.29845979169021
high_noise_high_baseline_goldendoodle_10,2026-01-17 09:26:19,2026-01-17 09:26:26.286931,7.286930782356264
high_noise_high_baseline_goldendoodle_10,2026-01-17 10:36:17,2026-01-17 10:36:20.492749,3.4927491249529625
high_noise_high_baseline_goldendoodle_10,2026-01-17 14:52:47,2026-01-17 14:52:52.173880,5.173880153607586
high_noise_high_baseline_goldendoodle_10,2026-01-17 13:05:54,2026-01-17 13:05:59.934638,5.934637901327045
high_noise_high_baseline_goldendoodle_10,2026-01-17 19:12:11,2026-01-17 19:12:16.883513,5.883512750997128
high_noise_high_baseline_goldendoodle_10,2026-01-17 09:04:56,2026-01-17 09:05:02.886368,6.8863676797137705
high_noise_high_baseline_goldendoodle_10,2026-01-17 12:48:05,2026-01-17 12:48:12.931555,7.931554997453234
high_noise_high_baseline_goldendoodle_10,2026-01-17 21:50:16,2026-01-17 21:50:19.845937,3.8459373031498387
high_noise_high_baseline_goldendoodle_10,2026-01-17 19:38:26,2026-01-17 19:38:29.731756,3.731756320614915
high_noise_high_baseline_goldendoodle_10,2026-01-17 13:38:54,2026-01-17 13:38:58.586279,4.586278675476212
high_noise_high_baseline_goldendoodle_10,2026-01-17 07:39:51,2026-01-17 07:39:57.338015,6.338015482306373
high_noise_high_baseline_goldendoodle_10,2026-01-17 16:56:31,2026-01-17 16:56:36.248590,5.248589813981253
high_noise_high_baseline_goldendoodle_10,2026-01-17 06:53:12,2026-01-17 06:53:17.230718,5.230718264868688
high_noise_high_baseline_goldendoodle_10,2026-01-17 16:00:37,2026-01-17 16:00:41.295253,4.295253432303271
high_noise_high_baseline_goldendoodle_10,2026-01-17 10:36:29,2026-01-17 10:36:35.299629,6.299629002754727
high_noise_high_baseline_goldendoodle_10,2026-01-17 21:18:25,2026-01-17 21:18:32.312577,7.312577482884485
high_noise_high_baseline_goldendoodle_10,2026-01-17 15:40:54,2026-01-17 15:40:57.119834,3.119833573616896
high_noise_high_baseline_goldendoodle_10,2026-01-17 09:18:26,2026-01-17 09:18:29.719782,3.7197817099331094
high_noise_high_baseline_goldendoodle_10,2026-01-17 15:24:19,2026-01-17 15:24:25.372843,6.372843483275352
high_noise_high_baseline_goldendoodle_10,2026-01-17 20:05:45,2026-01-17 20:05:47.474132,2.474131594122359
high_noise_high_baseline_goldendoodle_10,2026-01-17 06:48:57,2026-01-17 06:49:04.585277,7.585277469522054
high_noise_high_baseline_goldendoodle_10,2026-01-18 22:22:03,2026-01-18 22:22:06.734791,3.7347911201636084
high_noise_high_baseline_goldendoodle_10,2026-01-18 20:50:52,2026-01-18 20:50:54.222135,2.222135453932341
high_noise_high_baseline_goldendoodle_10,2026-01-18 09:05:41,2026-01-18 09:05:46.976261,5.976261261408652
high_noise_high_baseline_goldendoodle_10,2026-01-18 12:58:24,2026-01-18 12:58:26.688993,2.688993258518593
high_noise_high_baseline_goldendoodle_10,2026-01-18 12:58:41,2026-01-18 12:58:46.801584,5.801584415481498
high_noise_high_baseline_goldendoodle_10,2026-01-18 11:01:55,2026-01-18 11:02:02.918391,7.918391238671949
high_noise_high_baseline_goldendoodle_10,2026-01-19 21:57:21,2026-01-19 21:57:28.669095,7.669094972192286
high_noise_high_baseline_goldendoodle_10,2026-01-19 09:00:49,2026-01-19 09:00:54.661834,5.661834269569978
high_noise_high_baseline_goldendoodle_10,2026-01-19 09:22:53,2026-01-19 09:22:59.091724,6.091724319548376
high_noise_high_baseline_goldendoodle_10,2026-01-19 02:41:26,2026-01-19 02:41:30.040951,4.040950701271427
high_noise_high_baseline_goldendoodle_10,2026-01-19 22:45:40,2026-01-19 22:45:43.594852,3.5948521527902155
high_noise_high_baseline_goldendoodle_10,2026-01-19 16:30:30,2026-01-19 16:30:34.215966,4.215965502249349
high_noise_high_baseline_goldendoodle_10,2026-01-19 00:09:35,2026-01-19 00:09:37.723847,2.7238468753369167
high_noise_high_baseline_goldendoodle_10,2026-01-19 11:53:49,2026-01-19 11:53:53.956250,4.956250194481875
high_noise_high_baseline_goldendoodle_10,2026-01-19 12:09:20,2026-01-19 12:09:25.858068,5.858068037211122
high_noise_high_baseline_goldendoodle_10,2026-01-19 07:22:32,2026-01-19 07:22:38.200976,6.200975720902978
high_noise_high_baseline_goldendoodle_10,2026-01-19 04:17:19,2026-01-19 04:17:24.410314,5.410314233975428
high_noise_high_baseline_goldendoodle_10,2026-01-19 01:05:32,2026-01-19 01:05:39.700961,7.700960626329687
high_noise_high_baseline_goldendoodle_10,2026-01-19 22:12:00,2026-01-19 22:12:06.813468,6.813468352518822
high_noise_high_baseline_goldendoodle_10,2026-01-19 06:02:00,2026-01-19 06:02:04.061978,4.061977577553329
high_noise_high_baseline_goldendoodle_10,2026-01-19 19:52:07,2026-01-19 19:52:12.832859,5.832859458336698
high_noise_high_baseline_goldendoodle_10,2026-01-19 17:49:08,2026-01-19 17:49:13.963161,5.963161050878993
high_noise_high_baseline_goldendoodle_10,2026-01-19 21:55:06,2026-01-19 21:55:10.564903,4.564903481245009
high_noise_high_baseline_goldendoodle_10,2026-01-19 07:15:42,2026-01-19 07:15:49.184185,7.18418491558438
high_noise_high_baseline_goldendoodle_10,2026-01-19 20:01:17,2026-01-19 20:01:22.883381,5.883381008398979
high_noise_high_baseline_goldendoodle_10,2026-01-19 17:18:29,2026-01-19 17:18:35.545077,6.545076716753599
high_noise_high_baseline_goldendoodle_10,2026-01-19 03:16:55,2026-01-19 03:17:02.754334,7.754333996619264
high_noise_high_baseline_goldendoodle_10,2026-01-19 08:28:26,2026-01-19 08:28:33.952617,7.952616581183916
high_noise_high_baseline_goldendoodle_10,2026-01-19 23:31:49,2026-01-19 23:31:55.944110,6.944110197899144
high_noise_high_baseline_goldendoodle_10,2026-01-19 09:42:42,2026-01-19 09:42:47.330372,5.330371524277249
high_noise_high_baseline_goldendoodle_10,2026-01-19 08:42:18,2026-01-19 08:42:23.060804,5.060804335257102
high_noise_high_baseline_goldendoodle_10,2026-01-19 20:35:26,2026-01-19 20:35:31.940571,5.940571001604762
high_noise_high_baseline_goldendoodle_10,2026-01-19 11:35:58,2026-01-19 11:36:01.085746,3.0857461697039614
high_noise_high_baseline_goldendoodle_10,2026-01-19 08:56:31,2026-01-19 08:56:34.456568,3.456567785666752
high_noise_high_baseline_goldendoodle_10,2026-01-19 13:49:17,2026-01-19 13:49:22.632515,5.63251450087138
high_noise_high_baseline_goldendoodle_10,2026-01-19 15:27:40,2026-01-19 15:27:42.206445,2.2064454957517157
high_noise_high_baseline_goldendoodle_10,2026-01-19 09:08:37,2026-01-19 09:08:40.084405,3.0844049959834186
high_noise_high_baseline_goldendoodle_10,2026-01-19 20:25:39,2026-01-19 20:25:44.712594,5.712593925909653
high_noise_high_baseline_goldendoodle_10,2026-01-19 14:45:59,2026-01-19 14:46:02.432475,3.432474903971749
high_noise_high_baseline_goldendoodle_10,2026-01-19 04:32:47,2026-01-19 04:32:51.529333,4.529333036407463
high_noise_high_baseline_goldendoodle_10,2026-01-19 01:53:47,2026-01-19 01:53:53.115259,6.115258928117752
high_noise_high_baseline_goldendoodle_10,2026-01-19 11:43:55,2026-01-19 11:43:57.503654,2.503653600672353
high_noise_high_baseline_goldendoodle_10,2026-01-19 00:36:49,2026-01-19 00:36:51.729548,2.7295475431456966
high_noise_high_baseline_goldendoodle_10,2026-01-19 20:42:52,2026-01-19 20:42:58.085689,6.085689426526513
high_noise_high_baseline_goldendoodle_10,2026-01-19 04:58:25,2026-01-19 04:58:31.233040,6.233039811838712
high_noise_high_baseline_goldendoodle_10,2026-01-19 07:51:08,2026-01-19 07:51:12.011506,4.011506438478591
high_noise_high_baseline_goldendoodle_10,2026-01-19 18:56:50,2026-01-19 18:56:53.076359,3.0763588794010204
high_noise_high_baseline_goldendoodle_10,2026-01-19 02:09:06,2026-01-19 02:09:13.737291,7.737290608685596
high_noise_high_baseline_goldendoodle_10,2026-01-19 14:40:44,2026-01-19 14:40:50.324524,6.324524426937584
high_noise_high_baseline_goldendoodle_10,2026-01-19 04:11:21,2026-01-19 04:11:23.970254,2.970253756132859
high_noise_high_baseline_goldendoodle_10,2026-01-19 21:50:43,2026-01-19 21:50:45.259107,2.259106967568652
high_noise_high_baseline_goldendoodle_10,2026-01-19 16:52:18,2026-01-19 16:52:23.812928,5.812927809712676
high_noise_high_baseline_goldendoodle_10,2026-01-19 10:49:48,2026-01-19 10:49:54.369394,6.36939393085371
high_noise_high_baseline_goldendoodle_10,2026-01-19 03:03:10,2026-01-19 03:03:17.677824,7.677824145217398
high_noise_high_baseline_goldendoodle_10,2026-01-19 18:10:40,2026-01-19 18:10:43.280289,3.2802885810290725
high_noise_high_baseline_goldendoodle_10,2026-01-19 06:29:42,2026-01-19 06:29:44.245530,2.2455299735953487
high_noise_high_baseline_goldendoodle_10,2026-01-19 16:32:22,2026-01-19 16:32:25.790845,3.7908449458644284
high_noise_high_baseline_goldendoodle_10,2026-01-19 02:04:32,2026-01-19 02:04:34.862140,2.8621399154834517
high_noise_high_baseline_goldendoodle_10,2026-01-19 14:59:04,2026-01-19 14:59:08.230842,4.230841714510271
high_noise_high_baseline_goldendoodle_10,2026-01-19 17:40:33,2026-01-19 17:40:38.859168,5.859168151149613
high_noise_high_baseline_goldendoodle_10,2026-01-19 18:39:56,2026-01-19 18:40:03.492965,7.492965243228268
high_noise_high_baseline_goldendoodle_10,2026-01-19 17:08:22,2026-01-19 17:08:27.382235,5.382234766305332
high_noise_high_baseline_goldendoodle_10,2026-01-19 19:37:28,2026-01-19 19:37:30.055016,2.05501613127357
high_noise_high_baseline_goldendoodle_10,2026-01-19 20:49:19,2026-01-19 20:49:21.795205,2.795205434887712
high_noise_high_baseline_goldendoodle_10,2026-01-19 06:45:42,2026-01-19 06:45:49.307074,7.307074402466254
high_noise_high_baseline_goldendoodle_10,2026-01-19 10:25:44,2026-01-19 10:25:49.348470,5.348469760329804
high_noise_high_baseline_goldendoodle_10,2026-01-19 06:31:14,2026-01-19 06:31:21.609047,7.609047246445817
high_noise_high_baseline_goldendoodle_10,2026-01-19 04:47:20,2026-01-19 04:47:24.713765,4.713764823367892
high_noise_high_baseline_goldendoodle_10,2026-01-19 17:45:44,2026-01-19 17:45:47.513387,3.513387407584335
high_noise_high_baseline_goldendoodle_10,2026-01-19 08:57:26,2026-01-19 08:57:29.840195,3.840195320051028
high_noise_high_baseline_goldendoodle_10,2026-01-19 07:14:18,2026-01-19 07:14:25.752037,7.75203746378182
high_noise_high_baseline_goldendoodle_10,2026-01-19 15:49:56,2026-01-19 15:49:58.797888,2.797888242911686
high_noise_high_baseline_goldendoodle_10,2026-01-19 17:47:53,2026-01-19 17:47:59.938632,6.938631922582039
high_noise_high_baseline_goldendoodle_10,2026-01-19 08:36:26,2026-01-19 08:36:33.492956,7.492956028575443
high_noise_high_baseline_goldendoodle_10,2026-01-19 21:33:45,2026-01-19 21:33:52.004648,7.0046480862083955
high_noise_high_baseline_goldendoodle_10,2026-01-19 17:44:28,2026-01-19 17:44:34.395985,6.395984967874515
high_noise_high_baseline_goldendoodle_10,2026-01-19 04:58:51,2026-01-19 04:58:56.804066,5.804065533147266
high_noise_high_baseline_goldendoodle_10,2026-01-19 11:26:47,2026-01-19 11:26:52.704352,5.704351634510984
high_noise_high_baseline_goldendoodle_10,2026-01-19 16:14:12,2026-01-19 16:14:18.030576,6.030576017395545
high_noise_high_baseline_goldendoodle_10,2026-01-19 19:12:11,2026-01-19 19:12:17.677332,6.677331554305751
high_noise_high_baseline_goldendoodle_10,2026-01-19 20:44:04,2026-01-19 20:44:08.129532,4.129531825685676
high_noise_high_baseline_goldendoodle_10,2026-01-19 12:55:07,2026-01-19 12:55:13.202145,6.2021448387348865
high_noise_high_baseline_goldendoodle_10,2026-01-19 10:54:52,2026-01-19 10:54:59.052061,7.0520611405621825
high_noise_high_baseline_goldendoodle_10,2026-01-19 10:38:22,2026-01-19 10:38:29.419177,7.419177117316632
high_noise_high_baseline_goldendoodle_10,2026-01-19 14:41:21,2026-01-19 14:41:28.000214,7.000213737040229
high_noise_high_baseline_goldendoodle_10,2026-01-19 08:23:14,2026-01-19 08:23:17.495179,3.4951791031872554
high_noise_high_baseline_goldendoodle_10,2026-01-19 19:05:07,2026-01-19 19:05:14.647260,7.64725952593694
high_noise_high_baseline_goldendoodle_10,2026-01-19 07:51:41,2026-01-19 07:51:47.484976,6.484976113277502
high_noise_high_baseline_goldendoodle_10,2026-01-19 12:51:19,2026-01-19 12:51:23.449433,4.44943313716595
high_noise_high_baseline_goldendoodle_10,2026-01-19 17:18:53,2026-01-19 17:18:56.466076,3.4660759564231034
high_noise_high_baseline_goldendoodle_10,2026-01-19 21:06:22,2026-01-19 21:06:29.881198,7.8811975390864175
high_noise_high_baseline_goldendoodle_10,2026-01-19 10:32:14,2026-01-19 10:32:20.750981,6.750981377095513
high_noise_high_baseline_goldendoodle_10,2026-01-19 17:02:52,2026-01-19 17:02:54.145168,2.14516822394494
high_noise_high_baseline_goldendoodle_10,2026-01-19 11:45:58,2026-01-19 11:46:03.869349,5.86934873118844
high_noise_high_baseline_goldendoodle_10,2026-01-19 11:42:06,2026-01-19 11:42:12.255187,6.255187252631774
high_noise_high_baseline_goldendoodle_10,2026-01-19 09:52:45,2026-01-19 09:52:50.819279,5.819278876372676
high_noise_high_baseline_goldendoodle_10,2026-01-20 21:46:38,2026-01-20 21:46:45.625005,7.625005336018261
high_noise_high_baseline_goldendoodle_10,2026-01-20 12:19:39,2026-01-20 12:19:43.305493,4.305493238018858
high_noise_high_baseline_goldendoodle_10,2026-01-20 14:37:41,2026-01-20 14:37:48.942325,7.942325093378251
high_noise_high_baseline_goldendoodle_10,2026-01-20 18:53:37,2026-01-20 18:53:40.532233,3.532232931073563
high_noise_high_baseline_goldendoodle_10,2026-01-20 19:17:23,2026-01-20 19:17:25.376519,2.3765185088876555
high_noise_high_baseline_goldendoodle_10,2026-01-21 20:53:23,2026-01-21 20:53:25.340357,2.340357030319434
high_noise_high_baseline_goldendoodle_10,2026-01-21 17:59:48,2026-01-21 17:59:52.493547,4.49354691322244
high_noise_high_baseline_goldendoodle_10,2026-01-21 14:31:37,2026-01-21 14:31:44.197299,7.197299407201666
high_noise_high_baseline_goldendoodle_10,2026-01-21 13:38:06,2026-01-21 13:38:12.946338,6.946338211388111
high_noise_high_baseline_goldendoodle_10,2026-01-21 06:37:55,2026-01-21 06:37:59.920341,4.920340553205097
high_noise_high_baseline_goldendoodle_10,2026-01-21 06:07:36,2026-01-21 06:07:38.313002,2.3130019764889838
high_noise_high_baseline_goldendoodle_10,2026-01-21 02:19:04,2026-01-21 02:19:10.809063,6.809063353935589
high_noise_high_baseline_goldendoodle_10,2026-01-21 13:38:54,2026-01-21 13:39:00.525437,6.525436820798319
high_noise_high_baseline_goldendoodle_10,2026-01-21 06:57:07,2026-01-21 06:57:10.505389,3.505389350232824
high_noise_high_baseline_goldendoodle_10,2026-01-21 21:08:44,2026-01-21 21:08:47.602888,3.6028878767718147
high_noise_high_baseline_goldendoodle_10,2026-01-21 19:09:46,2026-01-21 19:09:53.839787,7.83978727227878
high_noise_high_baseline_goldendoodle_10,2026-01-21 08:12:34,2026-01-21 08:12:36.297378,2.2973783066382243
high_noise_high_baseline_goldendoodle_10,2026-01-21 12:49:41,2026-01-21 12:49:45.115378,4.115378201530175
high_noise_high_baseline_goldendoodle_10,2026-01-21 12:26:50,2026-01-21 12:26:55.026711,5.0267107984300825
high_noise_high_baseline_goldendoodle_10,2026-01-21 17:06:00,2026-01-21 17:06:03.041916,3.0419155843473416
high_noise_high_baseline_goldendoodle_10,2026-01-21 09:14:26,2026-01-21 09:14:29.483176,3.483176212712001
high_noise_high_baseline_goldendoodle_10,2026-01-21 18:44:53,2026-01-21 18:44:59.138719,6.138719308240596
high_noise_high_baseline_goldendoodle_10,2026-01-21 14:59:31,2026-01-21 14:59:34.951361,3.951361421542053
high_noise_high_baseline_goldendoodle_10,2026-01-21 03:55:17,2026-01-21 03:55:22.687652,5.68765193477162
high_noise_high_baseline_goldendoodle_10,2026-01-21 08:21:18,2026-01-21 08:21:25.528838,7.528838020302743
high_noise_high_baseline_goldendoodle_10,2026-01-21 19:51:50,2026-01-21 19:51:57.598497,7.598496982646916
high_noise_high_baseline_goldendoodle_10,2026-01-21 07:54:52,2026-01-21 07:54:54.546801,2.546801172860238
high_noise_high_baseline_goldendoodle_10,2026-01-21 21:31:25,2026-01-21 21:31:29.138948,4.138948026506949
high_noise_high_baseline_goldendoodle_10,2026-01-21 15:52:13,2026-01-21 15:52:16.099700,3.099699796651625
high_noise_high_baseline_goldendoodle_10,2026-01-21 12:59:39,2026-01-21 12:59:43.166894,4.166894499153929
high_noise_high_baseline_goldendoodle_10,2026-01-21 21:47:11,2026-01-21 21:47:13.292368,2.292368004778914
high_noise_high_baseline_goldendoodle_10,2026-01-21 20:31:15,2026-01-21 20:31:20.333734,5.333733905847554
high_noise_high_baseline_goldendoodle_10,2026-01-21 22:00:47,2026-01-21 22:00:51.434337,4.434336667770056
high_noise_high_baseline_goldendoodle_10,2026-01-21 17:04:41,2026-01-21 17:04:43.598040,2.5980398920029835
high_noise_high_baseline_goldendoodle_10,2026-01-21 15:25:40,2026-01-21 15:25:43.725344,3.7253442408459128
high_noise_high_baseline_goldendoodle_10,2026-01-21 11:45:11,2026-01-21 11:45:14.153592,3.153591527780082
high_noise_high_baseline_goldendoodle_10,2026-01-21 14:22:06,2026-01-21 14:22:12.646184,6.646184192771963
high_noise_high_baseline_goldendoodle_10,2026-01-21 23:17:28,2026-01-21 23:17:35.695671,7.695670969135233
high_noise_high_baseline_goldendoodle_10,2026-01-21 20:21:59,2026-01-21 20:22:02.254550,3.254550385380469
high_noise_high_baseline_goldendoodle_10,2026-01-21 16:46:46,2026-01-21 16:46:50.840377,4.840376731798146
high_noise_high_baseline_goldendoodle_10,2026-01-21 11:44:01,2026-01-21 11:44:07.396707,6.396706919352416
high_noise_high_baseline_goldendoodle_10,2026-01-21 15:49:21,2026-01-21 15:49:23.613635,2.6136348323899075
high_noise_high_baseline_goldendoodle_10,2026-01-21 07:06:40,2026-01-21 07:06:47.440847,7.440847405774791
high_noise_high_baseline_goldendoodle_10,2026-01-21 15:23:33,2026-01-21 15:23:36.576083,3.5760830806047945
high_noise_high_baseline_goldendoodle_10,2026-01-21 14:30:32,2026-01-21 14:30:37.140318,5.140317657117403
high_noise_high_baseline_goldendoodle_10,2026-01-21 01:44:14,2026-01-21 01:44:21.224821,7.224820924575247
high_noise_high_baseline_goldendoodle_10,2026-01-21 01:21:04,2026-01-21 01:21:10.275489,6.275489274053992
high_noise_high_baseline_goldendoodle_10,2026-01-21 15:05:09,2026-01-21 15:05:16.354327,7.3543274587216825
high_noise_high_baseline_goldendoodle_10,2026-01-21 15:37:20,2026-01-21 15:37:26.411520,6.411520302765476
high_noise_high_baseline_goldendoodle_10,2026-01-21 11:30:47,2026-01-21 11:30:52.421806,5.4218062526763875
high_noise_high_baseline_goldendoodle_10,2026-01-21 08:17:33,2026-01-21 08:17:39.569778,6.569778215256658
high_noise_high_baseline_goldendoodle_10,2026-01-21 21:50:23,2026-01-21 21:50:30.918006,7.918006046590789
high_noise_high_baseline_goldendoodle_10,2026-01-21 22:52:04,2026-01-21 22:52:07.837442,3.8374424600625003
high_noise_high_baseline_goldendoodle_10,2026-01-21 18:59:46,2026-01-21 18:59:52.886191,6.886191498185276
high_noise_high_baseline_goldendoodle_10,2026-01-21 16:23:40,2026-01-21 16:23:44.615827,4.615826944714757
high_noise_high_baseline_goldendoodle_10,2026-01-21 03:27:16,2026-01-21 03:27:18.701941,2.70194080500327
high_noise_high_baseline_goldendoodle_10,2026-01-21 06:30:08,2026-01-21 06:30:11.057304,3.057303953204894
high_noise_high_baseline_goldendoodle_10,2026-01-21 03:08:43,2026-01-21 03:08:45.580047,2.580047495111055
high_noise_high_baseline_goldendoodle_10,2026-01-21 15:44:28,2026-01-21 15:44:33.128393,5.128393189984271
high_noise_high_baseline_goldendoodle_10,2026-01-21 03:41:58,2026-01-21 03:42:01.991997,3.991996808419919
high_noise_high_baseline_goldendoodle_10,2026-01-21 09:04:57,2026-01-21 09:05:03.192365,6.192364799291966
high_noise_high_baseline_goldendoodle_10,2026-01-21 09:04:18,2026-01-21 09:04:21.001765,3.001764772778182
high_noise_high_baseline_goldendoodle_10,2026-01-21 11:24:41,2026-01-21 11:24:44.072712,3.072712336507208
high_noise_high_baseline_goldendoodle_10,2026-01-21 14:02:42,2026-01-21 14:02:46.060842,4.060841692990719
high_noise_high_baseline_goldendoodle_10,2026-01-21 19:03:17,2026-01-21 19:03:19.965850,2.965850415058118
high_noise_high_baseline_goldendoodle_10,2026-01-21 18:09:41,2026-01-21 18:09:47.007091,6.00709145062684
high_noise_high_baseline_goldendoodle_10,2026-01-21 13:27:14,2026-01-21 13:27:18.902558,4.902557976078606
high_noise_high_baseline_goldendoodle_10,2026-01-21 19:59:10,2026-01-21 19:59:12.687175,2.6871753868912007
high_noise_high_baseline_goldendoodle_10,2026-01-21 13:20:57,2026-01-21 13:21:00.700460,3.700460342998203
high_noise_high_baseline_goldendoodle_10,2026-01-21 07:35:02,2026-01-21 07:35:05.277497,3.277496725306917
high_noise_high_baseline_goldendoodle_10,2026-01-21 10:18:53,2026-01-21 10:18:57.736052,4.736052274551538
high_noise_high_baseline_goldendoodle_10,2026-01-22 14:09:54,2026-01-22 14:09:59.269609,5.269608979876473
high_noise_high_baseline_goldendoodle_10,2026-01-22 12:53:10,2026-01-22 12:53:16.176827,6.17682714867513
high_noise_high_baseline_goldendoodle_10,2026-01-22 10:07:01,2026-01-22 10:07:06.842945,5.842944536206083
high_noise_high_baseline_goldendoodle_10,2026-01-23 11:07:23,2026-01-23 11:07:25.064100,2.06410007089638
high_noise_high_baseline_goldendoodle_10,2026-01-23 18:42:48,2026-01-23 18:42:50.845373,2.8453732865909513
high_noise_high_baseline_goldendoodle_10,2026-01-23 20:04:30,2026-01-23 20:04:33.916610,3.916609896826537
high_noise_high_baseline_goldendoodle_10,2026-01-23 03:20:57,2026-01-23 03:21:02.240041,5.240041007470733
high_noise_high_baseline_goldendoodle_10,2026-01-23 00:26:29,2026-01-23 00:26:33.410960,4.410960128282341
high_noise_high_baseline_goldendoodle_10,2026-01-23 09:01:40,2026-01-23 09:01:46.652666,6.652665811247205
high_noise_high_baseline_goldendoodle_10,2026-01-23 11:32:53,2026-01-23 11:32:56.949575,3.9495754575211715
high_noise_high_baseline_goldendoodle_10,2026-01-23 06:08:22,2026-01-23 06:08:28.551019,6.55101889863977
high_noise_high_baseline_goldendoodle_10,2026-01-23 21:00:19,2026-01-23 21:00:25.060335,6.060334971418427
high_noise_high_baseline_goldendoodle_10,2026-01-23 09:07:06,2026-01-23 09:07:12.793020,6.793020483886517
high_noise_high_baseline_goldendoodle_10,2026-01-23 10:29:49,2026-01-23 10:29:54.647238,5.647238193672539
high_noise_high_baseline_goldendoodle_10,2026-01-23 04:13:51,2026-01-23 04:13:57.027528,6.027528280173238
high_noise_high_baseline_goldendoodle_10,2026-01-23 22:12:22,2026-01-23 22:12:28.006855,6.006855254531371
high_noise_high_baseline_goldendoodle_10,2026-01-23 23:44:08,2026-01-23 23:44:14.679638,6.679638015075934
high_noise_high_baseline_goldendoodle_10,2026-01-23 00:34:29,2026-01-23 00:34:31.898165,2.8981648760369074
high_noise_high_baseline_goldendoodle_10,2026-01-23 14:22:23,2026-01-23 14:22:29.727562,6.727562000726871
high_noise_high_baseline_goldendoodle_10,2026-01-23 14:28:29,2026-01-23 14:28:32.988606,3.9886064554965284
high_noise_high_baseline_goldendoodle_10,2026-01-23 01:10:32,2026-01-23 01:10:36.670970,4.670969929145768
high_noise_high_baseline_goldendoodle_10,2026-01-23 09:19:25,2026-01-23 09:19:29.477184,4.4771835829993
high_noise_high_baseline_goldendoodle_10,2026-01-23 15:55:10,2026-01-23 15:55:14.450233,4.450232578318625
high_noise_high_baseline_goldendoodle_10,2026-01-23 21:33:53,2026-01-23 21:33:55.183331,2.1833312543040524
high_noise_high_baseline_goldendoodle_10,2026-01-23 18:15:48,2026-01-23 18:15:54.497644,6.497643879046588
high_noise_high_baseline_goldendoodle_10,2026-01-24 19:18:42,2026-01-24 19:18:44.513605,2.5136046255976723
high_noise_high_baseline_goldendoodle_10,2026-01-24 12:49:20,2026-01-24 12:49:22.299843,2.299843271186365
high_noise_high_baseline_goldendoodle_10,2026-01-24 14:18:28,2026-01-24 14:18:33.342308,5.342307802558355
high_noise_high_baseline_goldendoodle_10,2026-01-24 08:47:59,2026-01-24 08:48:04.767806,5.767805625340806
high_noise_high_baseline_goldendoodle_10,2026-01-24 13:13:36,2026-01-24 13:13:42.191558,6.191558147999065
high_noise_high_baseline_goldendoodle_10,2026-01-24 02:39:51,2026-01-24 02:39:58.995649,7.9956489592081
high_noise_high_baseline_goldendoodle_10,2026-01-24 11:19:16,2026-01-24 11:19:19.576270,3.5762698185833486
high_noise_high_baseline_goldendoodle_10,2026-01-24 23:23:38,2026-01-24 23:23:43.108710,5.108710050393905
high_noise_high_baseline_goldendoodle_10,2026-01-24 19:44:40,2026-01-24 19:44:46.787954,6.787954484800268
high_noise_high_baseline_goldendoodle_10,2026-01-24 17:09:13,2026-01-24 17:09:16.114859,3.1148591842548528
high_noise_high_baseline_goldendoodle_10,2026-01-24 07:36:29,2026-01-24 07:36:34.943948,5.943947617228688
high_noise_high_baseline_goldendoodle_10,2026-01-24 21:56:36,2026-01-24 21:56:40.270637,4.270637312754328
high_noise_high_baseline_goldendoodle_10,2026-01-25 18:34:36,2026-01-25 18:34:40.921309,4.9213092714187425
high_noise_high_baseline_goldendoodle_10,2026-01-25 09:12:16,2026-01-25 09:12:18.626466,2.6264659156347574
high_noise_high_baseline_goldendoodle_10,2026-01-25 18:03:59,2026-01-25 18:04:02.735204,3.7352042538713106
high_noise_high_baseline_goldendoodle_10,2026-01-25 14:56:43,2026-01-25 14:56:49.833494,6.8334942792088
high_noise_high_baseline_goldendoodle_10,2026-01-25 06:15:09,2026-01-25 06:15:16.265307,7.265307285324323
high_noise_high_baseline_goldendoodle_10,2026-01-25 08:29:13,2026-01-25 08:29:17.127694,4.1276938343870055
high_noise_high_baseline_goldendoodle_10,2026-01-25 20:54:01,2026-01-25 20:54:07.358559,6.3585591879994485
high_noise_high_baseline_goldendoodle_10,2026-01-26 17:37:28,2026-01-26 17:37:35.838452,7.83845216155934
high_noise_high_baseline_goldendoodle_10,2026-01-26 16:33:37,2026-01-26 16:33:41.210673,4.210672817642601
high_noise_high_baseline_goldendoodle_10,2026-01-26 18:51:57,2026-01-26 18:52:03.372167,6.372166661268274
high_noise_high_baseline_goldendoodle_10,2026-01-26 21:14:58,2026-01-26 21:15:04.629049,6.629049406580833
high_noise_high_baseline_goldendoodle_10,2026-01-26 19:41:32,2026-01-26 19:41:35.182057,3.182057122622914
high_noise_high_baseline_goldendoodle_10,2026-01-26 13:09:27,2026-01-26 13:09:33.418375,6.418374558560559
high_noise_high_baseline_goldendoodle_10,2026-01-26 01:05:17,2026-01-26 01:05:24.133266,7.133266301524378
high_noise_high_baseline_goldendoodle_10,2026-01-26 14:45:06,2026-01-26 14:45:10.747812,4.74781210913494
high_noise_high_baseline_goldendoodle_10,2026-01-26 02:36:34,2026-01-26 02:36:39.894956,5.894955606553202
high_noise_high_baseline_goldendoodle_10,2026-01-26 08:06:51,2026-01-26 08:06:54.502177,3.5021767884623234
high_noise_high_baseline_goldendoodle_10,2026-01-26 11:39:10,2026-01-26 11:39:16.254724,6.254723725149651
high_noise_high_baseline_goldendoodle_10,2026-01-26 12:34:18,2026-01-26 12:34:24.538661,6.538660979394001
high_noise_high_baseline_goldendoodle_10,2026-01-26 08:24:30,2026-01-26 08:24:36.166662,6.166662080916852
high_noise_high_baseline_goldendoodle_10,2026-01-26 17:26:16,2026-01-26 17:26:20.046198,4.046198156069398
high_noise_high_baseline_goldendoodle_10,2026-01-26 15:30:50,2026-01-26 15:30:55.322180,5.322179876010823
high_noise_high_baseline_goldendoodle_10,2026-01-26 08:26:54,2026-01-26 08:26:58.296344,4.296343726121298
high_noise_high_baseline_goldendoodle_10,2026-01-26 21:17:46,2026-01-26 21:17:48.819288,2.8192878260631864
high_noise_high_baseline_goldendoodle_10,2026-01-26 22:37:44,2026-01-26 22:37:51.497447,7.49744689655839
high_noise_high_baseline_goldendoodle_10,2026-01-26 23:34:41,2026-01-26 23:34:43.244319,2.244319021783446
high_noise_high_baseline_goldendoodle_10,2026-01-26 15:17:46,2026-01-26 15:17:52.032137,6.032137339296561
high_noise_high_baseline_goldendoodle_10,2026-01-26 16:56:07,2026-01-26 16:56:11.171357,4.171356637763563
high_noise_high_baseline_goldendoodle_10,2026-01-26 10:56:51,2026-01-26 10:56:57.900243,6.900243497056055
high_noise_high_baseline_goldendoodle_10,2026-01-26 15:09:51,2026-01-26 15:09:57.719784,6.719783568605958
high_noise_high_baseline_goldendoodle_10,2026-01-26 07:04:03,2026-01-26 07:04:08.097557,5.097556950609283
high_noise_high_baseline_goldendoodle_10,2026-01-26 13:38:01,2026-01-26 13:38:03.689491,2.689491301040861
high_noise_high_baseline_goldendoodle_10,2026-01-26 21:39:42,2026-01-26 21:39:47.082860,5.082859803656161
high_noise_high_baseline_goldendoodle_10,2026-01-26 04:49:46,2026-01-26 04:49:49.720416,3.7204161169648358
high_noise_high_baseline_goldendoodle_10,2026-01-26 17:04:59,2026-01-26 17:05:01.712822,2.71282194430297
high_noise_high_baseline_goldendoodle_10,2026-01-26 08:42:08,2026-01-26 08:42:15.306437,7.306437155549671
high_noise_high_baseline_goldendoodle_10,2026-01-26 06:53:07,2026-01-26 06:53:12.082126,5.082126300700758
high_noise_high_baseline_goldendoodle_10,2026-01-26 15:15:28,2026-01-26 15:15:32.908728,4.908727945998183
high_noise_high_baseline_goldendoodle_10,2026-01-26 20:09:18,2026-01-26 20:09:21.029731,3.0297312847351456
high_noise_high_baseline_goldendoodle_10,2026-01-26 08:13:09,2026-01-26 08:13:16.277873,7.277872882100677
high_noise_high_baseline_goldendoodle_10,2026-01-26 09:13:34,2026-01-26 09:13:38.474713,4.47471277805188
high_noise_high_baseline_goldendoodle_10,2026-01-26 15:41:26,2026-01-26 15:41:28.363373,2.3633731869108683
high_noise_high_baseline_goldendoodle_10,2026-01-26 17:10:59,2026-01-26 17:11:02.293542,3.293542276059595
high_noise_high_baseline_goldendoodle_10,2026-01-26 20:39:31,2026-01-26 20:39:34.167276,3.167276291031754
high_noise_high_baseline_goldendoodle_10,2026-01-26 01:59:17,2026-01-26 01:59:24.849269,7.849269064496667
high_noise_high_baseline_goldendoodle_10,2026-01-26 20:02:15,2026-01-26 20:02:18.004963,3.0049634746215195
high_noise_high_baseline_goldendoodle_10,2026-01-27 22:13:54,2026-01-27 22:14:00.514104,6.51410390545751
high_noise_high_baseline_goldendoodle_10,2026-01-27 16:04:31,2026-01-27 16:04:38.536318,7.536317939481411
high_noise_high_baseline_goldendoodle_10,2026-01-27 06:56:55,2026-01-27 06:56:59.954099,4.954098709012065
high_noise_high_baseline_goldendoodle_10,2026-01-27 12:47:47,2026-01-27 12:47:53.479945,6.479944541398454
high_noise_high_baseline_goldendoodle_10,2026-01-27 06:34:12,2026-01-27 06:34:18.861911,6.861910746964642
high_noise_high_baseline_goldendoodle_10,2026-01-27 18:19:56,2026-01-27 18:20:01.001163,5.001163492330092
high_noise_high_baseline_goldendoodle_10,2026-01-27 15:08:33,2026-01-27 15:08:37.895323,4.8953227185446515
high_noise_high_baseline_goldendoodle_10,2026-01-27 08:52:46,2026-01-27 08:52:48.837746,2.8377457704330844
high_noise_high_baseline_goldendoodle_10,2026-01-27 08:58:34,2026-01-27 08:58:36.520557,2.5205567326770346
high_noise_high_baseline_goldendoodle_10,2026-01-27 11:02:16,2026-01-27 11:02:20.981896,4.981895816200121
high_noise_high_baseline_goldendoodle_10,2026-01-27 17:11:59,2026-01-27 17:12:04.087928,5.087927881106616
high_noise_high_baseline_goldendoodle_10,2026-01-27 15:33:47,2026-01-27 15:33:52.365306,5.365306167247844
high_noise_high_baseline_goldendoodle_10,2026-01-27 20:45:55,2026-01-27 20:46:01.610862,6.610861828712723
high_noise_high_baseline_goldendoodle_10,2026-01-27 19:09:22,2026-01-27 19:09:28.959936,6.959935678433469
high_noise_high_baseline_goldendoodle_10,2026-01-27 18:31:26,2026-01-27 18:31:30.139649,4.139648825615224
high_noise_high_baseline_goldendoodle_10,2026-01-27 15:38:50,2026-01-27 15:38:57.332202,7.332202079658208
high_noise_high_baseline_goldendoodle_10,2026-01-27 13:24:34,2026-01-27 13:24:36.020964,2.0209637688260136
high_noise_high_baseline_goldendoodle_10,2026-01-27 11:09:25,2026-01-27 11:09:27.847285,2.8472851087679905
high_noise_high_baseline_goldendoodle_10,2026-01-27 10:40:23,2026-01-27 10:40:28.683229,5.683229377400238
high_noise_high_baseline_goldendoodle_10,2026-01-27 16:22:13,2026-01-27 16:22:18.397200,5.397199589633452
high_noise_high_baseline_goldendoodle_10,2026-01-27 21:50:59,2026-01-27 21:51:01.848521,2.848520742410826
high_noise_high_baseline_goldendoodle_10,2026-01-27 13:22:42,2026-01-27 13:22:49.693170,7.693169998304245
high_noise_high_baseline_goldendoodle_10,2026-01-27 08:38:04,2026-01-27 08:38:08.068447,4.068447492751894
high_noise_high_baseline_goldendoodle_10,2026-01-27 10:59:06,2026-01-27 10:59:12.976486,6.976485655936761
high_noise_high_baseline_goldendoodle_10,2026-01-27 01:48:43,2026-01-27 01:48:45.557965,2.5579650983901643
high_noise_high_baseline_goldendoodle_10,2026-01-27 06:28:01,2026-01-27 06:28:08.203321,7.203320979997314
high_noise_high_baseline_goldendoodle_10,2026-01-27 15:50:58,2026-01-27 15:51:01.530262,3.5302616696901143
high_noise_high_baseline_goldendoodle_10,2026-01-27 17:41:27,2026-01-27 17:41:29.819775,2.8197752428220313
high_noise_high_baseline_goldendoodle_10,2026-01-27 17:43:12,2026-01-27 17:43:14.684592,2.6845915896194725
high_noise_high_baseline_goldendoodle_10,2026-01-27 14:04:59,2026-01-27 14:05:04.477601,5.477600551450272
high_noise_high_baseline_goldendoodle_10,2026-01-27 09:14:03,2026-01-27 09:14:06.600319,3.6003187002061674
high_noise_high_baseline_goldendoodle_10,2026-01-27 20:38:56,2026-01-27 20:39:01.454772,5.454771974858394
high_noise_high_baseline_goldendoodle_10,2026-01-27 08:13:53,2026-01-27 08:13:56.780318,3.780317577433154
high_noise_high_baseline_goldendoodle_10,2026-01-27 02:53:30,2026-01-27 02:53:37.128468,7.128467532064815
high_noise_high_baseline_goldendoodle_10,2026-01-27 11:55:00,2026-01-27 11:55:05.693459,5.693459180751487
high_noise_high_baseline_goldendoodle_10,2026-01-27 23:36:40,2026-01-27 23:36:43.832977,3.8329771876281984
high_noise_high_baseline_goldendoodle_10,2026-01-27 19:12:44,2026-01-27 19:12:48.951467,4.9514673159085385
high_noise_high_baseline_goldendoodle_10,2026-01-28 17:59:06,2026-01-28 17:59:10.294570,4.294570495491889
high_noise_high_baseline_goldendoodle_10,2026-01-28 01:06:19,2026-01-28 01:06:22.113504,3.1135039433035274
high_noise_high_baseline_goldendoodle_10,2026-01-28 19:01:02,2026-01-28 19:01:06.819140,4.819140021911134
high_noise_high_baseline_goldendoodle_10,2026-01-28 12:18:21,2026-01-28 12:18:25.373769,4.373768997505031
high_noise_high_baseline_goldendoodle_10,2026-01-28 15:52:53,2026-01-28 15:52:59.857286,6.857285722434448
high_noise_high_baseline_goldendoodle_10,2026-01-28 18:02:55,2026-01-28 18:03:02.724734,7.724734021310924
high_noise_high_baseline_goldendoodle_10,2026-01-28 18:48:26,2026-01-28 18:48:30.308940,4.3089398569699995
high_noise_high_baseline_goldendoodle_10,2026-01-28 06:11:45,2026-01-28 06:11:51.948158,6.948158194359812
high_noise_high_baseline_goldendoodle_10,2026-01-28 11:07:39,2026-01-28 11:07:44.677170,5.677170068374853
high_noise_high_baseline_goldendoodle_10,2026-01-28 13:16:41,2026-01-28 13:16:47.348197,6.348196631395217
high_noise_high_baseline_goldendoodle_10,2026-01-28 00:29:50,2026-01-28 00:29:57.572791,7.57279059787885
high_noise_high_baseline_goldendoodle_10,2026-01-28 08:21:17,2026-01-28 08:21:19.388370,2.3883695798766285
high_noise_high_baseline_goldendoodle_10,2026-01-28 07:10:50,2026-01-28 07:10:56.799333,6.799332730778087
high_noise_high_baseline_goldendoodle_10,2026-01-28 04:50:44,2026-01-28 04:50:47.139407,3.1394071131153947
high_noise_high_baseline_goldendoodle_10,2026-01-28 16:40:59,2026-01-28 16:41:01.913792,2.913791925106862
high_noise_high_baseline_goldendoodle_10,2026-01-28 21:40:34,2026-01-28 21:40:38.692219,4.692218554706653
high_noise_high_baseline_goldendoodle_10,2026-01-28 08:30:28,2026-01-28 08:30:30.417131,2.4171307620182922
high_noise_high_baseline_goldendoodle_10,2026-01-28 07:52:46,2026-01-28 07:52:51.085776,5.08577635288787
high_noise_high_baseline_goldendoodle_10,2026-01-28 20:17:51,2026-01-28 20:17:54.455480,3.4554796270520636
high_noise_high_baseline_goldendoodle_10,2026-01-28 11:10:44,2026-01-28 11:10:49.197134,5.197133764044356
high_noise_high_baseline_goldendoodle_10,2026-01-28 15:38:26,2026-01-28 15:38:28.044808,2.04480825527385
high_noise_high_baseline_goldendoodle_10,2026-01-28 17:13:10,2026-01-28 17:13:15.716332,5.71633157760688
high_noise_high_baseline_goldendoodle_10,2026-01-28 14:12:01,2026-01-28 14:12:08.168313,7.168313498375769
high_noise_high_baseline_goldendoodle_10,2026-01-28 12:19:25,2026-01-28 12:19:28.862776,3.862775621084163
high_noise_high_baseline_goldendoodle_10,2026-01-28 15:32:19,2026-01-28 15:32:23.499418,4.499418447667447
high_noise_high_baseline_goldendoodle_10,2026-01-28 22:15:58,2026-01-28 22:16:00.357791,2.357791174910981
high_noise_high_baseline_goldendoodle_10,2026-01-28 14:37:35,2026-01-28 14:37:37.374803,2.374802509036237
high_noise_high_baseline_goldendoodle_10,2026-01-28 20:29:30,2026-01-28 20:29:37.817960,7.817959834471438
high_noise_high_baseline_goldendoodle_10,2026-01-28 23:10:44,2026-01-28 23:10:50.505099,6.505098848141335
high_noise_high_baseline_goldendoodle_10,2026-01-28 21:30:37,2026-01-28 21:30:40.467884,3.4678843319523156
high_noise_high_baseline_goldendoodle_10,2026-01-28 10:43:14,2026-01-28 10:43:16.306873,2.306872905590951
high_noise_high_baseline_goldendoodle_10,2026-01-28 12:37:03,2026-01-28 12:37:09.990945,6.990945166217409
high_noise_high_baseline_goldendoodle_10,2026-01-28 12:11:37,2026-01-28 12:11:43.815088,6.8150877619123165
high_noise_high_baseline_goldendoodle_10,2026-01-28 05:55:11,2026-01-28 05:55:14.890754,3.8907541806784502
high_noise_high_baseline_goldendoodle_10,2026-01-28 19:40:46,2026-01-28 19:40:51.440122,5.440121839348835
high_noise_high_baseline_goldendoodle_10,2026-01-28 15:59:55,2026-01-28 16:00:01.519811,6.519811176878337
high_noise_high_baseline_goldendoodle_10,2026-01-28 17:28:54,2026-01-28 17:29:00.670937,6.670936995302208
high_noise_high_baseline_goldendoodle_10,2026-01-28 19:37:41,2026-01-28 19:37:45.965558,4.965557960971157
high_noise_high_baseline_goldendoodle_10,2026-01-28 16:14:31,2026-01-28 16:14:36.043575,5.0435747317463155
high_noise_high_baseline_goldendoodle_10,2026-01-28 12:17:19,2026-01-28 12:17:22.475816,3.4758157662833815
high_noise_high_baseline_goldendoodle_10,2026-01-28 20:08:55,2026-01-28 20:09:01.974532,6.974531974083443
high_noise_high_baseline_goldendoodle_10,2026-01-28 10:24:27,2026-01-28 10:24:31.866567,4.866567333488055
high_noise_high_baseline_goldendoodle_10,2026-01-28 10:17:43,2026-01-28 10:17:45.209625,2.209625213370905
high_noise_high_baseline_goldendoodle_10,2026-01-28 07:22:18,2026-01-28 07:22:25.726486,7.726485926735031
high_noise_high_baseline_goldendoodle_10,2026-01-28 14:20:14,2026-01-28 14:20:21.300001,7.300000657314272
high_noise_high_baseline_goldendoodle_10,2026-01-28 05:57:40,2026-01-28 05:57:46.268013,6.268012540229671
high_noise_high_baseline_goldendoodle_10,2026-01-28 09:39:55,2026-01-28 09:40:01.310511,6.31051075419342
high_noise_high_baseline_goldendoodle_10,2026-01-28 21:48:54,2026-01-28 21:48:57.487007,3.4870072325817083
high_noise_high_baseline_goldendoodle_10,2026-01-29 21:21:52,2026-01-29 21:21:58.832564,6.83256381109628
high_noise_high_baseline_goldendoodle_10,2026-01-29 21:18:08,2026-01-29 21:18:11.866492,3.866491539673203
high_noise_high_baseline_goldendoodle_10,2026-01-29 06:25:28,2026-01-29 06:25:30.831770,2.831770415949179
high_noise_high_baseline_goldendoodle_10,2026-01-29 00:45:25,2026-01-29 00:45:27.802168,2.8021679070010377
high_noise_high_baseline_goldendoodle_10,2026-01-29 17:11:54,2026-01-29 17:11:58.957992,4.957991639725682
high_noise_high_baseline_goldendoodle_10,2026-01-29 10:23:07,2026-01-29 10:23:12.643250,5.643249774199216
high_noise_high_baseline_goldendoodle_10,2026-01-29 06:00:44,2026-01-29 06:00:46.511309,2.511308637447943
high_noise_high_baseline_goldendoodle_10,2026-01-29 08:22:59,2026-01-29 08:23:04.530992,5.530992469289758
high_noise_high_baseline_goldendoodle_10,2026-01-29 23:15:30,2026-01-29 23:15:34.025077,4.025077474778783
high_noise_high_baseline_goldendoodle_10,2026-01-29 14:15:34,2026-01-29 14:15:38.229875,4.2298749936756135
high_noise_high_baseline_goldendoodle_10,2026-01-29 03:19:27,2026-01-29 03:19:31.435989,4.43598871608908
high_noise_high_baseline_goldendoodle_10,2026-01-29 14:54:25,2026-01-29 14:54:29.263917,4.263917311483881
high_noise_high_baseline_goldendoodle_10,2026-01-29 15:27:09,2026-01-29 15:27:16.153679,7.153679174042933
high_noise_high_baseline_goldendoodle_10,2026-01-29 17:07:50,2026-01-29 17:07:54.668987,4.668986769387342
high_noise_high_baseline_goldendoodle_10,2026-01-29 06:07:24,2026-01-29 06:07:26.609109,2.6091090035244036
high_noise_high_baseline_goldendoodle_10,2026-01-30 19:48:41,2026-01-30 19:48:46.956938,5.956937676956537
high_noise_high_baseline_goldendoodle_10,2026-01-30 13:06:25,2026-01-30 13:06:29.083002,4.083001649121189
high_noise_high_baseline_goldendoodle_10,2026-01-30 11:06:29,2026-01-30 11:06:34.886160,5.8861599618640135
high_noise_high_baseline_goldendoodle_10,2026-01-30 17:07:00,2026-01-30 17:07:07.178361,7.1783605400863975
high_noise_high_baseline_goldendoodle_10,2026-01-30 00:53:40,2026-01-30 00:53:46.198773,6.1987734114437805
high_noise_high_baseline_goldendoodle_10,2026-01-30 07:02:47,2026-01-30 07:02:52.657438,5.657437578309667
high_noise_high_baseline_goldendoodle_10,2026-01-30 20:45:57,2026-01-30 20:46:01.404628,4.404627794575467
high_noise_high_baseline_goldendoodle_10,2026-01-30 20:07:59,2026-01-30 20:08:05.286834,6.286833801066135
high_noise_high_baseline_goldendoodle_10,2026-01-30 07:29:48,2026-01-30 07:29:55.334149,7.334148919480167
high_noise_high_baseline_goldendoodle_10,2026-01-30 08:50:38,2026-01-30 08:50:41.358046,3.358045863993243
high_noise_high_baseline_goldendoodle_10,2026-01-30 17:27:33,2026-01-30 17:27:35.455189,2.455188632094092
high_noise_high_baseline_goldendoodle_10,2026-01-30 09:20:55,2026-01-30 09:20:57.216313,2.216312918304019
high_noise_high_baseline_goldendoodle_10,2026-01-30 17:37:35,2026-01-30 17:37:39.684009,4.684009264223921
high_noise_high_baseline_goldendoodle_10,2026-01-30 14:21:10,2026-01-30 14:21:15.265184,5.265184063700809
high_noise_high_baseline_goldendoodle_10,2026-01-30 08:38:17,2026-01-30 08:38:21.880087,4.880087314239671
high_noise_high_baseline_goldendoodle_10,2026-01-30 11:54:43,2026-01-30 11:54:48.521697,5.521696949796571
high_noise_high_baseline_goldendoodle_10,2026-01-30 22:51:08,2026-01-30 22:51:15.160730,7.160730332924024
high_noise_high_baseline_goldendoodle_10,2026-01-30 08:03:56,2026-01-30 08:04:02.227735,6.2277354372682865
high_noise_high_baseline_goldendoodle_10,2026-01-30 14:35:21,2026-01-30 14:35:24.712422,3.7124224184506978
high_noise_high_baseline_goldendoodle_10,2026-01-30 18:52:52,2026-01-30 18:52:54.941604,2.9416038614474873
high_noise_high_baseline_goldendoodle_10,2026-01-30 21:42:18,2026-01-30 21:42:22.539883,4.539883163270915
high_noise_high_baseline_goldendoodle_10,2026-01-30 16:32:11,2026-01-30 16:32:18.678797,7.678797196216744
high_noise_high_baseline_goldendoodle_10,2026-01-30 12:34:22,2026-01-30 12:34:27.349753,5.349753300750294
high_noise_high_baseline_goldendoodle_10,2026-01-30 10:44:47,2026-01-30 10:44:50.215379,3.2153793870977863
high_noise_high_baseline_goldendoodle_10,2026-01-31 16:59:57,2026-01-31 17:00:02.668021,5.66802054683863
high_noise_high_baseline_goldendoodle_10,2026-01-31 06:32:57,2026-01-31 06:33:04.999947,7.999946764264329
high_noise_high_baseline_goldendoodle_10,2026-01-31 19:50:08,2026-01-31 19:50:13.886672,5.886672381007506
high_noise_high_baseline_goldendoodle_10,2026-01-31 22:12:11,2026-01-31 22:12:13.482018,2.4820183305014583
high_noise_high_baseline_goldendoodle_10,2026-01-31 16:26:02,2026-01-31 16:26:06.021705,4.021705138122956
high_noise_high_baseline_goldendoodle_10,2026-01-31 05:48:35,2026-01-31 05:48:41.605736,6.605735711405912
high_noise_high_baseline_goldendoodle_10,2026-01-31 19:06:40,2026-01-31 19:06:45.045137,5.045136544977904
high_noise_high_baseline_goldendoodle_10,2026-01-31 17:28:50,2026-01-31 17:28:53.564433,3.5644331777304856
high_noise_high_baseline_goldendoodle_10,2026-01-31 21:18:53,2026-01-31 21:19:00.049858,7.049858199818616
high_noise_high_baseline_goldendoodle_10,2026-01-31 02:49:56,2026-01-31 02:49:59.192527,3.1925267358328293
high_noise_high_baseline_goldendoodle_10,2026-01-31 07:35:45,2026-01-31 07:35:48.902320,3.902319580958241
high_noise_high_baseline_goldendoodle_10,2026-01-31 06:48:52,2026-01-31 06:48:54.006682,2.006681971708691
high_noise_high_baseline_goldendoodle_10,2026-01-31 18:59:48,2026-01-31 18:59:51.407912,3.407911966551791
high_noise_high_baseline_goldendoodle_10,2026-01-31 12:12:59,2026-01-31 12:13:01.181286,2.181286270405124
high_noise_high_baseline_goldendoodle_10,2026-01-31 21:52:59,2026-01-31 21:53:05.688797,6.6887968955712
high_noise_high_baseline_goldendoodle_10,2026-01-31 10:08:15,2026-01-31 10:08:21.157982,6.1579815857578595
high_noise_high_baseline_goldendoodle_10,2026-01-31 12:05:57,2026-01-31 12:06:04.587332,7.587332227390998
high_noise_high_baseline_goldendoodle_10,2026-01-31 15:32:00,2026-01-31 15:32:04.265820,4.265819812835966
high_noise_high_baseline_goldendoodle_10,2026-01-31 13:49:34,2026-01-31 13:49:38.863196,4.8631959595447185
high_noise_high_baseline_goldendoodle_10,2026-01-31 11:47:15,2026-01-31 11:47:20.828728,5.828728070350922
high_noise_high_baseline_goldendoodle_10,2026-01-31 00:49:57,2026-01-31 00:50:02.071543,5.071543275046489
high_noise_high_baseline_goldendoodle_10,2026-01-31 08:15:52,2026-01-31 08:15:58.428723,6.428723284897563
high_noise_high_baseline_goldendoodle_10,2026-01-31 17:38:04,2026-01-31 17:38:07.694216,3.694215630148693
high_noise_high_baseline_goldendoodle_10,2026-01-31 12:45:26,2026-01-31 12:45:33.769504,7.769504455147342
high_noise_high_baseline_goldendoodle_10,2026-01-31 16:20:38,2026-01-31 16:20:40.574618,2.574617505223193
high_noise_high_baseline_goldendoodle_10,2026-02-01 16:06:16,2026-02-01 16:06:21.715487,5.715487359573151
high_noise_high_baseline_goldendoodle_10,2026-02-02 08:28:09,2026-02-02 08:28:16.925949,7.925949168600822
high_noise_high_baseline_goldendoodle_10,2026-02-02 06:26:36,2026-02-02 06:26:41.442820,5.442820479988311
high_noise_high_baseline_goldendoodle_10,2026-02-02 18:58:29,2026-02-02 18:58:34.915963,5.915962633392531
high_noise_high_baseline_goldendoodle_10,2026-02-02 23:44:32,2026-02-02 23:44:35.131138,3.131137903708188
high_noise_high_baseline_goldendoodle_10,2026-02-02 01:45:42,2026-02-02 01:45:45.673674,3.673673905053519
high_noise_high_baseline_goldendoodle_10,2026-02-02 10:14:01,2026-02-02 10:14:06.598358,5.598357500905971
high_noise_high_baseline_goldendoodle_10,2026-02-02 07:34:19,2026-02-02 07:34:25.522969,6.522968715516147
high_noise_high_baseline_goldendoodle_10,2026-02-02 19:26:40,2026-02-02 19:26:47.536980,7.53698034307809
high_noise_high_baseline_goldendoodle_10,2026-02-02 15:33:10,2026-02-02 15:33:17.204073,7.204072678781857
high_noise_high_baseline_goldendoodle_10,2026-02-02 07:12:46,2026-02-02 07:12:48.296785,2.2967850670439454
high_noise_high_baseline_goldendoodle_10,2026-02-02 04:01:35,2026-02-02 04:01:38.653790,3.653789630019836
high_noise_high_baseline_goldendoodle_10,2026-02-02 20:13:21,2026-02-02 20:13:27.168865,6.168864932518162
high_noise_high_baseline_goldendoodle_10,2026-02-02 12:27:19,2026-02-02 12:27:26.834103,7.834102705205437
high_noise_high_baseline_goldendoodle_10,2026-02-02 22:20:48,2026-02-02 22:20:51.787012,3.7870121925500486
high_noise_high_baseline_goldendoodle_10,2026-02-02 10:18:54,2026-02-02 10:18:59.536460,5.5364598771915245
high_noise_high_baseline_goldendoodle_10,2026-02-02 20:20:43,2026-02-02 20:20:45.112797,2.11279744003537
high_noise_high_baseline_goldendoodle_10,2026-02-02 21:29:06,2026-02-02 21:29:12.970457,6.970456711000525
high_noise_high_baseline_goldendoodle_10,2026-02-02 20:35:24,2026-02-02 20:35:27.843902,3.8439015353229147
high_noise_high_baseline_goldendoodle_10,2026-02-02 20:04:35,2026-02-02 20:04:41.494585,6.494584699749026
high_noise_high_baseline_goldendoodle_10,2026-02-02 08:31:13,2026-02-02 08:31:18.533016,5.533016051519264
high_noise_high_baseline_goldendoodle_10,2026-02-02 01:37:06,2026-02-02 01:37:10.757571,4.7575712735122195
high_noise_high_baseline_goldendoodle_10,2026-02-02 10:53:30,2026-02-02 10:53:36.686963,6.686962621223636
high_noise_high_baseline_goldendoodle_10,2026-02-02 07:27:01,2026-02-02 07:27:08.078014,7.078014487902423
high_noise_high_baseline_goldendoodle_10,2026-02-02 11:59:17,2026-02-02 11:59:23.183726,6.18372558239067
high_noise_high_baseline_goldendoodle_10,2026-02-02 20:40:37,2026-02-02 20:40:43.243025,6.243025108686504
high_noise_high_baseline_goldendoodle_10,2026-02-02 14:14:26,2026-02-02 14:14:30.253688,4.253687583606895
high_noise_high_baseline_goldendoodle_10,2026-02-02 09:42:27,2026-02-02 09:42:31.879242,4.879242191182561
high_noise_high_baseline_goldendoodle_10,2026-02-02 12:12:16,2026-02-02 12:12:21.394239,5.394239061866724
high_noise_high_baseline_goldendoodle_10,2026-02-02 17:41:07,2026-02-02 17:41:13.850653,6.850653093557355
high_noise_high_baseline_goldendoodle_10,2026-02-02 21:10:54,2026-02-02 21:10:57.091396,3.091395976008057
high_noise_high_baseline_goldendoodle_10,2026-02-02 00:12:02,2026-02-02 00:12:06.614843,4.614843461441854
high_noise_high_baseline_goldendoodle_10,2026-02-02 20:46:06,2026-02-02 20:46:08.047198,2.0471982816080367
high_noise_high_baseline_goldendoodle_10,2026-02-02 21:55:23,2026-02-02 21:55:27.986538,4.986537842618544
high_noise_high_baseline_goldendoodle_10,2026-02-02 08:06:08,2026-02-02 08:06:12.423058,4.4230579221158886
high_noise_high_baseline_goldendoodle_10,2026-02-02 19:14:59,2026-02-02 19:15:05.996022,6.996021835676832
high_noise_high_baseline_goldendoodle_10,2026-02-02 21:01:46,2026-02-02 21:01:51.853741,5.853740501928761
high_noise_high_baseline_goldendoodle_10,2026-02-02 15:51:19,2026-02-02 15:51:23.049407,4.04940676070765
high_noise_high_baseline_goldendoodle_10,2026-02-03 19:51:14,2026-02-03 19:51:20.605136,6.605135887845391
high_noise_high_baseline_goldendoodle_10,2026-02-03 12:42:23,2026-02-03 12:42:30.177040,7.177039826496548
high_noise_high_baseline_goldendoodle_10,2026-02-03 12:46:53,2026-02-03 12:46:58.045183,5.045183046439689
high_noise_high_baseline_goldendoodle_10,2026-02-03 13:40:37,2026-02-03 13:40:44.512421,7.512420759571717
high_noise_high_baseline_goldendoodle_10,2026-02-03 20:21:52,2026-02-03 20:21:54.652836,2.6528357874366595
high_noise_high_baseline_goldendoodle_10,2026-02-04 14:16:05,2026-02-04 14:16:11.053334,6.053333984825858
high_noise_high_baseline_goldendoodle_10,2026-02-04 06:49:28,2026-02-04 06:49:32.092013,4.092013383547272
high_noise_high_baseline_goldendoodle_10,2026-02-04 07:13:40,2026-02-04 07:13:43.681849,3.6818485595045387
high_noise_high_baseline_goldendoodle_10,2026-02-04 22:57:21,2026-02-04 22:57:24.237734,3.2377338782516665
high_noise_high_baseline_goldendoodle_10,2026-02-04 14:16:28,2026-02-04 14:16:30.632039,2.632039429117807
high_noise_high_baseline_goldendoodle_10,2026-02-04 19:36:23,2026-02-04 19:36:25.866003,2.8660025289644264
high_noise_high_baseline_goldendoodle_10,2026-02-04 06:45:05,2026-02-04 06:45:07.458454,2.458453680304046
high_noise_high_baseline_goldendoodle_10,2026-02-04 16:26:07,2026-02-04 16:26:10.377063,3.3770633437232935
high_noise_high_baseline_goldendoodle_10,2026-02-04 09:09:11,2026-02-04 09:09:13.483208,2.483208225951728
high_noise_high_baseline_goldendoodle_10,2026-02-04 10:26:31,2026-02-04 10:26:34.971237,3.971236841990677
high_noise_high_baseline_goldendoodle_10,2026-02-04 20:52:24,2026-02-04 20:52:29.540112,5.54011185066178
high_noise_high_baseline_goldendoodle_10,2026-02-04 12:42:46,2026-02-04 12:42:49.146652,3.146652158338121
high_noise_high_baseline_goldendoodle_10,2026-02-04 17:17:49,2026-02-04 17:17:56.973008,7.973007997078794
high_noise_high_baseline_goldendoodle_10,2026-02-04 06:22:22,2026-02-04 06:22:28.534482,6.534482310597366
high_noise_high_baseline_goldendoodle_10,2026-02-04 19:41:48,2026-02-04 19:41:50.255458,2.2554584862087372
high_noise_high_baseline_goldendoodle_10,2026-02-04 01:37:09,2026-02-04 01:37:11.977851,2.977851030004776
high_noise_high_baseline_goldendoodle_10,2026-02-04 14:21:34,2026-02-04 14:21:37.006636,3.0066363653735273
high_noise_high_baseline_goldendoodle_10,2026-02-04 23:27:07,2026-02-04 23:27:13.407032,6.407032234443211
high_noise_high_baseline_goldendoodle_10,2026-02-05 19:25:51,2026-02-05 19:25:58.951275,7.951274882980581
high_noise_high_baseline_goldendoodle_10,2026-02-05 07:21:38,2026-02-05 07:21:44.397926,6.397925699755507
high_noise_high_baseline_goldendoodle_10,2026-02-06 10:11:51,2026-02-06 10:11:53.462084,2.4620841569261724
high_noise_high_baseline_goldendoodle_10,2026-02-06 09:02:19,2026-02-06 09:02:22.650525,3.6505253645118176
high_noise_high_baseline_goldendoodle_10,2026-02-06 20:37:02,2026-02-06 20:37:07.312934,5.31293396742544
high_noise_high_baseline_goldendoodle_10,2026-02-06 21:16:26,2026-02-06 21:16:33.131946,7.1319455518994985
high_noise_high_baseline_goldendoodle_10,2026-02-06 16:25:11,2026-02-06 16:25:17.887690,6.887689670288358
high_noise_high_baseline_goldendoodle_10,2026-02-06 20:00:41,2026-02-06 20:00:46.470478,5.470478113823304
high_noise_high_baseline_goldendoodle_10,2026-02-06 22:02:05,2026-02-06 22:02:08.332105,3.332104581512887
high_noise_high_baseline_goldendoodle_10,2026-02-06 02:40:30,2026-02-06 02:40:33.101614,3.101614198043305
high_noise_high_baseline_goldendoodle_10,2026-02-06 17:27:28,2026-02-06 17:27:32.206965,4.206964607991886
high_noise_high_baseline_goldendoodle_10,2026-02-06 01:07:43,2026-02-06 01:07:46.888913,3.888912760984852
high_noise_high_baseline_goldendoodle_10,2026-02-06 00:45:23,2026-02-06 00:45:30.998378,7.998377582809254
high_noise_high_baseline_goldendoodle_10,2026-02-06 20:23:27,2026-02-06 20:23:29.823213,2.8232134221533634
high_noise_high_baseline_goldendoodle_10,2026-02-06 15:35:27,2026-02-06 15:35:33.244003,6.244002962671674
high_noise_high_baseline_goldendoodle_10,2026-02-06 12:06:16,2026-02-06 12:06:23.073541,7.07354101993505
high_noise_high_baseline_goldendoodle_10,2026-02-06 16:18:18,2026-02-06 16:18:22.992115,4.992115046259988
high_noise_high_baseline_goldendoodle_10,2026-02-06 13:52:31,2026-02-06 13:52:36.457316,5.457316102993185
high_noise_high_baseline_goldendoodle_10,2026-02-06 12:13:00,2026-02-06 12:13:06.671578,6.671577807777061
high_noise_high_baseline_goldendoodle_10,2026-02-06 03:39:38,2026-02-06 03:39:42.497188,4.497188286981681
high_noise_high_baseline_goldendoodle_10,2026-02-07 20:50:42,2026-02-07 20:50:47.116650,5.116650481218511
high_noise_high_baseline_goldendoodle_10,2026-02-07 08:52:53,2026-02-07 08:52:57.235620,4.235620086794138
high_noise_high_baseline_goldendoodle_10,2026-02-07 15:19:35,2026-02-07 15:19:40.873530,5.873530428051487
high_noise_high_baseline_goldendoodle_10,2026-02-07 08:26:27,2026-02-07 08:26:31.516796,4.516796392217471
high_noise_high_baseline_goldendoodle_10,2026-02-07 18:05:27,2026-02-07 18:05:33.925886,6.925886282467972
high_noise_high_baseline_goldendoodle_10,2026-02-07 18:07:38,2026-02-07 18:07:40.654653,2.6546530952560277
high_noise_high_baseline_goldendoodle_10,2026-02-07 14:54:35,2026-02-07 14:54:40.622480,5.622479595404986
high_noise_high_baseline_goldendoodle_10,2026-02-07 02:04:40,2026-02-07 02:04:44.780692,4.780692236548505
high_noise_high_baseline_goldendoodle_10,2026-02-07 14:59:19,2026-02-07 14:59:24.634847,5.634846966676201
high_noise_high_baseline_goldendoodle_10,2026-02-07 23:14:13,2026-02-07 23:14:15.409005,2.4090054257143327
high_noise_high_baseline_goldendoodle_10,2026-02-07 11:20:58,2026-02-07 11:21:01.150903,3.1509028950607245
high_noise_high_baseline_goldendoodle_10,2026-02-07 08:29:50,2026-02-07 08:29:55.280131,5.280131272676913
high_noise_high_baseline_goldendoodle_10,2026-02-07 13:26:27,2026-02-07 13:26:33.592541,6.59254126293513
high_noise_high_baseline_goldendoodle_10,2026-02-07 09:13:00,2026-02-07 09:13:02.982836,2.9828355969871367
high_noise_high_baseline_goldendoodle_10,2026-02-07 12:46:27,2026-02-07 12:46:34.583348,7.583347653910875
high_noise_high_baseline_goldendoodle_10,2026-02-07 08:41:40,2026-02-07 08:41:44.131615,4.131615356889039
high_noise_high_baseline_goldendoodle_10,2026-02-07 14:05:00,2026-02-07 14:05:02.688621,2.6886213623602258
high_noise_high_baseline_goldendoodle_10,2026-02-07 12:16:16,2026-02-07 12:16:20.716687,4.7166870264729015
high_noise_high_baseline_goldendoodle_10,2026-02-07 01:41:47,2026-02-07 01:41:49.286795,2.286794503930948
high_noise_high_baseline_goldendoodle_10,2026-02-07 22:36:35,2026-02-07 22:36:41.547654,6.547654095725686
high_noise_high_baseline_goldendoodle_10,2026-02-07 08:08:06,2026-02-07 08:08:10.562081,4.562081255431729
high_noise_high_baseline_goldendoodle_10,2026-02-07 16:43:37,2026-02-07 16:43:39.033878,2.0338782485500024
high_noise_high_baseline_goldendoodle_10,2026-02-07 05:32:31,2026-02-07 05:32:35.670094,4.670093647111357
high_noise_high_baseline_goldendoodle_10,2026-02-07 20:46:29,2026-02-07 20:46:32.670384,3.670384421389448
high_noise_high_baseline_goldendoodle_10,2026-02-07 21:48:50,2026-02-07 21:48:54.549870,4.54986955031207
high_noise_high_baseline_goldendoodle_10,2026-02-07 10:54:33,2026-02-07 10:54:39.780305,6.780305084251544
high_noise_high_baseline_goldendoodle_10,2026-02-07 16:47:55,2026-02-07 16:48:00.518651,5.51865050289026
high_noise_high_baseline_goldendoodle_10,2026-02-07 17:38:09,2026-02-07 17:38:13.904387,4.9043873738410175
high_noise_high_baseline_goldendoodle_10,2026-02-07 07:55:39,2026-02-07 07:55:42.135206,3.135206412321787
high_noise_high_baseline_goldendoodle_10,2026-02-07 15:24:47,2026-02-07 15:24:52.704788,5.704787515585558
high_noise_high_baseline_goldendoodle_10,2026-02-08 22:23:51,2026-02-08 22:23:54.714464,3.7144643985503096
high_noise_high_baseline_goldendoodle_10,2026-02-08 17:00:00,2026-02-08 17:00:03.795264,3.7952640805918367
high_noise_high_baseline_goldendoodle_10,2026-02-08 06:22:26,2026-02-08 06:22:29.551213,3.551212541023226
high_noise_high_baseline_goldendoodle_10,2026-02-08 14:24:34,2026-02-08 14:24:36.135823,2.135822841845027
high_noise_high_baseline_goldendoodle_10,2026-02-08 08:51:49,2026-02-08 08:51:51.684911,2.684910980843084
high_noise_high_baseline_goldendoodle_10,2026-02-08 18:36:37,2026-02-08 18:36:43.553371,6.553371150882083
high_noise_high_baseline_goldendoodle_10,2026-02-08 18:31:43,2026-02-08 18:31:48.043387,5.04338661167977
high_noise_high_baseline_goldendoodle_10,2026-02-08 14:09:18,2026-02-08 14:09:20.841469,2.841469228242483
high_noise_high_baseline_goldendoodle_10,2026-02-08 09:26:04,2026-02-08 09:26:09.740046,5.7400461985169855
high_noise_high_baseline_goldendoodle_10,2026-02-08 23:56:14,2026-02-08 23:56:17.459990,3.4599903664984346
high_noise_high_baseline_goldendoodle_10,2026-02-08 09:57:54,2026-02-08 09:57:58.015802,4.015802027638853
high_noise_high_baseline_goldendoodle_10,2026-02-08 15:01:28,2026-02-08 15:01:32.883267,4.88326725698037
high_noise_high_baseline_goldendoodle_10,2026-02-08 13:33:32,2026-02-08 13:33:34.340718,2.3407175186903575
high_noise_high_baseline_goldendoodle_10,2026-02-08 20:08:37,2026-02-08 20:08:43.031905,6.031905045561289
high_noise_high_baseline_goldendoodle_10,2026-02-08 19:46:43,2026-02-08 19:46:46.662856,3.6628555952132986
high_noise_high_baseline_goldendoodle_10,2026-02-08 23:07:28,2026-02-08 23:07:32.036490,4.036490482870544
high_noise_high_baseline_goldendoodle_10,2026-02-08 07:06:55,2026-02-08 07:06:57.901466,2.9014657099058816
high_noise_high_baseline_goldendoodle_10,2026-02-08 13:14:35,2026-02-08 13:14:40.814026,5.814025610563908
high_noise_high_baseline_goldendoodle_10,2026-02-08 22:42:58,2026-02-08 22:43:00.979213,2.979212948870203
high_noise_high_baseline_goldendoodle_10,2026-02-08 05:05:11,2026-02-08 05:05:14.328894,3.328893521210315
high_noise_high_baseline_goldendoodle_10,2026-02-08 00:24:26,2026-02-08 00:24:30.346469,4.346468503254025
high_noise_high_baseline_goldendoodle_10,2026-02-08 22:35:54,2026-02-08 22:36:01.109859,7.109859449925923
high_noise_high_baseline_goldendoodle_10,2026-02-08 00:49:17,2026-02-08 00:49:23.176098,6.176098020191688
high_noise_high_baseline_goldendoodle_10,2026-02-08 10:32:22,2026-02-08 10:32:28.896677,6.896676814325987
high_noise_high_baseline_goldendoodle_10,2026-02-08 17:12:44,2026-02-08 17:12:50.905008,6.905007805247788
high_noise_high_baseline_goldendoodle_10,2026-02-08 04:28:15,2026-02-08 04:28:19.736540,4.736540473896922
high_noise_high_baseline_goldendoodle_10,2026-02-08 14:10:25,2026-02-08 14:10:32.331970,7.331970164861996
high_noise_high_baseline_goldendoodle_10,2026-02-08 15:11:48,2026-02-08 15:11:52.683526,4.683525838709723
high_noise_high_baseline_goldendoodle_10,2026-02-08 12:44:34,2026-02-08 12:44:39.519503,5.519502662707769
high_noise_high_baseline_goldendoodle_10,2026-02-08 10:38:59,2026-02-08 10:39:04.924198,5.924197612909413
high_noise_high_baseline_goldendoodle_10,2026-02-08 14:16:25,2026-02-08 14:16:31.975086,6.975085551800888
high_noise_high_baseline_goldendoodle_10,2026-02-08 13:32:44,2026-02-08 13:32:48.158393,4.158392661531325
high_noise_high_baseline_goldendoodle_10,2026-02-08 13:07:47,2026-02-08 13:07:53.879595,6.87959491199444
high_noise_high_baseline_goldendoodle_10,2026-02-08 12:56:28,2026-02-08 12:56:32.535721,4.535721417794659
high_noise_high_baseline_goldendoodle_10,2026-02-08 19:10:57,2026-02-08 19:11:03.641070,6.641069959748467
high_noise_high_baseline_goldendoodle_10,2026-02-08 14:15:44,2026-02-08 14:15:50.278405,6.278405376787107
high_noise_high_baseline_goldendoodle_10,2026-02-08 16:21:19,2026-02-08 16:21:23.382636,4.382635674153862
high_noise_high_baseline_goldendoodle_10,2026-02-08 18:08:01,2026-02-08 18:08:08.588115,7.588114580167944
high_noise_high_baseline_goldendoodle_10,2026-02-08 02:36:40,2026-02-08 02:36:43.514340,3.5143399064888188
high_noise_high_baseline_goldendoodle_10,2026-02-08 00:08:24,2026-02-08 00:08:30.337881,6.3378809177779925
high_noise_high_baseline_goldendoodle_10,2026-02-08 16:38:11,2026-02-08 16:38:13.997452,2.997452336969247
high_noise_high_baseline_goldendoodle_10,2026-02-08 12:47:41,2026-02-08 12:47:44.804107,3.8041068679923487
high_noise_high_baseline_goldendoodle_10,2026-02-10 16:24:59,2026-02-10 16:25:02.565089,3.565088777902635
high_noise_high_baseline_goldendoodle_10,2026-02-10 18:23:23,2026-02-10 18:23:25.442263,2.4422627610189043
high_noise_high_baseline_goldendoodle_10,2026-02-10 18:10:09,2026-02-10 18:10:12.446402,3.4464024827798294
high_noise_high_baseline_goldendoodle_10,2026-02-10 13:05:42,2026-02-10 13:05:46.111287,4.111287371982677
high_noise_high_baseline_goldendoodle_10,2026-02-10 19:37:14,2026-02-10 19:37:20.519662,6.519661932267274
high_noise_high_baseline_goldendoodle_10,2026-02-10 14:44:17,2026-02-10 14:44:21.537732,4.5377324835075985
high_noise_high_baseline_goldendoodle_10,2026-02-10 12:50:21,2026-02-10 12:50:24.296696,3.2966959210062576
high_noise_high_baseline_goldendoodle_10,2026-02-10 17:35:15,2026-02-10 17:35:20.670581,5.670580591028096
high_noise_high_baseline_goldendoodle_10,2026-02-10 20:39:26,2026-02-10 20:39:29.422425,3.4224250150307394
high_noise_high_baseline_goldendoodle_10,2026-02-10 05:32:07,2026-02-10 05:32:13.527545,6.527545139993514
high_noise_high_baseline_goldendoodle_10,2026-02-10 17:31:05,2026-02-10 17:31:11.150819,6.150819245494171
high_noise_high_baseline_goldendoodle_10,2026-02-10 11:39:04,2026-02-10 11:39:09.914570,5.914570036909309
high_noise_high_baseline_goldendoodle_10,2026-02-10 04:42:19,2026-02-10 04:42:21.909544,2.9095439655429898
high_noise_high_baseline_goldendoodle_10,2026-02-10 03:24:51,2026-02-10 03:24:53.501442,2.5014423482863797
high_noise_high_baseline_goldendoodle_10,2026-02-10 16:09:55,2026-02-10 16:10:02.210456,7.210456293329214
high_noise_high_baseline_goldendoodle_10,2026-02-10 05:23:38,2026-02-10 05:23:41.567571,3.567571199426305
high_noise_high_baseline_goldendoodle_10,2026-02-10 05:35:09,2026-02-10 05:35:16.135640,7.135640344622197
high_noise_high_baseline_goldendoodle_10,2026-02-10 11:02:34,2026-02-10 11:02:40.721540,6.721539665232993
high_noise_high_baseline_goldendoodle_10,2026-02-10 17:43:36,2026-02-10 17:43:42.539476,6.539475986359158
high_noise_high_baseline_goldendoodle_10,2026-02-10 10:01:20,2026-02-10 10:01:27.365073,7.365072685926328
high_noise_high_baseline_goldendoodle_10,2026-02-10 09:47:40,2026-02-10 09:47:42.315137,2.315136700800995
high_noise_high_baseline_goldendoodle_10,2026-02-10 22:11:31,2026-02-10 22:11:36.033242,5.0332421366923725
high_noise_high_baseline_goldendoodle_10,2026-02-10 01:51:57,2026-02-10 01:52:02.675940,5.675940399623257
high_noise_high_baseline_goldendoodle_10,2026-02-10 13:47:54,2026-02-10 13:47:59.020185,5.020185256040003
high_noise_high_baseline_goldendoodle_10,2026-02-10 16:18:36,2026-02-10 16:18:40.453264,4.4532635739038025
high_noise_high_baseline_goldendoodle_10,2026-02-10 21:17:06,2026-02-10 21:17:12.439947,6.439947242196415
high_noise_high_baseline_goldendoodle_10,2026-02-10 06:49:36,2026-02-10 06:49:40.494900,4.494899950127098
high_noise_high_baseline_goldendoodle_10,2026-02-10 06:16:47,2026-02-10 06:16:50.358648,3.3586480767518325
high_noise_high_baseline_goldendoodle_10,2026-02-10 22:15:38,2026-02-10 22:15:41.223217,3.223216670764584
high_noise_high_baseline_goldendoodle_10,2026-02-10 11:27:28,2026-02-10 11:27:32.495551,4.495550707218581
high_noise_high_baseline_goldendoodle_10,2026-02-10 07:39:35,2026-02-10 07:39:41.088431,6.088430867594708
high_noise_high_baseline_goldendoodle_10,2026-02-10 10:14:06,2026-02-10 10:14:10.438379,4.438378741793925
high_noise_high_baseline_goldendoodle_10,2026-02-10 00:31:28,2026-02-10 00:31:33.008619,5.008619035375654
high_noise_high_baseline_goldendoodle_10,2026-02-10 16:00:20,2026-02-10 16:00:26.502790,6.502790062673316
high_noise_high_baseline_goldendoodle_10,2026-02-10 14:17:23,2026-02-10 14:17:27.596154,4.596154203076372
high_noise_high_baseline_goldendoodle_10,2026-02-10 15:13:27,2026-02-10 15:13:34.820368,7.820367536197848
high_noise_high_baseline_goldendoodle_10,2026-02-10 06:10:15,2026-02-10 06:10:21.332666,6.332666219758283
high_noise_high_baseline_goldendoodle_10,2026-02-10 10:10:25,2026-02-10 10:10:30.838728,5.838727881161903
high_noise_high_baseline_goldendoodle_10,2026-02-10 15:14:10,2026-02-10 15:14:16.824297,6.824296534624996
high_noise_high_baseline_goldendoodle_10,2026-02-10 21:23:55,2026-02-10 21:24:02.740825,7.740824895542603
high_noise_high_baseline_goldendoodle_10,2026-02-10 23:35:50,2026-02-10 23:35:56.890130,6.890130489614776
high_noise_high_baseline_goldendoodle_10,2026-02-10 06:28:14,2026-02-10 06:28:21.319425,7.319425233822847
high_noise_high_baseline_goldendoodle_10,2026-02-10 07:00:47,2026-02-10 07:00:51.495523,4.495522707509366
high_noise_high_baseline_goldendoodle_10,2026-02-11 04:39:49,2026-02-11 04:39:55.417527,6.417527236825506
high_noise_high_baseline_goldendoodle_10,2026-02-11 03:45:10,2026-02-11 03:45:17.543822,7.5438223799864454
high_noise_high_baseline_goldendoodle_10,2026-02-12 22:40:43,2026-02-12 22:40:47.775097,4.775097476676914
high_noise_high_baseline_goldendoodle_10,2026-02-12 22:51:05,2026-02-12 22:51:10.633461,5.633461187075872
high_noise_high_baseline_goldendoodle_10,2026-02-12 10:25:59,2026-02-12 10:26:02.681976,3.6819763042991065
high_noise_high_baseline_goldendoodle_10,2026-02-12 20:54:54,2026-02-12 20:54:58.043694,4.043694258313156
high_noise_high_baseline_goldendoodle_10,2026-02-12 06:22:21,2026-02-12 06:22:23.501706,2.5017063854663038
high_noise_high_baseline_goldendoodle_10,2026-02-12 09:56:41,2026-02-12 09:56:47.229047,6.229047350927346
high_noise_high_baseline_goldendoodle_10,2026-02-12 13:35:49,2026-02-12 13:35:52.313496,3.313495633612125
high_noise_high_baseline_goldendoodle_10,2026-02-12 14:36:52,2026-02-12 14:36:57.373899,5.373898787489575
high_noise_high_baseline_goldendoodle_10,2026-02-12 06:30:49,2026-02-12 06:30:51.598513,2.598513104343011
high_noise_high_baseline_goldendoodle_10,2026-02-12 08:30:17,2026-02-12 08:30:24.224183,7.224182657907399
high_noise_high_baseline_goldendoodle_10,2026-02-12 13:37:41,2026-02-12 13:37:45.499921,4.499921329216454
high_noise_high_baseline_goldendoodle_10,2026-02-12 05:47:54,2026-02-12 05:47:57.903757,3.9037574115720766
high_noise_high_baseline_goldendoodle_10,2026-02-12 02:09:56,2026-02-12 02:10:03.041120,7.041120344435917
high_noise_high_baseline_goldendoodle_10,2026-02-12 07:20:07,2026-02-12 07:20:10.896765,3.896765198730878
high_noise_high_baseline_goldendoodle_10,2026-02-12 22:44:49,2026-02-12 22:44:56.242297,7.242297237888243
high_noise_high_baseline_goldendoodle_10,2026-02-12 15:37:53,2026-02-12 15:37:58.622514,5.622513762902228
high_noise_high_baseline_goldendoodle_10,2026-02-12 03:53:28,2026-02-12 03:53:31.210897,3.2108968947179397
high_noise_high_baseline_goldendoodle_10,2026-02-12 21:50:13,2026-02-12 21:50:16.358079,3.3580792071758885
high_noise_high_baseline_goldendoodle_10,2026-02-12 13:55:47,2026-02-12 13:55:53.789570,6.789570394215283
high_noise_high_baseline_goldendoodle_10,2026-02-12 18:08:27,2026-02-12 18:08:34.104186,7.104186469783778
high_noise_high_baseline_goldendoodle_10,2026-02-12 08:06:57,2026-02-12 08:07:04.262271,7.262271281465399
high_noise_high_baseline_goldendoodle_10,2026-02-12 09:19:07,2026-02-12 09:19:13.408135,6.408134972494465
high_noise_high_baseline_goldendoodle_10,2026-02-12 12:49:33,2026-02-12 12:49:37.608439,4.608438760855386
high_noise_high_baseline_goldendoodle_10,2026-02-12 12:47:52,2026-02-12 12:47:54.733481,2.733481105587432
high_noise_high_baseline_goldendoodle_10,2026-02-12 20:52:53,2026-02-12 20:52:58.866278,5.866278315585937
high_noise_high_baseline_goldendoodle_10,2026-02-12 08:34:47,2026-02-12 08:34:52.008402,5.00840236572765
high_noise_high_baseline_goldendoodle_10,2026-02-12 14:05:23,2026-02-12 14:05:26.210099,3.210098603702146
high_noise_high_baseline_goldendoodle_10,2026-02-12 10:57:37,2026-02-12 10:57:39.674880,2.674879580840005
high_noise_high_baseline_goldendoodle_10,2026-02-12 21:31:23,2026-02-12 21:31:30.899420,7.899420019643664
high_noise_high_baseline_goldendoodle_10,2026-02-12 21:44:34,2026-02-12 21:44:39.112440,5.112440041911545
high_noise_high_baseline_goldendoodle_10,2026-02-12 19:34:23,2026-02-12 19:34:27.949860,4.949860127425635
high_noise_high_baseline_goldendoodle_10,2026-02-12 19:31:22,2026-02-12 19:31:25.720917,3.7209174864953427
high_noise_high_baseline_goldendoodle_10,2026-02-12 09:06:19,2026-02-12 09:06:24.356547,5.356546865759657
high_noise_high_baseline_goldendoodle_10,2026-02-12 18:44:06,2026-02-12 18:44:11.976455,5.976455183188704
high_noise_high_baseline_goldendoodle_10,2026-02-12 03:02:59,2026-02-12 03:03:06.219334,7.219333574502635
high_noise_high_baseline_goldendoodle_10,2026-02-12 19:47:54,2026-02-12 19:47:56.466461,2.466461147331106
high_noise_high_baseline_goldendoodle_10,2026-02-12 01:36:40,2026-02-12 01:36:43.974508,3.9745076722098176
high_noise_high_baseline_goldendoodle_10,2026-02-12 07:01:53,2026-02-12 07:01:59.715170,6.715169761402129
high_noise_high_baseline_goldendoodle_10,2026-02-12 06:47:26,2026-02-12 06:47:32.751738,6.7517376584175945
high_noise_high_baseline_goldendoodle_10,2026-02-12 17:07:01,2026-02-12 17:07:04.032190,3.032190378643431
high_noise_high_baseline_goldendoodle_10,2026-02-12 08:52:57,2026-02-12 08:53:03.582759,6.582758980521802
high_noise_high_baseline_goldendoodle_10,2026-02-12 15:30:02,2026-02-12 15:30:04.116070,2.116070479464453
high_noise_high_baseline_goldendoodle_10,2026-02-12 21:55:58,2026-02-12 21:56:00.779413,2.7794125906459786
high_noise_high_baseline_goldendoodle_10,2026-02-12 16:41:20,2026-02-12 16:41:26.308485,6.3084846362343665
high_noise_high_baseline_goldendoodle_10,2026-02-12 17:54:43,2026-02-12 17:54:49.194178,6.194177873038192
high_noise_high_baseline_goldendoodle_10,2026-02-12 10:05:11,2026-02-12 10:05:13.474359,2.4743589430307167
high_noise_high_baseline_goldendoodle_10,2026-02-12 03:10:29,2026-02-12 03:10:32.753601,3.7536006311308654
high_noise_high_baseline_goldendoodle_10,2026-02-12 21:43:27,2026-02-12 21:43:34.937486,7.937485643161764
high_noise_high_baseline_goldendoodle_10,2026-02-12 13:25:46,2026-02-12 13:25:52.694400,6.694400284918498
high_noise_high_baseline_goldendoodle_10,2026-02-12 16:55:55,2026-02-12 16:56:02.189455,7.189455359500966
high_noise_high_baseline_goldendoodle_10,2026-02-13 16:21:33,2026-02-13 16:21:36.912122,3.9121216204473708
high_noise_high_baseline_goldendoodle_10,2026-02-13 17:54:38,2026-02-13 17:54:41.360038,3.3600383544388963
high_noise_high_baseline_goldendoodle_10,2026-02-13 12:16:05,2026-02-13 12:16:09.190775,4.190775150728879
high_noise_high_baseline_goldendoodle_10,2026-02-13 06:16:50,2026-02-13 06:16:52.613777,2.613777033271923
high_noise_high_baseline_goldendoodle_10,2026-02-13 12:46:40,2026-02-13 12:46:42.839237,2.83923696131175
high_noise_high_baseline_goldendoodle_10,2026-02-13 03:20:39,2026-02-13 03:20:42.436580,3.4365799278953357
high_noise_high_baseline_goldendoodle_10,2026-02-13 04:21:04,2026-02-13 04:21:08.811271,4.8112708911196185
high_noise_high_baseline_goldendoodle_10,2026-02-13 09:24:25,2026-02-13 09:24:32.314486,7.31448634375023
high_noise_high_baseline_goldendoodle_10,2026-02-13 18:22:17,2026-02-13 18:22:21.506811,4.506811232834007
high_noise_high_baseline_goldendoodle_10,2026-02-13 15:09:47,2026-02-13 15:09:50.933151,3.9331507925534654
high_noise_high_baseline_goldendoodle_10,2026-02-13 23:20:57,2026-02-13 23:21:04.164992,7.164992341634719
high_noise_high_baseline_goldendoodle_10,2026-02-13 14:32:14,2026-02-13 14:32:21.660830,7.660830247435696
high_noise_high_baseline_goldendoodle_10,2026-02-13 08:56:25,2026-02-13 08:56:31.917494,6.917493599298981
high_noise_high_baseline_goldendoodle_10,2026-02-13 15:34:24,2026-02-13 15:34:31.473560,7.473560376342602
high_noise_high_baseline_goldendoodle_10,2026-02-13 06:01:54,2026-02-13 06:02:01.076803,7.07680293153058
high_noise_high_baseline_goldendoodle_10,2026-02-13 11:57:53,2026-02-13 11:57:55.319454,2.3194535314185654
high_noise_high_baseline_goldendoodle_10,2026-02-13 14:50:45,2026-02-13 14:50:48.291013,3.291012881549393
high_noise_high_baseline_goldendoodle_10,2026-02-13 22:53:22,2026-02-13 22:53:24.174824,2.174824050680262
high_noise_high_baseline_goldendoodle_10,2026-02-13 17:35:03,2026-02-13 17:35:07.058566,4.058566046670215
high_noise_high_baseline_goldendoodle_10,2026-02-13 11:05:52,2026-02-13 11:05:54.146266,2.1462660782605028
high_noise_high_baseline_goldendoodle_10,2026-02-13 20:13:52,2026-02-13 20:13:58.181552,6.181551805926009
high_noise_high_baseline_goldendoodle_10,2026-02-13 21:10:23,2026-02-13 21:10:30.812115,7.812115360157285
high_noise_high_baseline_goldendoodle_10,2026-02-13 09:46:19,2026-02-13 09:46:22.531817,3.531817466665247
high_noise_high_baseline_goldendoodle_10,2026-02-13 11:04:13,2026-02-13 11:04:15.152292,2.1522920276249895
high_noise_high_baseline_goldendoodle_10,2026-02-13 09:43:48,2026-02-13 09:43:55.862458,7.862457516514018
high_noise_high_baseline_goldendoodle_10,2026-02-13 08:59:17,2026-02-13 08:59:24.686761,7.686760960347984
high_noise_high_baseline_goldendoodle_10,2026-02-13 13:47:49,2026-02-13 13:47:54.270442,5.2704415788509005
high_noise_high_baseline_goldendoodle_10,2026-02-13 07:49:40,2026-02-13 07:49:44.414365,4.414364799381238
high_noise_high_baseline_goldendoodle_10,2026-02-13 22:34:11,2026-02-13 22:34:13.186508,2.1865079802471605
high_noise_high_baseline_goldendoodle_10,2026-02-13 06:06:27,2026-02-13 06:06:34.214095,7.2140953808933865
high_noise_high_baseline_goldendoodle_10,2026-02-13 13:45:07,2026-02-13 13:45:12.793815,5.79381505814922
high_noise_high_baseline_goldendoodle_10,2026-02-13 20:47:03,2026-02-13 20:47:05.284921,2.2849207403367977
high_noise_high_baseline_goldendoodle_10,2026-02-13 20:08:19,2026-02-13 20:08:24.638984,5.638984231539645
high_noise_high_baseline_goldendoodle_10,2026-02-13 13:47:54,2026-02-13 13:47:57.247108,3.2471076744139875
high_noise_high_baseline_goldendoodle_10,2026-02-13 06:36:12,2026-02-13 06:36:14.180775,2.180775422412956
high_noise_high_baseline_goldendoodle_10,2026-02-13 21:20:01,2026-02-13 21:20:06.060025,5.060025299844447
high_noise_high_baseline_goldendoodle_10,2026-02-13 14:53:43,2026-02-13 14:53:49.502284,6.502283677404756
high_noise_high_baseline_goldendoodle_10,2026-02-13 13:35:34,2026-02-13 13:35:40.805036,6.805036407393332
high_noise_high_baseline_goldendoodle_10,2026-02-13 20:49:40,2026-02-13 20:49:44.224478,4.224478180222101
high_noise_high_baseline_goldendoodle_10,2026-02-13 20:52:41,2026-02-13 20:52:46.379500,5.379499977551041
high_noise_high_baseline_goldendoodle_10,2026-02-13 14:23:07,2026-02-13 14:23:10.221793,3.2217925058581556
high_noise_high_baseline_goldendoodle_10,2026-02-13 19:19:52,2026-02-13 19:19:58.105754,6.105754274355252
high_noise_high_baseline_goldendoodle_10,2026-02-13 19:43:14,2026-02-13 19:43:21.214758,7.21475807629841
high_noise_high_baseline_goldendoodle_10,2026-02-13 19:27:52,2026-02-13 19:27:57.531014,5.531014048336958
high_noise_high_baseline_goldendoodle_10,2026-02-13 14:32:48,2026-02-13 14:32:53.597855,5.597855175804081
high_noise_high_baseline_goldendoodle_10,2026-02-13 23:16:12,2026-02-13 23:16:19.717103,7.717102853776915
high_noise_high_baseline_goldendoodle_10,2026-02-13 03:17:09,2026-02-13 03:17:14.370615,5.370615098622702
high_noise_high_baseline_goldendoodle_10,2026-02-13 11:39:51,2026-02-13 11:39:57.819661,6.8196613414911695
high_noise_high_baseline_goldendoodle_10,2026-02-13 05:52:51,2026-02-13 05:52:53.687945,2.6879445430123896
high_noise_high_baseline_goldendoodle_10,2026-02-13 14:45:40,2026-02-13 14:45:42.421588,2.4215877136913364
high_noise_high_baseline_goldendoodle_10,2026-02-13 05:18:47,2026-02-13 05:18:53.401805,6.401805334262626
high_noise_high_baseline_goldendoodle_10,2026-02-13 14:39:30,2026-02-13 14:39:36.022354,6.022353984795031
high_noise_high_baseline_goldendoodle_10,2026-02-13 20:21:12,2026-02-13 20:21:16.235159,4.23515895557297
high_noise_high_baseline_goldendoodle_10,2026-02-13 14:19:08,2026-02-13 14:19:12.191543,4.191542922622981
high_noise_high_baseline_goldendoodle_10,2026-02-13 08:40:43,2026-02-13 08:40:47.585134,4.585134371190898
high_noise_high_baseline_goldendoodle_10,2026-02-13 00:43:51,2026-02-13 00:43:57.107923,6.107922981348748
high_noise_high_baseline_goldendoodle_10,2026-02-13 04:21:33,2026-02-13 04:21:36.928749,3.928749190213019
high_noise_high_baseline_goldendoodle_10,2026-02-13 21:29:01,2026-02-13 21:29:03.882720,2.8827199889682187
high_noise_high_baseline_goldendoodle_10,2026-02-13 12:04:24,2026-02-13 12:04:29.579665,5.5796650959080765
high_noise_high_baseline_goldendoodle_10,2026-02-13 16:23:25,2026-02-13 16:23:27.285011,2.285010971779022
high_noise_high_baseline_goldendoodle_10,2026-02-13 10:15:51,2026-02-13 10:15:57.462477,6.462477164922308
high_noise_high_baseline_goldendoodle_10,2026-02-13 11:13:54,2026-02-13 11:13:56.525592,2.525591632192294
high_noise_high_baseline_goldendoodle_10,2026-02-13 16:48:33,2026-02-13 16:48:36.734093,3.7340933282903057
high_noise_high_baseline_goldendoodle_10,2026-02-13 13:10:58,2026-02-13 13:11:01.759451,3.7594513033053527
high_noise_high_baseline_goldendoodle_10,2026-02-13 07:21:46,2026-02-13 07:21:49.414029,3.41402911957501
high_noise_high_baseline_goldendoodle_10,2026-02-13 17:54:10,2026-02-13 17:54:12.567290,2.5672895144098953
high_noise_high_baseline_goldendoodle_10,2026-02-13 06:55:19,2026-02-13 06:55:26.962190,7.962189671925161
high_noise_high_baseline_goldendoodle_10,2026-02-13 20:52:41,2026-02-13 20:52:48.387537,7.387537377460953
high_noise_high_baseline_goldendoodle_10,2026-02-13 15:20:19,2026-02-13 15:20:21.533351,2.5333506947713165
high_noise_high_baseline_goldendoodle_10,2026-02-13 03:37:55,2026-02-13 03:37:59.983477,4.983476608935392
high_noise_high_baseline_goldendoodle_10,2026-02-13 13:07:36,2026-02-13 13:07:41.319584,5.319584117573429
high_noise_high_baseline_goldendoodle_10,2026-02-13 11:46:03,2026-02-13 11:46:05.007113,2.007113342543268
high_noise_high_baseline_goldendoodle_10,2026-02-13 18:17:56,2026-02-13 18:18:02.519829,6.51982931130581
high_noise_high_baseline_goldendoodle_10,2026-02-13 07:30:19,2026-02-13 07:30:25.509884,6.509883519441123
high_noise_high_baseline_goldendoodle_10,2026-02-13 20:57:35,2026-02-13 20:57:41.565187,6.565186939401614
high_noise_high_baseline_goldendoodle_10,2026-02-13 18:05:36,2026-02-13 18:05:40.909729,4.909728751591857
high_noise_high_baseline_goldendoodle_10,2026-02-13 18:54:26,2026-02-13 18:54:32.044394,6.044394466528367
high_noise_high_baseline_goldendoodle_10,2026-02-13 21:50:30,2026-02-13 21:50:34.615160,4.615160494083594
high_noise_high_baseline_goldendoodle_10,2026-02-13 10:59:46,2026-02-13 10:59:49.246141,3.2461411829286733
high_noise_high_baseline_goldendoodle_10,2026-02-13 04:21:29,2026-02-13 04:21:34.437626,5.4376257340594165
high_noise_high_baseline_goldendoodle_10,2026-02-13 03:40:05,2026-02-13 03:40:11.853914,6.853914123908147
high_noise_high_baseline_goldendoodle_10,2026-02-13 08:39:46,2026-02-13 08:39:53.014169,7.014169464346255
high_noise_high_baseline_goldendoodle_10,2026-02-13 19:00:34,2026-02-13 19:00:39.261091,5.261090576932504
high_noise_high_baseline_goldendoodle_10,2026-02-13 08:47:19,2026-02-13 08:47:21.268037,2.2680374485821195
high_noise_high_baseline_goldendoodle_10,2026-02-13 12:49:51,2026-02-13 12:49:54.927054,3.927054097787749
high_noise_high_baseline_goldendoodle_10,2026-02-13 12:41:31,2026-02-13 12:41:38.469339,7.469338698950036
high_noise_high_baseline_goldendoodle_10,2026-02-13 18:04:02,2026-02-13 18:04:06.652479,4.652479034967811
high_noise_high_baseline_goldendoodle_10,2026-02-13 18:14:12,2026-02-13 18:14:15.034476,3.0344760078131614
high_noise_high_baseline_goldendoodle_10,2026-02-13 14:58:48,2026-02-13 14:58:51.176478,3.1764778380511416
high_noise_high_baseline_goldendoodle_10,2026-02-13 08:40:20,2026-02-13 08:40:26.233662,6.233662304142284
high_noise_high_baseline_goldendoodle_10,2026-02-13 15:22:52,2026-02-13 15:22:57.323438,5.323438202133623
high_noise_high_baseline_goldendoodle_10,2026-02-13 10:29:40,2026-02-13 10:29:42.974553,2.9745529122212586
high_noise_high_baseline_goldendoodle_10,2026-02-13 02:49:58,2026-02-13 02:50:00.933472,2.9334723505474662
high_noise_high_baseline_goldendoodle_10,2026-02-13 08:41:58,2026-02-13 08:42:04.096194,6.096193824461318
high_noise_high_baseline_goldendoodle_10,2026-02-13 07:58:59,2026-02-13 07:59:06.285668,7.2856683550248
high_noise_high_baseline_goldendoodle_10,2026-02-13 09:55:55,2026-02-13 09:56:02.962865,7.962864692070768
high_noise_high_baseline_goldendoodle_10,2026-02-13 20:48:16,2026-02-13 20:48:20.047709,4.047708810034314
high_noise_high_baseline_goldendoodle_10,2026-02-13 18:35:33,2026-02-13 18:35:36.275224,3.275223701499499
high_noise_high_baseline_goldendoodle_10,2026-02-13 16:04:38,2026-02-13 16:04:40.035713,2.035713205199702
high_noise_high_baseline_goldendoodle_10,2026-02-13 12:51:57,2026-02-13 12:52:01.615084,4.615083662359666
high_noise_high_baseline_goldendoodle_10,2026-02-13 20:11:38,2026-02-13 20:11:41.285308,3.285308347543899
high_noise_high_baseline_goldendoodle_10,2026-02-14 20:04:22,2026-02-14 20:04:28.464118,6.464117938055265
high_noise_high_baseline_goldendoodle_10,2026-02-14 12:20:36,2026-02-14 12:20:42.120700,6.1206995957700645
