pet_id,start,end,duration_sec
stable_high_baseline_goldendoodle_03,2026-01-01 16:09:30,2026-01-01 16:09:35.967748,5.967747988682934
stable_high_baseline_goldendoodle_03,2026-01-01 18:33:26,2026-01-01 18:33:30.874425,4.8744254797125555
stable_high_baseline_goldendoodle_03,2026-01-01 18:04:37,2026-01-01 18:04:40.971990,3.9719901324237212
stable_high_baseline_goldendoodle_03,2026-01-01 01:47:26,2026-01-01 01:47:30.956164,4.956163607098265
stable_high_baseline_goldendoodle_03,2026-01-01 13:47:32,2026-01-01 13:47:36.788218,4.788217890522066
stable_high_baseline_goldendoodle_03,2026-01-01 15:26:22,2026-01-01 15:26:27.923022,5.923021954050821
stable_high_baseline_goldendoodle_03,2026-01-01 23:18:36,2026-01-01 23:18:40.854975,4.854974727946294
stable_high_baseline_goldendoodle_03,2026-01-01 14:01:04,2026-01-01 14:01:06.428569,2.4285690980941954
stable_high_baseline_goldendoodle_03,2026-01-01 16:30:43,2026-01-01 16:30:47.390605,4.390604950149903
stable_high_baseline_goldendoodle_03,2026-01-01 06:38:36,2026-01-01 06:38:40.154602,4.1546017182325405
stable_high_baseline_goldendoodle_03,2026-01-01 06:35:32,2026-01-01 06:35:35.937982,3.9379819750869345
stable_high_baseline_goldendoodle_03,2026-01-01 04:16:51,2026-01-01 04:16:53.767125,2.767125230001573
stable_high_baseline_goldendoodle_03,2026-01-01 08:37:34,2026-01-01 08:37:38.952161,4.952160539651151
stable_high_baseline_goldendoodle_03,2026-01-01 15:31:27,2026-01-01 15:31:30.560514,3.5605139776842574
stable_high_baseline_goldendoodle_03,2026-01-01 04:25:49,2026-01-01 04:25:53.742928,4.742928324263555
stable_high_baseline_goldendoodle_03,2026-01-01 21:52:34,2026-01-01 21:52:36.524674,2.524673615311666
stable_high_baseline_goldendoodle_03,2026-01-01 12:39:39,2026-01-01 12:39:43.001974,4.00197371351528
stable_high_baseline_goldendoodle_03,2026-01-01 06:23:27,2026-01-01 06:23:30.550912,3.55091201264585
stable_high_baseline_goldendoodle_03,2026-01-02 07:47:18,2026-01-02 07:47:20.113211,2.1132106795968677
stable_high_baseline_goldendoodle_03,2026-01-02 18:14:16,2026-01-02 18:14:18.422006,2.422005635900848
stable_high_baseline_goldendoodle_03,2026-01-02 06:02:57,2026-01-02 06:03:02.455818,5.455818231807013
stable_high_baseline_goldendoodle_03,2026-01-02 06:17:12,2026-01-02 06:17:16.499053,4.499052757075436
stable_high_baseline_goldendoodle_03,2026-01-02 13:10:17,2026-01-02 13:10:20.774668,3.7746683194577124
stable_high_baseline_goldendoodle_03,2026-01-02 16:54:38,2026-01-02 16:54:41.377078,3.3770775472791756
stable_high_baseline_goldendoodle_03,2026-01-02 15:52:58,2026-01-02 15:53:02.657863,4.657863173063545
stable_high_baseline_goldendoodle_03,2026-01-02 21:15:43,2026-01-02 21:15:48.235905,5.23590477658303
stable_high_baseline_goldendoodle_03,2026-01-02 23:18:22,2026-01-02 23:18:26.810215,4.810214675411678
stable_high_baseline_goldendoodle_03,2026-01-02 15:46:58,2026-01-02 15:47:03.366920,5.366919691326665
stable_high_baseline_goldendoodle_03,2026-01-02 13:54:12,2026-01-02 13:54:16.014836,4.014835531703307
stable_high_baseline_goldendoodle_03,2026-01-02 21:47:47,2026-01-02 21:47:52.796900,5.796899876378286
stable_high_baseline_goldendoodle_03,2026-01-02 06:23:55,2026-01-02 06:23:59.403895,4.403895231499394
stable_high_baseline_goldendoodle_03,2026-01-03 04:04:01,2026-01-03 04:04:05.575309,4.57530900242625
stable_high_baseline_goldendoodle_03,2026-01-03 23:22:12,2026-01-03 23:22:16.965205,4.965204702481142
stable_high_baseline_goldendoodle_03,2026-01-03 10:28:28,2026-01-03 10:28:30.888289,2.888289378136716
stable_high_baseline_goldendoodle_03,2026-01-03 10:53:24,2026-01-03 10:53:29.625309,5.625308851096921
stable_high_baseline_goldendoodle_03,2026-01-03 16:44:31,2026-01-03 16:44:33.886237,2.8862372137488244
stable_high_baseline_goldendoodle_03,2026-01-03 18:18:21,2026-01-03 18:18:26.390858,5.390857549320451
stable_high_baseline_goldendoodle_03,2026-01-03 10:28:07,2026-01-03 10:28:10.893496,3.8934958176836076
stable_high_baseline_goldendoodle_03,2026-01-03 13:35:30,2026-01-03 13:35:32.321399,2.3213992872977385
stable_high_baseline_goldendoodle_03,2026-01-03 07:45:38,2026-01-03 07:45:41.685777,3.6857765264231888
stable_high_baseline_goldendoodle_03,2026-01-03 18:43:41,2026-01-03 18:43:45.053195,4.053195397972647
stable_high_baseline_goldendoodle_03,2026-01-03 17:22:33,2026-01-03 17:22:36.508942,3.5089416682845513
stable_high_baseline_goldendoodle_03,2026-01-03 12:04:04,2026-01-03 12:04:09.753963,5.753962588414618
stable_high_baseline_goldendoodle_03,2026-01-03 14:11:06,2026-01-03 14:11:09.792756,3.792755575717356
stable_high_baseline_goldendoodle_03,2026-01-04 21:52:58,2026-01-04 21:53:00.201140,2.201139618606693
stable_high_baseline_goldendoodle_03,2026-01-04 10:07:19,2026-01-04 10:07:24.856558,5.856557521487337
stable_high_baseline_goldendoodle_03,2026-01-04 11:00:51,2026-01-04 11:00:55.246345,4.246345338420911
stable_high_baseline_goldendoodle_03,2026-01-04 06:56:04,2026-01-04 06:56:07.947911,3.9479111011152583
stable_high_baseline_goldendoodle_03,2026-01-04 19:48:09,2026-01-04 19:48:12.795131,3.795130973095066
stable_high_baseline_goldendoodle_03,2026-01-04 12:55:31,2026-01-04 12:55:33.404526,2.404525536805078
stable_high_baseline_goldendoodle_03,2026-01-04 16:44:06,2026-01-04 16:44:08.507875,2.507875127733765
stable_high_baseline_goldendoodle_03,2026-01-04 08:52:31,2026-01-04 08:52:36.407131,5.407131194889807
stable_high_baseline_goldendoodle_03,2026-01-04 19:50:54,2026-01-04 19:50:59.390579,5.390578707425251
stable_high_baseline_goldendoodle_03,2026-01-04 08:46:11,2026-01-04 08:46:13.214826,2.2148256814126737
stable_high_baseline_goldendoodle_03,2026-01-04 08:01:50,2026-01-04 08:01:54.852905,4.852905436552089
stable_high_baseline_goldendoodle_03,2026-01-04 04:56:27,2026-01-04 04:56:30.159089,3.159088980088369
stable_high_baseline_goldendoodle_03,2026-01-04 02:13:28,2026-01-04 02:13:30.928768,2.9287678170840112
stable_high_baseline_goldendoodle_03,2026-01-04 21:37:36,2026-01-04 21:37:38.983505,2.9835048030113622
stable_high_baseline_goldendoodle_03,2026-01-04 20:20:02,2026-01-04 20:20:07.685951,5.685950685485389
stable_high_baseline_goldendoodle_03,2026-01-04 10:07:11,2026-01-04 10:07:15.461480,4.4614799169839
stable_high_baseline_goldendoodle_03,2026-01-04 21:06:56,2026-01-04 21:07:00.415367,4.415366556308638
stable_high_baseline_goldendoodle_03,2026-01-04 10:23:18,2026-01-04 10:23:22.352811,4.352811318122144
stable_high_baseline_goldendoodle_03,2026-01-04 16:31:27,2026-01-04 16:31:29.703710,2.7037097636480354
stable_high_baseline_goldendoodle_03,2026-01-04 06:15:27,2026-01-04 06:15:30.996449,3.996448632641309
stable_high_baseline_goldendoodle_03,2026-01-04 14:33:48,2026-01-04 14:33:53.601136,5.601136377445847
stable_high_baseline_goldendoodle_03,2026-01-04 17:27:49,2026-01-04 17:27:54.702967,5.702967443873355
stable_high_baseline_goldendoodle_03,2026-01-04 15:16:03,2026-01-04 15:16:07.878801,4.8788011624160275
stable_high_baseline_goldendoodle_03,2026-01-04 13:02:19,2026-01-04 13:02:23.157342,4.15734154042631
stable_high_baseline_goldendoodle_03,2026-01-04 10:35:05,2026-01-04 10:35:08.141125,3.1411252071038027
stable_high_baseline_goldendoodle_03,2026-01-04 09:49:11,2026-01-04 09:49:13.796474,2.796473788525974
stable_high_baseline_goldendoodle_03,2026-01-04 06:34:13,2026-01-04 06:34:16.724855,3.7248551792334657
stable_high_baseline_goldendoodle_03,2026-01-04 13:43:17,2026-01-04 13:43:20.036380,3.0363801318788233
stable_high_baseline_goldendoodle_03,2026-01-04 18:11:21,2026-01-04 18:11:24.306769,3.3067685945482266
stable_high_baseline_goldendoodle_03,2026-01-04 20:51:38,2026-01-04 20:51:41.826109,3.826109143556285
stable_high_baseline_goldendoodle_03,2026-01-04 19:13:19,2026-01-04 19:13:24.646153,5.646153049437229
stable_high_baseline_goldendoodle_03,2026-01-04 08:21:34,2026-01-04 08:21:36.425035,2.4250347550780713
stable_high_baseline_goldendoodle_03,2026-01-04 23:56:43,2026-01-04 23:56:48.598065,5.5980653332197114
stable_high_baseline_goldendoodle_03,2026-01-04 09:45:43,2026-01-04 09:45:46.131893,3.131893143111952
stable_high_baseline_goldendoodle_03,2026-01-04 03:45:00,2026-01-04 03:45:04.124170,4.124169552965347
stable_high_baseline_goldendoodle_03,2026-01-04 08:14:42,2026-01-04 08:14:44.993486,2.993486115379978
stable_high_baseline_goldendoodle_03,2026-01-05 17:39:43,2026-01-05 17:39:48.802948,5.802948403904752
stable_high_baseline_goldendoodle_03,2026-01-05 21:48:05,2026-01-05 21:48:08.971892,3.9718921232208575
stable_high_baseline_goldendoodle_03,2026-01-05 09:04:27,2026-01-05 09:04:32.947061,5.947060563242701
stable_high_baseline_goldendoodle_03,2026-01-05 08:51:01,2026-01-05 08:51:03.378521,2.3785206965895838
stable_high_baseline_goldendoodle_03,2026-01-05 11:44:17,2026-01-05 11:44:22.820171,5.8201714020214785
stable_high_baseline_goldendoodle_03,2026-01-05 15:26:35,2026-01-05 15:26:38.461675,3.461675342271951
stable_high_baseline_goldendoodle_03,2026-01-05 14:05:22,2026-01-05 14:05:27.015678,5.015677673899861
stable_high_baseline_goldendoodle_03,2026-01-05 10:35:38,2026-01-05 10:35:40.963283,2.963283196690822
stable_high_baseline_goldendoodle_03,2026-01-05 13:45:26,2026-01-05 13:45:28.388278,2.3882781584823847
stable_high_baseline_goldendoodle_03,2026-01-05 14:23:02,2026-01-05 14:23:07.734118,5.734117742278798
stable_high_baseline_goldendoodle_03,2026-01-05 11:44:03,2026-01-05 11:44:05.891246,2.891245515534101
stable_high_baseline_goldendoodle_03,2026-01-05 00:41:25,2026-01-05 00:41:30.663828,5.663827565048158
stable_high_baseline_goldendoodle_03,2026-01-05 11:32:42,2026-01-05 11:32:47.414470,5.414469571847805
stable_high_baseline_goldendoodle_03,2026-01-05 06:46:04,2026-01-05 06:46:08.870197,4.870197011379634
stable_high_baseline_goldendoodle_03,2026-01-05 10:51:49,2026-01-05 10:51:52.371357,3.371356605646035
stable_high_baseline_goldendoodle_03,2026-01-05 11:30:25,2026-01-05 11:30:27.986995,2.9869952446357435
stable_high_baseline_goldendoodle_03,2026-01-05 11:30:41,2026-01-05 11:30:44.034163,3.034162589055179
stable_high_baseline_goldendoodle_03,2026-01-05 07:56:54,2026-01-05 07:56:58.446218,4.446218231342732
stable_high_baseline_goldendoodle_03,2026-01-05 08:57:06,2026-01-05 08:57:10.155310,4.155310134749505
stable_high_baseline_goldendoodle_03,2026-01-05 09:58:16,2026-01-05 09:58:18.845839,2.8458392650729967
stable_high_baseline_goldendoodle_03,2026-01-05 06:07:57,2026-01-05 06:08:00.711414,3.711414300581467
stable_high_baseline_goldendoodle_03,2026-01-05 17:15:49,2026-01-05 17:15:53.487518,4.487518165384263
stable_high_baseline_goldendoodle_03,2026-01-05 09:57:55,2026-01-05 09:57:58.513033,3.513033090992318
stable_high_baseline_goldendoodle_03,2026-01-05 11:05:04,2026-01-05 11:05:09.547024,5.547023960512796
stable_high_baseline_goldendoodle_03,2026-01-05 14:56:12,2026-01-05 14:56:17.813719,5.813718607885676
stable_high_baseline_goldendoodle_03,2026-01-05 17:06:24,2026-01-05 17:06:29.227224,5.227224473298105
stable_high_baseline_goldendoodle_03,2026-01-05 04:46:42,2026-01-05 04:46:44.034676,2.0346761081959057
stable_high_baseline_goldendoodle_03,2026-01-05 16:36:04,2026-01-05 16:36:07.898618,3.8986177814984218
stable_high_baseline_goldendoodle_03,2026-01-06 01:13:49,2026-01-06 01:13:51.345793,2.3457934107389558
stable_high_baseline_goldendoodle_03,2026-01-06 16:56:12,2026-01-06 16:56:17.001707,5.0017065129175045
stable_high_baseline_goldendoodle_03,2026-01-06 02:32:10,2026-01-06 02:32:14.854229,4.854229447760982
stable_high_baseline_goldendoodle_03,2026-01-06 11:02:03,2026-01-06 11:02:07.068902,4.0689020694878035
stable_high_baseline_goldendoodle_03,2026-01-06 09:47:37,2026-01-06 09:47:41.657077,4.657076726093481
stable_high_baseline_goldendoodle_03,2026-01-06 07:34:37,2026-01-06 07:34:41.137210,4.13721002241837
stable_high_baseline_goldendoodle_03,2026-01-06 08:52:01,2026-01-06 08:52:05.480633,4.48063347151982
stable_high_baseline_goldendoodle_03,2026-01-06 16:36:02,2026-01-06 16:36:05.330356,3.3303555421283977
stable_high_baseline_goldendoodle_03,2026-01-06 11:58:06,2026-01-06 11:58:08.353876,2.3538755188199447
stable_high_baseline_goldendoodle_03,2026-01-06 10:05:55,2026-01-06 10:06:00.038756,5.0387556658392345
stable_high_baseline_goldendoodle_03,2026-01-06 09:15:07,2026-01-06 09:15:12.121176,5.121175989530179
stable_high_baseline_goldendoodle_03,2026-01-06 08:20:38,2026-01-06 08:20:42.408343,4.408342793042202
stable_high_baseline_goldendoodle_03,2026-01-06 14:33:21,2026-01-06 14:33:25.507997,4.507997439057412
stable_high_baseline_goldendoodle_03,2026-01-06 01:58:57,2026-01-06 01:59:01.416612,4.416611508073771
stable_high_baseline_goldendoodle_03,2026-01-06 17:57:29,2026-01-06 17:57:31.360225,2.3602253025438
stable_high_baseline_goldendoodle_03,2026-01-06 02:28:42,2026-01-06 02:28:45.683334,3.6833343820465445
stable_high_baseline_goldendoodle_03,2026-01-06 20:01:34,2026-01-06 20:01:39.675815,5.675814561718404
stable_high_baseline_goldendoodle_03,2026-01-06 03:02:14,2026-01-06 03:02:19.014762,5.014761554412696
stable_high_baseline_goldendoodle_03,2026-01-07 10:30:41,2026-01-07 10:30:43.380111,2.380110802222296
stable_high_baseline_goldendoodle_03,2026-01-07 06:39:30,2026-01-07 06:39:35.662513,5.662513182736523
stable_high_baseline_goldendoodle_03,2026-01-07 15:48:16,2026-01-07 15:48:21.322580,5.322580148743425
stable_high_baseline_goldendoodle_03,2026-01-07 19:22:13,2026-01-07 19:22:18.034733,5.034733458362784
stable_high_baseline_goldendoodle_03,2026-01-07 15:52:29,2026-01-07 15:52:32.378245,3.378245227041568
stable_high_baseline_goldendoodle_03,2026-01-07 20:46:03,2026-01-07 20:46:07.049549,4.049549269600978
stable_high_baseline_goldendoodle_03,2026-01-07 23:45:50,2026-01-07 23:45:52.991151,2.991150809510063
stable_high_baseline_goldendoodle_03,2026-01-07 16:44:00,2026-01-07 16:44:04.175555,4.1755552812418895
stable_high_baseline_goldendoodle_03,2026-01-07 18:13:17,2026-01-07 18:13:20.698320,3.698320379771319
stable_high_baseline_goldendoodle_03,2026-01-07 13:23:24,2026-01-07 13:23:29.627298,5.62729848701173
stable_high_baseline_goldendoodle_03,2026-01-07 15:16:34,2026-01-07 15:16:37.533972,3.5339722029196414
stable_high_baseline_goldendoodle_03,2026-01-07 16:27:04,2026-01-07 16:27:06.009292,2.0092917262655754
stable_high_baseline_goldendoodle_03,2026-01-07 14:28:46,2026-01-07 14:28:49.642568,3.642567713562462
stable_high_baseline_goldendoodle_03,2026-01-07 06:37:41,2026-01-07 06:37:44.416818,3.4168182444348143
stable_high_baseline_goldendoodle_03,2026-01-07 12:26:22,2026-01-07 12:26:25.469616,3.4696157910293075
stable_high_baseline_goldendoodle_03,2026-01-07 04:35:10,2026-01-07 04:35:15.059096,5.059095895451609
stable_high_baseline_goldendoodle_03,2026-01-07 13:37:28,2026-01-07 13:37:31.451528,3.4515283398248116
stable_high_baseline_goldendoodle_03,2026-01-07 10:18:05,2026-01-07 10:18:10.139903,5.1399033466730994
stable_high_baseline_goldendoodle_03,2026-01-07 11:43:35,2026-01-07 11:43:37.928849,2.928849415749458
stable_high_baseline_goldendoodle_03,2026-01-07 20:59:46,2026-01-07 20:59:50.429630,4.429629915289987
stable_high_baseline_goldendoodle_03,2026-01-07 08:56:05,2026-01-07 08:56:09.911245,4.911245215328077
stable_high_baseline_goldendoodle_03,2026-01-07 19:47:41,2026-01-07 19:47:44.777508,3.777508423370669
stable_high_baseline_goldendoodle_03,2026-01-07 17:16:18,2026-01-07 17:16:21.404071,3.4040714967598222
stable_high_baseline_goldendoodle_03,2026-01-07 18:05:30,2026-01-07 18:05:33.917209,3.9172085242724726
stable_high_baseline_goldendoodle_03,2026-01-07 23:13:54,2026-01-07 23:13:58.563986,4.563986369826429
stable_high_baseline_goldendoodle_03,2026-01-07 21:59:46,2026-01-07 21:59:49.793928,3.793928024775735
stable_high_baseline_goldendoodle_03,2026-01-07 11:20:35,2026-01-07 11:20:39.996363,4.996363310313441
stable_high_baseline_goldendoodle_03,2026-01-07 11:50:30,2026-01-07 11:50:34.407368,4.407367635730705
stable_high_baseline_goldendoodle_03,2026-01-07 06:35:25,2026-01-07 06:35:29.868122,4.868121846574057
stable_high_baseline_goldendoodle_03,2026-01-07 18:50:11,2026-01-07 18:50:14.278602,3.2786015605479997
stable_high_baseline_goldendoodle_03,2026-01-07 16:25:37,2026-01-07 16:25:39.371711,2.371711457737388
stable_high_baseline_goldendoodle_03,2026-01-07 05:38:01,2026-01-07 05:38:05.223188,4.223188331074683
stable_high_baseline_goldendoodle_03,2026-01-07 08:06:12,2026-01-07 08:06:14.052352,2.0523518019582916
stable_high_baseline_goldendoodle_03,2026-01-07 09:43:58,2026-01-07 09:44:02.966755,4.9667547229174795
stable_high_baseline_goldendoodle_03,2026-01-07 16:35:55,2026-01-07 16:35:57.925935,2.9259353920978293
stable_high_baseline_goldendoodle_03,2026-01-08 23:14:24,2026-01-08 23:14:29.512765,5.512764692957051
stable_high_baseline_goldendoodle_03,2026-01-08 07:29:44,2026-01-08 07:29:47.467066,3.467065511782235
stable_high_baseline_goldendoodle_03,2026-01-08 12:15:14,2026-01-08 12:15:19.274553,5.274553376957631
stable_high_baseline_goldendoodle_03,2026-01-08 08:30:30,2026-01-08 08:30:33.398908,3.3989083819781345
stable_high_baseline_goldendoodle_03,2026-01-08 08:31:27,2026-01-08 08:31:30.999296,3.9992962454002194
stable_high_baseline_goldendoodle_03,2026-01-08 23:30:23,2026-01-08 23:30:25.799982,2.7999818412459887
stable_high_baseline_goldendoodle_03,2026-01-08 06:00:56,2026-01-08 06:00:58.566014,2.5660137073540925
stable_high_baseline_goldendoodle_03,2026-01-08 08:37:04,2026-01-08 08:37:07.731145,3.7311448837036543
stable_high_baseline_goldendoodle_03,2026-01-08 06:13:59,2026-01-08 06:14:01.054161,2.054160756293328
stable_high_baseline_goldendoodle_03,2026-01-08 05:03:50,2026-01-08 05:03:52.696211,2.6962113486965817
stable_high_baseline_goldendoodle_03,2026-01-08 19:06:42,2026-01-08 19:06:44.638061,2.6380609242678887
stable_high_baseline_goldendoodle_03,2026-01-08 13:01:09,2026-01-08 13:01:12.692228,3.6922283931365842
stable_high_baseline_goldendoodle_03,2026-01-08 21:42:28,2026-01-08 21:42:31.662199,3.66219914583276
stable_high_baseline_goldendoodle_03,2026-01-08 09:00:41,2026-01-08 09:00:45.280289,4.280289454681379
stable_high_baseline_goldendoodle_03,2026-01-08 14:57:47,2026-01-08 14:57:51.497107,4.49710657116594
stable_high_baseline_goldendoodle_03,2026-01-08 21:07:27,2026-01-08 21:07:32.053314,5.053314248990238
stable_high_baseline_goldendoodle_03,2026-01-08 08:33:28,2026-01-08 08:33:31.573872,3.573872159417656
stable_high_baseline_goldendoodle_03,2026-01-08 10:07:43,2026-01-08 10:07:48.414678,5.414678475587451
stable_high_baseline_goldendoodle_03,2026-01-08 21:54:31,2026-01-08 21:54:36.104241,5.1042405221623355
stable_high_baseline_goldendoodle_03,2026-01-08 17:52:09,2026-01-08 17:52:11.933190,2.9331898313465703
stable_high_baseline_goldendoodle_03,2026-01-09 10:49:53,2026-01-09 10:49:55.202157,2.202156985649316
stable_high_baseline_goldendoodle_03,2026-01-09 16:50:38,2026-01-09 16:50:42.355210,4.355210296603149
stable_high_baseline_goldendoodle_03,2026-01-09 15:40:15,2026-01-09 15:40:18.667838,3.6678378328621273
stable_high_baseline_goldendoodle_03,2026-01-09 12:49:22,2026-01-09 12:49:27.033438,5.0334378319596995
stable_high_baseline_goldendoodle_03,2026-01-09 11:00:00,2026-01-09 11:00:03.849052,3.8490516155952137
stable_high_baseline_goldendoodle_03,2026-01-09 16:00:48,2026-01-09 16:00:52.533251,4.533251393821358
stable_high_baseline_goldendoodle_03,2026-01-09 14:25:07,2026-01-09 14:25:10.166370,3.1663699842751796
stable_high_baseline_goldendoodle_03,2026-01-09 20:58:16,2026-01-09 20:58:18.983186,2.9831857827772406
stable_high_baseline_goldendoodle_03,2026-01-09 20:30:24,2026-01-09 20:30:29.285742,5.2857424666908415
stable_high_baseline_goldendoodle_03,2026-01-09 12:38:16,2026-01-09 12:38:20.191596,4.1915964353314195
stable_high_baseline_goldendoodle_03,2026-01-09 19:29:01,2026-01-09 19:29:04.051860,3.051860461433188
stable_high_baseline_goldendoodle_03,2026-01-09 22:52:00,2026-01-09 22:52:02.901117,2.9011167571308505
stable_high_baseline_goldendoodle_03,2026-01-09 16:57:07,2026-01-09 16:57:10.990007,3.990007459531134
stable_high_baseline_goldendoodle_03,2026-01-09 18:54:22,2026-01-09 18:54:26.246099,4.246099328406732
stable_high_baseline_goldendoodle_03,2026-01-09 06:08:05,2026-01-09 06:08:07.519794,2.5197944844009923
stable_high_baseline_goldendoodle_03,2026-01-09 17:11:15,2026-01-09 17:11:19.260470,4.260470348304079
stable_high_baseline_goldendoodle_03,2026-01-09 13:23:52,2026-01-09 13:23:57.542421,5.54242080925378
stable_high_baseline_goldendoodle_03,2026-01-09 20:55:24,2026-01-09 20:55:26.379353,2.379353383811338
stable_high_baseline_goldendoodle_03,2026-01-09 12:31:00,2026-01-09 12:31:05.349697,5.349697441348498
stable_high_baseline_goldendoodle_03,2026-01-09 13:31:29,2026-01-09 13:31:33.531314,4.531314103272334
stable_high_baseline_goldendoodle_03,2026-01-09 16:19:10,2026-01-09 16:19:12.367631,2.3676314459658467
stable_high_baseline_goldendoodle_03,2026-01-09 11:52:01,2026-01-09 11:52:04.041076,3.0410755703332844
stable_high_baseline_goldendoodle_03,2026-01-09 01:19:40,2026-01-09 01:19:43.594241,3.594241265837359
stable_high_baseline_goldendoodle_03,2026-01-09 12:13:16,2026-01-09 12:13:19.512641,3.5126406799133814
stable_high_baseline_goldendoodle_03,2026-01-10 03:54:22,2026-01-10 03:54:27.516872,5.516871822901159
stable_high_baseline_goldendoodle_03,2026-01-10 11:08:07,2026-01-10 11:08:12.262098,5.262097861177301
stable_high_baseline_goldendoodle_03,2026-01-10 15:21:22,2026-01-10 15:21:26.488158,4.488157985583031
stable_high_baseline_goldendoodle_03,2026-01-10 11:18:01,2026-01-10 11:18:05.100896,4.100895848370657
stable_high_baseline_goldendoodle_03,2026-01-10 16:25:17,2026-01-10 16:25:22.096310,5.096309681868384
stable_high_baseline_goldendoodle_03,2026-01-10 18:36:17,2026-01-10 18:36:22.304729,5.30472926140265
stable_high_baseline_goldendoodle_03,2026-01-10 03:27:29,2026-01-10 03:27:33.671066,4.671065574269971
stable_high_baseline_goldendoodle_03,2026-01-10 07:55:04,2026-01-10 07:55:07.182515,3.1825145096294776
stable_high_baseline_goldendoodle_03,2026-01-10 17:07:09,2026-01-10 17:07:14.000808,5.000808301712182
stable_high_baseline_goldendoodle_03,2026-01-10 01:31:50,2026-01-10 01:31:54.077285,4.0772846650717245
stable_high_baseline_goldendoodle_03,2026-01-10 11:04:22,2026-01-10 11:04:24.562823,2.5628227936408
stable_high_baseline_goldendoodle_03,2026-01-10 19:57:26,2026-01-10 19:57:28.105208,2.1052081859218186
stable_high_baseline_goldendoodle_03,2026-01-10 19:53:06,2026-01-10 19:53:11.465302,5.4653022450382736
stable_high_baseline_goldendoodle_03,2026-01-11 12:01:18,2026-01-11 12:01:21.425732,3.4257321045861406
stable_high_baseline_goldendoodle_03,2026-01-11 06:24:26,2026-01-11 06:24:31.054482,5.054482299190781
stable_high_baseline_goldendoodle_03,2026-01-11 20:27:59,2026-01-11 20:28:03.656339,4.656339400552998
stable_high_baseline_goldendoodle_03,2026-01-11 17:33:51,2026-01-11 17:33:56.037382,5.037382036911621
stable_high_baseline_goldendoodle_03,2026-01-11 11:07:24,2026-01-11 11:07:27.640716,3.6407160285804254
stable_high_baseline_goldendoodle_03,2026-01-11 08:41:01,2026-01-11 08:41:05.937326,4.9373263699749526
stable_high_baseline_goldendoodle_03,2026-01-11 21:00:20,2026-01-11 21:00:22.856519,2.856519407245296
stable_high_baseline_goldendoodle_03,2026-01-11 10:52:42,2026-01-11 10:52:45.465171,3.46517064929634
stable_high_baseline_goldendoodle_03,2026-01-11 21:54:53,2026-01-11 21:54:55.166550,2.166549742271989
stable_high_baseline_goldendoodle_03,2026-01-11 11:50:35,2026-01-11 11:50:38.010608,3.010607547775875
stable_high_baseline_goldendoodle_03,2026-01-11 14:12:36,2026-01-11 14:12:39.644472,3.644472457189781
stable_high_baseline_goldendoodle_03,2026-01-11 15:19:43,2026-01-11 15:19:47.697708,4.697707635229366
stable_high_baseline_goldendoodle_03,2026-01-11 09:47:12,2026-01-11 09:47:17.882948,5.882948157109418
stable_high_baseline_goldendoodle_03,2026-01-11 10:19:08,2026-01-11 10:19:10.183767,2.1837668309031524
stable_high_baseline_goldendoodle_03,2026-01-11 03:08:03,2026-01-11 03:08:05.856436,2.8564355279210103
stable_high_baseline_goldendoodle_03,2026-01-11 19:07:38,2026-01-11 19:07:42.030795,4.030795155310429
stable_high_baseline_goldendoodle_03,2026-01-11 02:25:30,2026-01-11 02:25:34.483441,4.483440906301128
stable_high_baseline_goldendoodle_03,2026-01-11 06:57:01,2026-01-11 06:57:04.395191,3.3951905760426215
stable_high_baseline_goldendoodle_03,2026-01-11 12:44:42,2026-01-11 12:44:44.610109,2.6101091328217456
stable_high_baseline_goldendoodle_03,2026-01-11 22:49:28,2026-01-11 22:49:32.159889,4.159888552173443
stable_high_baseline_goldendoodle_03,2026-01-11 16:57:51,2026-01-11 16:57:53.563528,2.563528318530246
stable_high_baseline_goldendoodle_03,2026-01-11 12:56:01,2026-01-11 12:56:03.242123,2.2421231528731265
stable_high_baseline_goldendoodle_03,2026-01-11 19:39:36,2026-01-11 19:39:41.602113,5.602113211510306
stable_high_baseline_goldendoodle_03,2026-01-11 15:59:44,2026-01-11 15:59:47.745713,3.7457128494485037
stable_high_baseline_goldendoodle_03,2026-01-11 12:23:29,2026-01-11 12:23:31.254440,2.254439859683349
stable_high_baseline_goldendoodle_03,2026-01-11 01:03:21,2026-01-11 01:03:26.025099,5.025099356653961
stable_high_baseline_goldendoodle_03,2026-01-11 07:40:39,2026-01-11 07:40:41.208570,2.208569858244222
stable_high_baseline_goldendoodle_03,2026-01-11 17:28:59,2026-01-11 17:29:04.156239,5.156239430900758
stable_high_baseline_goldendoodle_03,2026-01-11 21:24:06,2026-01-11 21:24:08.977080,2.9770796073535
stable_high_baseline_goldendoodle_03,2026-01-11 13:10:47,2026-01-11 13:10:49.637211,2.637211392062059
stable_high_baseline_goldendoodle_03,2026-01-11 01:53:31,2026-01-11 01:53:35.236884,4.236884089879206
stable_high_baseline_goldendoodle_03,2026-01-11 16:55:54,2026-01-11 16:55:57.359232,3.359232254110275
stable_high_baseline_goldendoodle_03,2026-01-11 00:36:13,2026-01-11 00:36:17.962404,4.962404178924375
stable_high_baseline_goldendoodle_03,2026-01-11 02:41:08,2026-01-11 02:41:13.330908,5.330907568480784
stable_high_baseline_goldendoodle_03,2026-01-11 19:36:28,2026-01-11 19:36:32.191868,4.191868026690496
stable_high_baseline_goldendoodle_03,2026-01-11 01:36:15,2026-01-11 01:36:19.888219,4.888218927157467
stable_high_baseline_goldendoodle_03,2026-01-11 18:19:22,2026-01-11 18:19:24.599119,2.5991186075100505
stable_high_baseline_goldendoodle_03,2026-01-12 06:02:36,2026-01-12 06:02:38.282649,2.282648887283606
stable_high_baseline_goldendoodle_03,2026-01-12 11:33:46,2026-01-12 11:33:48.208369,2.2083690238210485
stable_high_baseline_goldendoodle_03,2026-01-12 00:56:45,2026-01-12 00:56:49.622616,4.622615797977935
stable_high_baseline_goldendoodle_03,2026-01-12 20:42:37,2026-01-12 20:42:42.078071,5.078071201363201
stable_high_baseline_goldendoodle_03,2026-01-12 21:36:47,2026-01-12 21:36:50.911690,3.911689574925507
stable_high_baseline_goldendoodle_03,2026-01-12 03:36:11,2026-01-12 03:36:13.789252,2.7892521269960833
stable_high_baseline_goldendoodle_03,2026-01-12 20:16:05,2026-01-12 20:16:07.656812,2.656812060393752
stable_high_baseline_goldendoodle_03,2026-01-12 10:10:31,2026-01-12 10:10:34.492626,3.492626456637637
stable_high_baseline_goldendoodle_03,2026-01-12 11:55:28,2026-01-12 11:55:32.347455,4.347455398637875
stable_high_baseline_goldendoodle_03,2026-01-12 16:27:40,2026-01-12 16:27:45.720006,5.720005982598315
stable_high_baseline_goldendoodle_03,2026-01-12 06:26:55,2026-01-12 06:26:57.634917,2.634916755767497
stable_high_baseline_goldendoodle_03,2026-01-12 04:15:58,2026-01-12 04:16:02.859429,4.859428681062028
stable_high_baseline_goldendoodle_03,2026-01-12 06:36:09,2026-01-12 06:36:12.124096,3.124096378231966
stable_high_baseline_goldendoodle_03,2026-01-12 15:16:31,2026-01-12 15:16:34.959799,3.959799416859585
stable_high_baseline_goldendoodle_03,2026-01-12 09:34:53,2026-01-12 09:34:58.695916,5.695916457956672
stable_high_baseline_goldendoodle_03,2026-01-12 12:51:14,2026-01-12 12:51:16.017293,2.0172929940068953
stable_high_baseline_goldendoodle_03,2026-01-12 17:04:53,2026-01-12 17:04:55.537149,2.53714943798405
stable_high_baseline_goldendoodle_03,2026-01-12 08:47:49,2026-01-12 08:47:52.041219,3.041218826251609
stable_high_baseline_goldendoodle_03,2026-01-12 13:50:05,2026-01-12 13:50:08.808389,3.80838917955085
stable_high_baseline_goldendoodle_03,2026-01-12 07:01:45,2026-01-12 07:01:48.007693,3.007692518855809
stable_high_baseline_goldendoodle_03,2026-01-12 16:46:42,2026-01-12 16:46:45.000446,3.0004461324417355
stable_high_baseline_goldendoodle_03,2026-01-12 12:57:45,2026-01-12 12:57:50.126208,5.126207630895043
stable_high_baseline_goldendoodle_03,2026-01-12 12:10:08,2026-01-12 12:10:12.913916,4.913916098377946
stable_high_baseline_goldendoodle_03,2026-01-12 11:19:47,2026-01-12 11:19:52.354084,5.35408380522473
stable_high_baseline_goldendoodle_03,2026-01-12 08:47:52,2026-01-12 08:47:56.198689,4.19868882346297
stable_high_baseline_goldendoodle_03,2026-01-12 19:57:57,2026-01-12 19:58:01.778954,4.778954149102434
stable_high_baseline_goldendoodle_03,2026-01-12 17:43:28,2026-01-12 17:43:32.172421,4.17242133088738
stable_high_baseline_goldendoodle_03,2026-01-12 10:08:00,2026-01-12 10:08:04.516490,4.5164901919451745
stable_high_baseline_goldendoodle_03,2026-01-12 14:52:51,2026-01-12 14:52:54.215788,3.2157876423146314
stable_high_baseline_goldendoodle_03,2026-01-12 21:14:50,2026-01-12 21:14:55.388844,5.3888436792455705
stable_high_baseline_goldendoodle_03,2026-01-12 18:18:43,2026-01-12 18:18:46.677368,3.6773678363274707
stable_high_baseline_goldendoodle_03,2026-01-12 08:58:04,2026-01-12 08:58:08.472068,4.47206796313293
stable_high_baseline_goldendoodle_03,2026-01-12 13:59:15,2026-01-12 13:59:20.775208,5.7752076753105825
stable_high_baseline_goldendoodle_03,2026-01-12 09:56:52,2026-01-12 09:56:55.300836,3.30083588272918
stable_high_baseline_goldendoodle_03,2026-01-12 10:47:41,2026-01-12 10:47:45.088308,4.088308404658569
stable_high_baseline_goldendoodle_03,2026-01-12 06:13:23,2026-01-12 06:13:26.704821,3.704821040467974
stable_high_baseline_goldendoodle_03,2026-01-12 07:26:08,2026-01-12 07:26:11.039068,3.039068124820046
stable_high_baseline_goldendoodle_03,2026-01-12 07:13:54,2026-01-12 07:13:56.214209,2.214209154145283
stable_high_baseline_goldendoodle_03,2026-01-12 14:35:35,2026-01-12 14:35:37.752120,2.752119647715652
stable_high_baseline_goldendoodle_03,2026-01-12 21:43:45,2026-01-12 21:43:49.245530,4.2455303453485325
stable_high_baseline_goldendoodle_03,2026-01-12 06:37:56,2026-01-12 06:37:58.532683,2.5326833001120264
stable_high_baseline_goldendoodle_03,2026-01-12 12:26:44,2026-01-12 12:26:47.320367,3.3203673312451834
stable_high_baseline_goldendoodle_03,2026-01-13 05:59:14,2026-01-13 05:59:17.374240,3.3742404803789716
stable_high_baseline_goldendoodle_03,2026-01-13 19:58:34,2026-01-13 19:58:38.191454,4.191454087209463
stable_high_baseline_goldendoodle_03,2026-01-13 00:13:18,2026-01-13 00:13:23.223185,5.22318493283326
stable_high_baseline_goldendoodle_03,2026-01-13 17:52:51,2026-01-13 17:52:54.492487,3.492487437076516
stable_high_baseline_goldendoodle_03,2026-01-13 08:20:36,2026-01-13 08:20:40.111258,4.111258392135822
stable_high_baseline_goldendoodle_03,2026-01-13 07:02:49,2026-01-13 07:02:53.518166,4.518165734230482
stable_high_baseline_goldendoodle_03,2026-01-13 09:51:25,2026-01-13 09:51:30.736430,5.736430272384264
stable_high_baseline_goldendoodle_03,2026-01-13 06:19:12,2026-01-13 06:19:17.826142,5.826141984029798
stable_high_baseline_goldendoodle_03,2026-01-13 18:32:28,2026-01-13 18:32:31.969452,3.969451774338897
stable_high_baseline_goldendoodle_03,2026-01-13 19:05:21,2026-01-13 19:05:26.622404,5.622403729751582
stable_high_baseline_goldendoodle_03,2026-01-13 14:37:45,2026-01-13 14:37:50.852106,5.852106241673825
stable_high_baseline_goldendoodle_03,2026-01-13 01:16:06,2026-01-13 01:16:11.475480,5.475479584495435
stable_high_baseline_goldendoodle_03,2026-01-13 14:06:49,2026-01-13 14:06:54.535402,5.535401792868187
stable_high_baseline_goldendoodle_03,2026-01-13 18:29:28,2026-01-13 18:29:30.456263,2.4562629685286974
stable_high_baseline_goldendoodle_03,2026-01-13 07:12:51,2026-01-13 07:12:53.298133,2.2981329750255224
stable_high_baseline_goldendoodle_03,2026-01-13 11:04:25,2026-01-13 11:04:27.054236,2.0542355404649215
stable_high_baseline_goldendoodle_03,2026-01-13 12:09:10,2026-01-13 12:09:12.674850,2.6748496361119622
stable_high_baseline_goldendoodle_03,2026-01-13 05:49:23,2026-01-13 05:49:26.129462,3.1294621967806933
stable_high_baseline_goldendoodle_03,2026-01-13 11:34:01,2026-01-13 11:34:03.834089,2.834088765873946
stable_high_baseline_goldendoodle_03,2026-01-13 10:11:07,2026-01-13 10:11:10.030258,3.0302579502247973
stable_high_baseline_goldendoodle_03,2026-01-13 19:16:39,2026-01-13 19:16:43.302330,4.3023295675319
stable_high_baseline_goldendoodle_03,2026-01-13 16:35:01,2026-01-13 16:35:06.109586,5.109586271842392
stable_high_baseline_goldendoodle_03,2026-01-13 15:54:12,2026-01-13 15:54:14.360307,2.360307279947967
stable_high_baseline_goldendoodle_03,2026-01-13 06:43:00,2026-01-13 06:43:04.730503,4.730502698142088
stable_high_baseline_goldendoodle_03,2026-01-13 09:12:04,2026-01-13 09:12:07.901210,3.9012095023401843
stable_high_baseline_goldendoodle_03,2026-01-13 19:10:00,2026-01-13 19:10:03.157814,3.1578139069627773
stable_high_baseline_goldendoodle_03,2026-01-13 22:11:48,2026-01-13 22:11:50.628943,2.628943402834831
stable_high_baseline_goldendoodle_03,2026-01-13 20:49:36,2026-01-13 20:49:39.097071,3.0970708449951543
stable_high_baseline_goldendoodle_03,2026-01-13 13:20:01,2026-01-13 13:20:04.954569,3.954569433722253
stable_high_baseline_goldendoodle_03,2026-01-13 07:19:47,2026-01-13 07:19:51.851219,4.85121875217253
stable_high_baseline_goldendoodle_03,2026-01-13 07:11:02,2026-01-13 07:11:04.554852,2.554852299852454
stable_high_baseline_goldendoodle_03,2026-01-13 15:01:38,2026-01-13 15:01:41.005389,3.0053891351109767
stable_high_baseline_goldendoodle_03,2026-01-13 14:52:56,2026-01-13 14:52:58.515520,2.5155201717835927
stable_high_baseline_goldendoodle_03,2026-01-13 14:38:54,2026-01-13 14:38:56.319308,2.3193082458336467
stable_high_baseline_goldendoodle_03,2026-01-13 23:49:25,2026-01-13 23:49:27.730889,2.7308889156485794
stable_high_baseline_goldendoodle_03,2026-01-13 17:40:46,2026-01-13 17:40:50.855335,4.855334882097104
stable_high_baseline_goldendoodle_03,2026-01-13 13:47:58,2026-01-13 13:48:02.523276,4.523275599992311
stable_high_baseline_goldendoodle_03,2026-01-13 07:30:31,2026-01-13 07:30:33.947290,2.947290271641262
stable_high_baseline_goldendoodle_03,2026-01-13 10:51:29,2026-01-13 10:51:34.266974,5.266974396337135
stable_high_baseline_goldendoodle_03,2026-01-13 16:21:24,2026-01-13 16:21:27.214037,3.2140369749203686
stable_high_baseline_goldendoodle_03,2026-01-13 09:50:19,2026-01-13 09:50:23.704891,4.704891499756106
stable_high_baseline_goldendoodle_03,2026-01-13 03:53:44,2026-01-13 03:53:47.744759,3.7447586317166563
stable_high_baseline_goldendoodle_03,2026-01-13 07:03:01,2026-01-13 07:03:04.982232,3.9822318356410014
stable_high_baseline_goldendoodle_03,2026-01-13 07:32:32,2026-01-13 07:32:36.387100,4.387099805504925
stable_high_baseline_goldendoodle_03,2026-01-13 10:03:06,2026-01-13 10:03:08.226738,2.226738421837101
stable_high_baseline_goldendoodle_03,2026-01-13 18:30:22,2026-01-13 18:30:24.081220,2.081219709853228
stable_high_baseline_goldendoodle_03,2026-01-13 02:12:10,2026-01-13 02:12:12.135250,2.1352496244129546
stable_high_baseline_goldendoodle_03,2026-01-13 20:28:30,2026-01-13 20:28:35.571500,5.571500335089326
stable_high_baseline_goldendoodle_03,2026-01-13 08:57:03,2026-01-13 08:57:08.100103,5.100103177099189
stable_high_baseline_goldendoodle_03,2026-01-13 13:01:39,2026-01-13 13:01:41.433456,2.43345635565576
stable_high_baseline_goldendoodle_03,2026-01-13 20:50:18,2026-01-13 20:50:23.897594,5.897594326962441
stable_high_baseline_goldendoodle_03,2026-01-13 18:16:14,2026-01-13 18:16:18.266077,4.266077071569232
stable_high_baseline_goldendoodle_03,2026-01-13 09:32:55,2026-01-13 09:33:00.756703,5.756703117471686
stable_high_baseline_goldendoodle_03,2026-01-13 21:55:52,2026-01-13 21:55:54.915663,2.9156627610670562
stable_high_baseline_goldendoodle_03,2026-01-13 07:04:45,2026-01-13 07:04:47.989578,2.9895775800195414
stable_high_baseline_goldendoodle_03,2026-01-13 02:06:40,2026-01-13 02:06:42.443714,2.4437135975649067
stable_high_baseline_goldendoodle_03,2026-01-14 20:18:29,2026-01-14 20:18:34.060388,5.060388110856999
stable_high_baseline_goldendoodle_03,2026-01-14 17:29:47,2026-01-14 17:29:51.900259,4.900258608295329
stable_high_baseline_goldendoodle_03,2026-01-14 07:06:39,2026-01-14 07:06:43.336990,4.336989867957531
stable_high_baseline_goldendoodle_03,2026-01-14 13:57:08,2026-01-14 13:57:13.675543,5.675542602939967
stable_high_baseline_goldendoodle_03,2026-01-14 19:26:18,2026-01-14 19:26:20.485566,2.4855663388713967
stable_high_baseline_goldendoodle_03,2026-01-14 17:38:40,2026-01-14 17:38:42.594446,2.594445706085974
stable_high_baseline_goldendoodle_03,2026-01-14 03:04:07,2026-01-14 03:04:10.053946,3.0539462568451476
stable_high_baseline_goldendoodle_03,2026-01-14 14:07:46,2026-01-14 14:07:49.077685,3.0776853562279576
stable_high_baseline_goldendoodle_03,2026-01-14 15:26:57,2026-01-14 15:26:59.503032,2.5030316772013506
stable_high_baseline_goldendoodle_03,2026-01-14 22:47:12,2026-01-14 22:47:16.612186,4.612185634626785
stable_high_baseline_goldendoodle_03,2026-01-14 19:03:24,2026-01-14 19:03:26.072254,2.0722543054579856
stable_high_baseline_goldendoodle_03,2026-01-14 11:09:19,2026-01-14 11:09:21.594068,2.594067540816672
stable_high_baseline_goldendoodle_03,2026-01-14 16:07:23,2026-01-14 16:07:26.504468,3.5044684365928314
stable_high_baseline_goldendoodle_03,2026-01-14 07:15:09,2026-01-14 07:15:11.316452,2.3164521726108296
stable_high_baseline_goldendoodle_03,2026-01-14 21:07:29,2026-01-14 21:07:31.763367,2.76336723180072
stable_high_baseline_goldendoodle_03,2026-01-14 12:38:52,2026-01-14 12:38:54.202677,2.202676688653964
stable_high_baseline_goldendoodle_03,2026-01-14 22:57:20,2026-01-14 22:57:22.398367,2.3983673931388036
stable_high_baseline_goldendoodle_03,2026-01-14 06:50:10,2026-01-14 06:50:12.215915,2.215915078673897
stable_high_baseline_goldendoodle_03,2026-01-14 10:33:01,2026-01-14 10:33:03.817558,2.8175581241098735
stable_high_baseline_goldendoodle_03,2026-01-14 18:57:28,2026-01-14 18:57:33.214571,5.214570553343364
stable_high_baseline_goldendoodle_03,2026-01-14 22:23:59,2026-01-14 22:24:02.614276,3.6142763848334445
stable_high_baseline_goldendoodle_03,2026-01-14 07:32:16,2026-01-14 07:32:18.405373,2.40537335864699
stable_high_baseline_goldendoodle_03,2026-01-14 22:51:23,2026-01-14 22:51:26.558519,3.558518690385029
stable_high_baseline_goldendoodle_03,2026-01-14 16:20:07,2026-01-14 16:20:10.192804,3.1928039320775214
stable_high_baseline_goldendoodle_03,2026-01-14 06:13:16,2026-01-14 06:13:18.532180,2.532180123908539
stable_high_baseline_goldendoodle_03,2026-01-14 07:39:35,2026-01-14 07:39:38.313312,3.3133119658096244
stable_high_baseline_goldendoodle_03,2026-01-14 12:24:22,2026-01-14 12:24:25.664297,3.664297311305996
stable_high_baseline_goldendoodle_03,2026-01-14 20:40:28,2026-01-14 20:40:31.437707,3.4377065819843553
stable_high_baseline_goldendoodle_03,2026-01-14 07:36:02,2026-01-14 07:36:04.570201,2.570201059830599
stable_high_baseline_goldendoodle_03,2026-01-14 19:51:49,2026-01-14 19:51:53.768830,4.768830416080862
stable_high_baseline_goldendoodle_03,2026-01-14 14:07:58,2026-01-14 14:08:03.457696,5.457695879939937
stable_high_baseline_goldendoodle_03,2026-01-14 15:37:31,2026-01-14 15:37:36.663893,5.663893002809182
stable_high_baseline_goldendoodle_03,2026-01-14 13:26:02,2026-01-14 13:26:06.469177,4.469177281330923
stable_high_baseline_goldendoodle_03,2026-01-14 08:51:39,2026-01-14 08:51:42.705783,3.705782554478929
stable_high_baseline_goldendoodle_03,2026-01-14 14:49:44,2026-01-14 14:49:47.190498,3.190498326172791
stable_high_baseline_goldendoodle_03,2026-01-15 21:27:29,2026-01-15 21:27:33.815388,4.815387957986722
stable_high_baseline_goldendoodle_03,2026-01-15 06:41:42,2026-01-15 06:41:45.949688,3.9496882664881263
stable_high_baseline_goldendoodle_03,2026-01-15 21:19:05,2026-01-15 21:19:10.547616,5.547616156159414
stable_high_baseline_goldendoodle_03,2026-01-15 21:30:59,2026-01-15 21:31:03.888663,4.888663297128039
stable_high_baseline_goldendoodle_03,2026-01-15 06:34:20,2026-01-15 06:34:23.185058,3.1850581787660923
stable_high_baseline_goldendoodle_03,2026-01-15 19:59:53,2026-01-15 19:59:55.239788,2.2397877869887393
stable_high_baseline_goldendoodle_03,2026-01-15 16:52:43,2026-01-15 16:52:46.902372,3.9023720005742666
stable_high_baseline_goldendoodle_03,2026-01-15 06:18:04,2026-01-15 06:18:06.537961,2.537960622078667
stable_high_baseline_goldendoodle_03,2026-01-15 17:44:51,2026-01-15 17:44:56.612053,5.612053293925675
stable_high_baseline_goldendoodle_03,2026-01-15 21:27:28,2026-01-15 21:27:33.680409,5.68040880154253
stable_high_baseline_goldendoodle_03,2026-01-15 23:02:54,2026-01-15 23:02:58.233526,4.233526224016964
stable_high_baseline_goldendoodle_03,2026-01-15 21:16:54,2026-01-15 21:16:58.513989,4.513989225433352
stable_high_baseline_goldendoodle_03,2026-01-15 17:09:00,2026-01-15 17:09:03.449965,3.449964962549285
stable_high_baseline_goldendoodle_03,2026-01-15 04:48:44,2026-01-15 04:48:48.842940,4.842940174138917
stable_high_baseline_goldendoodle_03,2026-01-15 19:18:25,2026-01-15 19:18:29.714405,4.714405277980308
stable_high_baseline_goldendoodle_03,2026-01-15 20:25:41,2026-01-15 20:25:45.067334,4.067333745639244
stable_high_baseline_goldendoodle_03,2026-01-15 09:30:30,2026-01-15 09:30:34.808352,4.808352287018654
stable_high_baseline_goldendoodle_03,2026-01-15 11:33:02,2026-01-15 11:33:04.270401,2.2704006964434877
stable_high_baseline_goldendoodle_03,2026-01-15 05:03:07,2026-01-15 05:03:10.892276,3.8922762513136466
stable_high_baseline_goldendoodle_03,2026-01-15 14:42:58,2026-01-15 14:43:01.582846,3.582846214196551
stable_high_baseline_goldendoodle_03,2026-01-15 12:21:48,2026-01-15 12:21:50.375674,2.375673725766511
stable_high_baseline_goldendoodle_03,2026-01-16 06:51:38,2026-01-16 06:51:40.172511,2.1725106424623064
stable_high_baseline_goldendoodle_03,2026-01-16 15:52:33,2026-01-16 15:52:38.074514,5.0745144751626565
stable_high_baseline_goldendoodle_03,2026-01-16 06:14:00,2026-01-16 06:14:04.306626,4.306625686871143
stable_high_baseline_goldendoodle_03,2026-01-16 12:58:54,2026-01-16 12:58:57.615014,3.615014043790715
stable_high_baseline_goldendoodle_03,2026-01-16 08:45:14,2026-01-16 08:45:18.107152,4.107151557653564
stable_high_baseline_goldendoodle_03,2026-01-16 20:45:30,2026-01-16 20:45:34.317568,4.317568167799403
stable_high_baseline_goldendoodle_03,2026-01-16 07:46:23,2026-01-16 07:46:27.531315,4.531315321098653
stable_high_baseline_goldendoodle_03,2026-01-16 03:49:20,2026-01-16 03:49:25.728873,5.728873254022222
stable_high_baseline_goldendoodle_03,2026-01-16 09:08:36,2026-01-16 09:08:41.523934,5.52393431177446
stable_high_baseline_goldendoodle_03,2026-01-16 18:35:39,2026-01-16 18:35:42.666170,3.6661695532598135
stable_high_baseline_goldendoodle_03,2026-01-16 01:44:03,2026-01-16 01:44:06.208712,3.2087119131937025
stable_high_baseline_goldendoodle_03,2026-01-16 23:40:04,2026-01-16 23:40:07.513504,3.5135038114260153
stable_high_baseline_goldendoodle_03,2026-01-16 14:36:54,2026-01-16 14:36:57.583110,3.583110204331943
stable_high_baseline_goldendoodle_03,2026-01-16 19:25:43,2026-01-16 19:25:48.136034,5.136034004107671
stable_high_baseline_goldendoodle_03,2026-01-16 12:13:00,2026-01-16 12:13:05.881799,5.881799104289558
stable_high_baseline_goldendoodle_03,2026-01-16 10:37:20,2026-01-16 10:37:22.388225,2.3882254237266847
stable_high_baseline_goldendoodle_03,2026-01-16 16:14:18,2026-01-16 16:14:21.687421,3.6874208478904698
stable_high_baseline_goldendoodle_03,2026-01-16 07:59:21,2026-01-16 07:59:25.473972,4.473971591744569
stable_high_baseline_goldendoodle_03,2026-01-16 06:44:51,2026-01-16 06:44:56.314263,5.314262962966956
stable_high_baseline_goldendoodle_03,2026-01-16 06:32:48,2026-01-16 06:32:52.675786,4.675786317782205
stable_high_baseline_goldendoodle_03,2026-01-16 21:07:14,2026-01-16 21:07:16.082242,2.082241608248411
stable_high_baseline_goldendoodle_03,2026-01-16 01:34:33,2026-01-16 01:34:38.072419,5.07241929284373
stable_high_baseline_goldendoodle_03,2026-01-16 16:09:18,2026-01-16 16:09:20.831832,2.831831626618396
stable_high_baseline_goldendoodle_03,2026-01-16 17:50:05,2026-01-16 17:50:09.337158,4.337158273890711
stable_high_baseline_goldendoodle_03,2026-01-16 14:18:37,2026-01-16 14:18:41.255541,4.255541416807366
stable_high_baseline_goldendoodle_03,2026-01-16 06:20:20,2026-01-16 06:20:25.282031,5.282031104279324
stable_high_baseline_goldendoodle_03,2026-01-16 10:30:33,2026-01-16 10:30:36.634851,3.634851388824314
stable_high_baseline_goldendoodle_03,2026-01-16 03:06:35,2026-01-16 03:06:37.924022,2.9240224165005184
stable_high_baseline_goldendoodle_03,2026-01-16 12:39:08,2026-01-16 12:39:11.371585,3.371585327135013
stable_high_baseline_goldendoodle_03,2026-01-16 06:24:09,2026-01-16 06:24:12.775060,3.7750595964923455
stable_high_baseline_goldendoodle_03,2026-01-16 02:11:15,2026-01-16 02:11:17.179358,2.1793577469994796
stable_high_baseline_goldendoodle_03,2026-01-16 10:20:59,2026-01-16 10:21:02.419391,3.4193906690265323
stable_high_baseline_goldendoodle_03,2026-01-16 11:10:07,2026-01-16 11:10:12.317032,5.317031805490219
stable_high_baseline_goldendoodle_03,2026-01-16 22:03:35,2026-01-16 22:03:40.029339,5.029339481507593
stable_high_baseline_goldendoodle_03,2026-01-16 04:17:35,2026-01-16 04:17:39.461328,4.461328149942247
stable_high_baseline_goldendoodle_03,2026-01-16 17:59:07,2026-01-16 17:59:09.028777,2.0287773667144076
stable_high_baseline_goldendoodle_03,2026-01-16 21:10:32,2026-01-16 21:10:37.165016,5.165015882487394
stable_high_baseline_goldendoodle_03,2026-01-16 07:12:18,2026-01-16 07:12:22.041514,4.041513524274243
stable_high_baseline_goldendoodle_03,2026-01-16 21:16:58,2026-01-16 21:17:03.338125,5.338125259106527
stable_high_baseline_goldendoodle_03,2026-01-16 18:22:04,2026-01-16 18:22:07.596332,3.596331591726673
stable_high_baseline_goldendoodle_03,2026-01-16 02:11:55,2026-01-16 02:11:59.285477,4.285476543983909
stable_high_baseline_goldendoodle_03,2026-01-16 11:00:57,2026-01-16 11:01:01.336775,4.33677528880437
stable_high_baseline_goldendoodle_03,2026-01-16 18:42:26,2026-01-16 18:42:31.196096,5.196096349314706
stable_high_baseline_goldendoodle_03,2026-01-16 14:59:25,2026-01-16 14:59:28.742881,3.7428814105336636
stable_high_baseline_goldendoodle_03,2026-01-16 08:08:29,2026-01-16 08:08:31.575298,2.5752978946495957
stable_high_baseline_goldendoodle_03,2026-01-16 18:50:11,2026-01-16 18:50:15.170234,4.1702336325557665
stable_high_baseline_goldendoodle_03,2026-01-16 20:24:11,2026-01-16 20:24:15.543939,4.543939102384564
stable_high_baseline_goldendoodle_03,2026-01-17 14:57:12,2026-01-17 14:57:15.312113,3.312112817256027
stable_high_baseline_goldendoodle_03,2026-01-17 17:32:18,2026-01-17 17:32:23.135277,5.135276932825166
stable_high_baseline_goldendoodle_03,2026-01-17 10:56:50,2026-01-17 10:56:54.630106,4.6301056497926165
stable_high_baseline_goldendoodle_03,2026-01-17 13:24:58,2026-01-17 13:25:02.830671,4.830671001935278
stable_high_baseline_goldendoodle_03,2026-01-17 08:49:17,2026-01-17 08:49:22.922199,5.922198845780537
stable_high_baseline_goldendoodle_03,2026-01-17 10:48:01,2026-01-17 10:48:05.796087,4.796086545199947
stable_high_baseline_goldendoodle_03,2026-01-17 07:53:29,2026-01-17 07:53:33.688960,4.68895964348246
stable_high_baseline_goldendoodle_03,2026-01-17 18:10:39,2026-01-17 18:10:41.019828,2.01982754633126
stable_high_baseline_goldendoodle_03,2026-01-17 16:46:01,2026-01-17 16:46:06.504047,5.504047429631212
stable_high_baseline_goldendoodle_03,2026-01-17 18:07:01,2026-01-17 18:07:05.335958,4.335957867628081
stable_high_baseline_goldendoodle_03,2026-01-17 17:45:44,2026-01-17 17:45:48.553231,4.553230695301318
stable_high_baseline_goldendoodle_03,2026-01-17 13:37:52,2026-01-17 13:37:55.495310,3.495309520731728
stable_high_baseline_goldendoodle_03,2026-01-17 20:05:05,2026-01-17 20:05:07.663193,2.663192506388526
stable_high_baseline_goldendoodle_03,2026-01-17 16:42:18,2026-01-17 16:42:22.641511,4.6415112510819245
stable_high_baseline_goldendoodle_03,2026-01-17 14:37:31,2026-01-17 14:37:33.971273,2.971273333670372
stable_high_baseline_goldendoodle_03,2026-01-17 13:51:40,2026-01-17 13:51:42.492469,2.492468936744333
stable_high_baseline_goldendoodle_03,2026-01-17 10:17:24,2026-01-17 10:17:28.779206,4.779205575743443
stable_high_baseline_goldendoodle_03,2026-01-17 07:34:41,2026-01-17 07:34:45.707740,4.707740047289539
stable_high_baseline_goldendoodle_03,2026-01-17 19:58:40,2026-01-17 19:58:45.810440,5.810439584288997
stable_high_baseline_goldendoodle_03,2026-01-17 17:45:58,2026-01-17 17:46:01.149878,3.149878050933795
stable_high_baseline_goldendoodle_03,2026-01-17 18:54:35,2026-01-17 18:54:38.425264,3.4252635694399642
stable_high_baseline_goldendoodle_03,2026-01-17 21:42:00,2026-01-17 21:42:03.386872,3.386871528569649
stable_high_baseline_goldendoodle_03,2026-01-17 11:53:28,2026-01-17 11:53:31.504362,3.504361749977928
stable_high_baseline_goldendoodle_03,2026-01-17 01:32:05,2026-01-17 01:32:10.181919,5.181919266200309
stable_high_baseline_goldendoodle_03,2026-01-17 08:44:19,2026-01-17 08:44:24.514589,5.514589308343121
stable_high_baseline_goldendoodle_03,2026-01-17 20:08:03,2026-01-17 20:08:07.131450,4.131449501677458
stable_high_baseline_goldendoodle_03,2026-01-17 21:25:45,2026-01-17 21:25:47.209908,2.2099083393883205
stable_high_baseline_goldendoodle_03,2026-01-17 18:11:10,2026-01-17 18:11:12.061064,2.0610639773727164
stable_high_baseline_goldendoodle_03,2026-01-17 05:30:33,2026-01-17 05:30:38.592566,5.592565942780059
stable_high_baseline_goldendoodle_03,2026-01-17 08:22:56,2026-01-17 08:22:58.724836,2.72483644058534
stable_high_baseline_goldendoodle_03,2026-01-17 18:48:12,2026-01-17 18:48:15.846705,3.846704613908511
stable_high_baseline_goldendoodle_03,2026-01-17 17:14:43,2026-01-17 17:14:45.358718,2.3587180120266313
stable_high_baseline_goldendoodle_03,2026-01-17 20:32:56,2026-01-17 20:32:59.416843,3.416842957163941
stable_high_baseline_goldendoodle_03,2026-01-17 06:24:00,2026-01-17 06:24:04.889851,4.88985097464126
stable_high_baseline_goldendoodle_03,2026-01-17 10:21:07,2026-01-17 10:21:12.517180,5.517180201325434
stable_high_baseline_goldendoodle_03,2026-01-17 12:05:57,2026-01-17 12:06:01.544555,4.544555122294522
stable_high_baseline_goldendoodle_03,2026-01-17 21:15:31,2026-01-17 21:15:33.055400,2.0554001715413066
stable_high_baseline_goldendoodle_03,2026-01-17 20:19:52,2026-01-17 20:19:56.386234,4.386234132262535
stable_high_baseline_goldendoodle_03,2026-01-18 15:42:38,2026-01-18 15:42:40.695734,2.6957339024986324
stable_high_baseline_goldendoodle_03,2026-01-18 08:44:32,2026-01-18 08:44:36.701937,4.70193689842459
stable_high_baseline_goldendoodle_03,2026-01-18 06:22:58,2026-01-18 06:23:03.761506,5.761506216378146
stable_high_baseline_goldendoodle_03,2026-01-18 09:13:10,2026-01-18 09:13:12.226978,2.2269784248929003
stable_high_baseline_goldendoodle_03,2026-01-18 02:13:03,2026-01-18 02:13:07.429074,4.4290737192273735
stable_high_baseline_goldendoodle_03,2026-01-18 12:57:10,2026-01-18 12:57:12.502926,2.5029256544257286
stable_high_baseline_goldendoodle_03,2026-01-18 11:10:34,2026-01-18 11:10:37.207476,3.2074758506610026
stable_high_baseline_goldendoodle_03,2026-01-18 17:20:42,2026-01-18 17:20:46.730774,4.730773899716058
stable_high_baseline_goldendoodle_03,2026-01-18 22:55:23,2026-01-18 22:55:27.711961,4.711960641788606
stable_high_baseline_goldendoodle_03,2026-01-18 21:30:21,2026-01-18 21:30:24.449206,3.4492058153282534
stable_high_baseline_goldendoodle_03,2026-01-18 09:52:31,2026-01-18 09:52:33.132968,2.1329677968118146
stable_high_baseline_goldendoodle_03,2026-01-18 00:41:29,2026-01-18 00:41:34.887649,5.887648883604596
stable_high_baseline_goldendoodle_03,2026-01-18 15:46:05,2026-01-18 15:46:09.775355,4.775354750494266
stable_high_baseline_goldendoodle_03,2026-01-18 04:12:22,2026-01-18 04:12:27.840232,5.840232294900426
stable_high_baseline_goldendoodle_03,2026-01-18 07:25:09,2026-01-18 07:25:14.878916,5.878916152692522
stable_high_baseline_goldendoodle_03,2026-01-18 11:24:16,2026-01-18 11:24:21.644117,5.644117134466805
stable_high_baseline_goldendoodle_03,2026-01-18 14:50:52,2026-01-18 14:50:55.397588,3.3975881303906514
stable_high_baseline_goldendoodle_03,2026-01-18 14:37:22,2026-01-18 14:37:26.295852,4.295851628992215
stable_high_baseline_goldendoodle_03,2026-01-18 15:57:14,2026-01-18 15:57:16.858731,2.858731036999204
stable_high_baseline_goldendoodle_03,2026-01-18 17:26:38,2026-01-18 17:26:41.237065,3.237064718266904
stable_high_baseline_goldendoodle_03,2026-01-18 12:12:19,2026-01-18 12:12:22.017656,3.0176557943906253
stable_high_baseline_goldendoodle_03,2026-01-18 06:40:14,2026-01-18 06:40:18.245986,4.245986419031652
stable_high_baseline_goldendoodle_03,2026-01-18 22:21:21,2026-01-18 22:21:26.543970,5.543969995547203
stable_high_baseline_goldendoodle_03,2026-01-18 12:06:23,2026-01-18 12:06:25.331725,2.331724869091562
stable_high_baseline_goldendoodle_03,2026-01-18 17:27:43,2026-01-18 17:27:45.445090,2.445090103814168
stable_high_baseline_goldendoodle_03,2026-01-18 11:54:15,2026-01-18 11:54:20.458063,5.458062966821998
stable_high_baseline_goldendoodle_03,2026-01-18 12:50:05,2026-01-18 12:50:10.821354,5.821354334008379
stable_high_baseline_goldendoodle_03,2026-01-18 04:16:53,2026-01-18 04:16:56.207009,3.2070085530067183
stable_high_baseline_goldendoodle_03,2026-01-19 09:15:24,2026-01-19 09:15:27.411503,3.411502980117434
stable_high_baseline_goldendoodle_03,2026-01-19 13:08:24,2026-01-19 13:08:28.222416,4.222416006850008
stable_high_baseline_goldendoodle_03,2026-01-19 03:51:07,2026-01-19 03:51:11.729663,4.729662791060315
stable_high_baseline_goldendoodle_03,2026-01-19 08:34:41,2026-01-19 08:34:43.166563,2.166562615846698
stable_high_baseline_goldendoodle_03,2026-01-19 10:25:40,2026-01-19 10:25:45.811615,5.8116154944827265
stable_high_baseline_goldendoodle_03,2026-01-19 20:39:28,2026-01-19 20:39:31.090654,3.0906538621793715
stable_high_baseline_goldendoodle_03,2026-01-19 16:49:48,2026-01-19 16:49:50.587904,2.5879042555080107
stable_high_baseline_goldendoodle_03,2026-01-19 01:28:55,2026-01-19 01:28:57.060673,2.0606733350347395
stable_high_baseline_goldendoodle_03,2026-01-19 10:19:32,2026-01-19 10:19:35.807235,3.8072353022926686
stable_high_baseline_goldendoodle_03,2026-01-19 13:22:10,2026-01-19 13:22:12.412196,2.4121961536470713
stable_high_baseline_goldendoodle_03,2026-01-19 09:44:44,2026-01-19 09:44:48.536987,4.536986732679676
stable_high_baseline_goldendoodle_03,2026-01-19 12:42:50,2026-01-19 12:42:55.152162,5.152161982587389
stable_high_baseline_goldendoodle_03,2026-01-19 18:56:30,2026-01-19 18:56:32.441801,2.441801412875526
stable_high_baseline_goldendoodle_03,2026-01-19 16:51:01,2026-01-19 16:51:05.235257,4.23525661456294
stable_high_baseline_goldendoodle_03,2026-01-19 18:04:56,2026-01-19 18:04:58.887670,2.887669605565474
stable_high_baseline_goldendoodle_03,2026-01-19 17:36:01,2026-01-19 17:36:06.138485,5.1384851424059494
stable_high_baseline_goldendoodle_03,2026-01-19 06:52:22,2026-01-19 06:52:24.811754,2.8117535242126115
stable_high_baseline_goldendoodle_03,2026-01-19 19:02:05,2026-01-19 19:02:09.772132,4.772131676255181
stable_high_baseline_goldendoodle_03,2026-01-19 01:33:10,2026-01-19 01:33:13.651765,3.6517652125885793
stable_high_baseline_goldendoodle_03,2026-01-20 12:29:40,2026-01-20 12:29:44.789805,4.789804525651794
stable_high_baseline_goldendoodle_03,2026-01-20 19:32:58,2026-01-20 19:33:03.508045,5.508045266209471
stable_high_baseline_goldendoodle_03,2026-01-20 13:47:28,2026-01-20 13:47:32.197360,4.1973604190305265
stable_high_baseline_goldendoodle_03,2026-01-20 14:00:40,2026-01-20 14:00:43.634122,3.634121527354462
stable_high_baseline_goldendoodle_03,2026-01-20 17:51:20,2026-01-20 17:51:25.297879,5.297878752993764
stable_high_baseline_goldendoodle_03,2026-01-20 16:01:38,2026-01-20 16:01:41.697042,3.69704247181561
stable_high_baseline_goldendoodle_03,2026-01-20 21:21:19,2026-01-20 21:21:24.708366,5.708365541497994
stable_high_baseline_goldendoodle_03,2026-01-20 18:23:16,2026-01-20 18:23:18.490658,2.4906583243272045
stable_high_baseline_goldendoodle_03,2026-01-20 19:21:38,2026-01-20 19:21:41.183954,3.183954142504462
stable_high_baseline_goldendoodle_03,2026-01-20 08:44:22,2026-01-20 08:44:25.564365,3.5643645828067263
stable_high_baseline_goldendoodle_03,2026-01-20 12:15:34,2026-01-20 12:15:37.483272,3.4832716802209367
stable_high_baseline_goldendoodle_03,2026-01-20 06:45:51,2026-01-20 06:45:53.945836,2.945836103542352
stable_high_baseline_goldendoodle_03,2026-01-20 08:45:26,2026-01-20 08:45:28.167506,2.167505507461312
stable_high_baseline_goldendoodle_03,2026-01-20 16:25:20,2026-01-20 16:25:22.874501,2.8745014956731176
stable_high_baseline_goldendoodle_03,2026-01-20 04:38:54,2026-01-20 04:38:59.043949,5.043949420662779
stable_high_baseline_goldendoodle_03,2026-01-20 07:40:18,2026-01-20 07:40:20.818355,2.81835532360776
stable_high_baseline_goldendoodle_03,2026-01-20 20:42:08,2026-01-20 20:42:11.247655,3.2476550244310993
stable_high_baseline_goldendoodle_03,2026-01-20 17:27:47,2026-01-20 17:27:50.820143,3.820143196601715
stable_high_baseline_goldendoodle_03,2026-01-21 04:18:43,2026-01-21 04:18:45.558996,2.5589956710120774
stable_high_baseline_goldendoodle_03,2026-01-21 17:13:45,2026-01-21 17:13:48.751586,3.7515864199677806
stable_high_baseline_goldendoodle_03,2026-01-21 08:55:08,2026-01-21 08:55:13.693951,5.693951280090452
stable_high_baseline_goldendoodle_03,2026-01-21 15:04:43,2026-01-21 15:04:46.629401,3.6294008549785004
stable_high_baseline_goldendoodle_03,2026-01-21 07:25:11,2026-01-21 07:25:14.350007,3.3500067508102185
stable_high_baseline_goldendoodle_03,2026-01-21 11:00:05,2026-01-21 11:00:07.611962,2.611962071892247
stable_high_baseline_goldendoodle_03,2026-01-21 21:43:36,2026-01-21 21:43:38.408283,2.408282723795359
stable_high_baseline_goldendoodle_03,2026-01-21 13:23:01,2026-01-21 13:23:03.580809,2.5808087769721775
stable_high_baseline_goldendoodle_03,2026-01-21 08:35:18,2026-01-21 08:35:20.544415,2.544414878955796
stable_high_baseline_goldendoodle_03,2026-01-21 13:03:09,2026-01-21 13:03:12.370667,3.3706673094591424
stable_high_baseline_goldendoodle_03,2026-01-21 21:24:16,2026-01-21 21:24:20.773911,4.773910690580422
stable_high_baseline_goldendoodle_03,2026-01-21 06:42:29,2026-01-21 06:42:32.855660,3.8556600928001483
stable_high_baseline_goldendoodle_03,2026-01-21 04:53:28,2026-01-21 04:53:31.570671,3.5706705069650044
stable_high_baseline_goldendoodle_03,2026-01-21 05:59:08,2026-01-21 05:59:11.585919,3.5859192876968415
stable_high_baseline_goldendoodle_03,2026-01-21 11:46:38,2026-01-21 11:46:43.436447,5.436447399799421
stable_high_baseline_goldendoodle_03,2026-01-21 19:49:42,2026-01-21 19:49:47.313001,5.313001055692926
stable_high_baseline_goldendoodle_03,2026-01-21 13:58:52,2026-01-21 13:58:54.295011,2.2950110567470925
stable_high_baseline_goldendoodle_03,2026-01-21 19:17:31,2026-01-21 19:17:36.354377,5.354377368497937
stable_high_baseline_goldendoodle_03,2026-01-21 13:32:41,2026-01-21 13:32:43.308332,2.3083317727866857
stable_high_baseline_goldendoodle_03,2026-01-21 20:12:57,2026-01-21 20:12:59.558929,2.558928611127402
stable_high_baseline_goldendoodle_03,2026-01-21 21:49:11,2026-01-21 21:49:16.761465,5.761464890165845
stable_high_baseline_goldendoodle_03,2026-01-21 18:28:07,2026-01-21 18:28:11.746493,4.746492817653879
stable_high_baseline_goldendoodle_03,2026-01-21 22:53:33,2026-01-21 22:53:38.536302,5.536302490906775
stable_high_baseline_goldendoodle_03,2026-01-22 11:53:23,2026-01-22 11:53:27.369036,4.3690356202933085
stable_high_baseline_goldendoodle_03,2026-01-22 20:37:31,2026-01-22 20:37:34.259419,3.2594193695849367
stable_high_baseline_goldendoodle_03,2026-01-22 14:20:27,2026-01-22 14:20:32.659245,5.6592446482984435
stable_high_baseline_goldendoodle_03,2026-01-22 19:48:31,2026-01-22 19:48:36.647939,5.647938716869756
stable_high_baseline_goldendoodle_03,2026-01-22 14:27:00,2026-01-22 14:27:03.265583,3.2655833725536723
stable_high_baseline_goldendoodle_03,2026-01-22 11:29:38,2026-01-22 11:29:42.948023,4.9480227679106
stable_high_baseline_goldendoodle_03,2026-01-22 06:41:10,2026-01-22 06:41:14.272722,4.27272167337186
stable_high_baseline_goldendoodle_03,2026-01-22 12:52:16,2026-01-22 12:52:21.191837,5.191836808235495
stable_high_baseline_goldendoodle_03,2026-01-22 11:15:59,2026-01-22 11:16:02.753081,3.7530808998618803
stable_high_baseline_goldendoodle_03,2026-01-22 11:27:27,2026-01-22 11:27:32.012450,5.012449868909631
stable_high_baseline_goldendoodle_03,2026-01-22 03:40:20,2026-01-22 03:40:23.692527,3.6925267350561097
stable_high_baseline_goldendoodle_03,2026-01-22 23:46:44,2026-01-22 23:46:46.406528,2.406527958665058
stable_high_baseline_goldendoodle_03,2026-01-22 01:42:46,2026-01-22 01:42:51.380796,5.38079592694047
stable_high_baseline_goldendoodle_03,2026-01-22 09:13:43,2026-01-22 09:13:48.997319,5.997319107982506
stable_high_baseline_goldendoodle_03,2026-01-22 05:06:59,2026-01-22 05:07:02.588883,3.588882656886603
stable_high_baseline_goldendoodle_03,2026-01-22 16:10:02,2026-01-22 16:10:04.764799,2.7647994993679346
stable_high_baseline_goldendoodle_03,2026-01-22 05:50:28,2026-01-22 05:50:32.903998,4.903997638620569
stable_high_baseline_goldendoodle_03,2026-01-22 15:44:34,2026-01-22 15:44:36.897124,2.897123693896204
stable_high_baseline_goldendoodle_03,2026-01-22 13:16:46,2026-01-22 13:16:48.130976,2.130976223930793
stable_high_baseline_goldendoodle_03,2026-01-22 16:15:25,2026-01-22 16:15:29.911268,4.911268026351692
stable_high_baseline_goldendoodle_03,2026-01-22 17:53:28,2026-01-22 17:53:33.539944,5.539943806323186
stable_high_baseline_goldendoodle_03,2026-01-22 10:41:55,2026-01-22 10:42:00.931118,5.931117881991387
stable_high_baseline_goldendoodle_03,2026-01-22 01:15:32,2026-01-22 01:15:35.788144,3.7881443950915776
stable_high_baseline_goldendoodle_03,2026-01-22 15:12:59,2026-01-22 15:13:04.743830,5.743830035898759
stable_high_baseline_goldendoodle_03,2026-01-22 01:23:15,2026-01-22 01:23:19.788709,4.788709182384686
stable_high_baseline_goldendoodle_03,2026-01-22 14:16:28,2026-01-22 14:16:30.294079,2.294078553953903
stable_high_baseline_goldendoodle_03,2026-01-22 07:52:15,2026-01-22 07:52:17.090075,2.0900746104404972
stable_high_baseline_goldendoodle_03,2026-01-22 17:30:53,2026-01-22 17:30:58.093178,5.093177624324771
stable_high_baseline_goldendoodle_03,2026-01-22 17:59:42,2026-01-22 17:59:46.199910,4.199909727213856
stable_high_baseline_goldendoodle_03,2026-01-22 18:16:13,2026-01-22 18:16:16.846238,3.846237929812914
stable_high_baseline_goldendoodle_03,2026-01-22 17:00:44,2026-01-22 17:00:49.010824,5.010823926928525
stable_high_baseline_goldendoodle_03,2026-01-22 20:51:51,2026-01-22 20:51:56.508338,5.508337852832447
stable_high_baseline_goldendoodle_03,2026-01-22 11:44:15,2026-01-22 11:44:19.701183,4.70118254697635
stable_high_baseline_goldendoodle_03,2026-01-22 18:45:00,2026-01-22 18:45:05.371688,5.371687595206456
stable_high_baseline_goldendoodle_03,2026-01-22 14:04:14,2026-01-22 14:04:16.106126,2.1061260482416637
stable_high_baseline_goldendoodle_03,2026-01-22 05:24:35,2026-01-22 05:24:40.289702,5.289702111402512
stable_high_baseline_goldendoodle_03,2026-01-22 09:39:04,2026-01-22 09:39:08.284782,4.284782363078161
stable_high_baseline_goldendoodle_03,2026-01-22 15:24:06,2026-01-22 15:24:10.619871,4.619871166666323
stable_high_baseline_goldendoodle_03,2026-01-22 18:54:46,2026-01-22 18:54:48.178421,2.1784209252233655
stable_high_baseline_goldendoodle_03,2026-01-22 12:24:54,2026-01-22 12:24:56.346549,2.346548801224907
stable_high_baseline_goldendoodle_03,2026-01-22 19:00:43,2026-01-22 19:00:48.858776,5.858775690581426
stable_high_baseline_goldendoodle_03,2026-01-22 03:03:08,2026-01-22 03:03:11.367976,3.3679760654420714
stable_high_baseline_goldendoodle_03,2026-01-22 15:33:51,2026-01-22 15:33:54.456154,3.4561538632801376
stable_high_baseline_goldendoodle_03,2026-01-22 14:46:43,2026-01-22 14:46:46.830518,3.8305175798806026
stable_high_baseline_goldendoodle_03,2026-01-22 20:14:38,2026-01-22 20:14:42.369542,4.369542407342962
stable_high_baseline_goldendoodle_03,2026-01-22 21:42:01,2026-01-22 21:42:05.118454,4.118453926177585
stable_high_baseline_goldendoodle_03,2026-01-23 16:42:52,2026-01-23 16:42:56.877174,4.877173529983176
stable_high_baseline_goldendoodle_03,2026-01-23 06:53:46,2026-01-23 06:53:48.353442,2.353442159592446
stable_high_baseline_goldendoodle_03,2026-01-23 09:56:44,2026-01-23 09:56:49.040176,5.040175586966614
stable_high_baseline_goldendoodle_03,2026-01-23 08:51:19,2026-01-23 08:51:22.832673,3.8326733183733968
stable_high_baseline_goldendoodle_03,2026-01-23 16:01:05,2026-01-23 16:01:10.882717,5.8827165903079415
stable_high_baseline_goldendoodle_03,2026-01-23 21:41:16,2026-01-23 21:41:19.364234,3.364234307564224
stable_high_baseline_goldendoodle_03,2026-01-23 16:27:16,2026-01-23 16:27:21.102282,5.10228170514529
stable_high_baseline_goldendoodle_03,2026-01-23 12:14:53,2026-01-23 12:14:56.511717,3.5117167015980795
stable_high_baseline_goldendoodle_03,2026-01-23 19:31:51,2026-01-23 19:31:55.947888,4.947888344476785
stable_high_baseline_goldendoodle_03,2026-01-23 19:20:46,2026-01-23 19:20:48.836472,2.836472105379065
stable_high_baseline_goldendoodle_03,2026-01-23 08:03:38,2026-01-23 08:03:40.236661,2.2366613256635657
stable_high_baseline_goldendoodle_03,2026-01-23 08:38:53,2026-01-23 08:38:58.750808,5.750808343722089
stable_high_baseline_goldendoodle_03,2026-01-23 21:56:58,2026-01-23 21:57:01.188277,3.1882772774128134
stable_high_baseline_goldendoodle_03,2026-01-23 15:43:30,2026-01-23 15:43:33.146597,3.1465969780365874
stable_high_baseline_goldendoodle_03,2026-01-23 05:49:58,2026-01-23 05:50:02.085606,4.085605838814488
stable_high_baseline_goldendoodle_03,2026-01-23 14:07:36,2026-01-23 14:07:39.163580,3.1635798547241936
stable_high_baseline_goldendoodle_03,2026-01-23 11:03:26,2026-01-23 11:03:31.973786,5.9737862021176795
stable_high_baseline_goldendoodle_03,2026-01-23 18:37:33,2026-01-23 18:37:37.481197,4.48119691191067
stable_high_baseline_goldendoodle_03,2026-01-24 06:50:34,2026-01-24 06:50:36.422320,2.4223202277276763
stable_high_baseline_goldendoodle_03,2026-01-24 09:45:15,2026-01-24 09:45:19.246663,4.246663415999172
stable_high_baseline_goldendoodle_03,2026-01-24 12:10:28,2026-01-24 12:10:32.637026,4.637025706847105
stable_high_baseline_goldendoodle_03,2026-01-24 21:51:16,2026-01-24 21:51:21.588421,5.588420769247332
stable_high_baseline_goldendoodle_03,2026-01-24 20:03:36,2026-01-24 20:03:41.041720,5.041719747334259
stable_high_baseline_goldendoodle_03,2026-01-24 04:55:10,2026-01-24 04:55:12.772915,2.7729146813837935
stable_high_baseline_goldendoodle_03,2026-01-24 13:55:19,2026-01-24 13:55:22.490247,3.4902468196176484
stable_high_baseline_goldendoodle_03,2026-01-24 09:42:08,2026-01-24 09:42:12.721809,4.72180867015742
stable_high_baseline_goldendoodle_03,2026-01-24 20:05:22,2026-01-24 20:05:25.272071,3.272070986412991
stable_high_baseline_goldendoodle_03,2026-01-24 18:31:34,2026-01-24 18:31:36.186133,2.1861325866326924
stable_high_baseline_goldendoodle_03,2026-01-24 15:10:46,2026-01-24 15:10:49.348261,3.3482611393194004
stable_high_baseline_goldendoodle_03,2026-01-24 17:28:23,2026-01-24 17:28:26.539752,3.5397521608112337
stable_high_baseline_goldendoodle_03,2026-01-24 15:29:00,2026-01-24 15:29:02.945457,2.94545689193903
stable_high_baseline_goldendoodle_03,2026-01-24 10:56:10,2026-01-24 10:56:14.610398,4.610397886767011
stable_high_baseline_goldendoodle_03,2026-01-24 03:05:25,2026-01-24 03:05:28.400857,3.400856600037795
stable_high_baseline_goldendoodle_03,2026-01-24 21:02:32,2026-01-24 21:02:35.748640,3.7486404260552413
stable_high_baseline_goldendoodle_03,2026-01-24 07:43:13,2026-01-24 07:43:18.202386,5.2023857245397735
stable_high_baseline_goldendoodle_03,2026-01-24 13:34:45,2026-01-24 13:34:47.983093,2.9830928972219164
stable_high_baseline_goldendoodle_03,2026-01-24 10:49:34,2026-01-24 10:49:38.649021,4.649021408458116
stable_high_baseline_goldendoodle_03,2026-01-24 19:17:16,2026-01-24 19:17:21.842925,5.842925189580679
stable_high_baseline_goldendoodle_03,2026-01-24 11:56:45,2026-01-24 11:56:49.168590,4.168590158266966
stable_high_baseline_goldendoodle_03,2026-01-25 20:57:34,2026-01-25 20:57:37.637629,3.637629067390774
stable_high_baseline_goldendoodle_03,2026-01-25 13:35:37,2026-01-25 13:35:40.772548,3.7725477820007547
stable_high_baseline_goldendoodle_03,2026-01-25 12:58:25,2026-01-25 12:58:30.307901,5.307900893522236
stable_high_baseline_goldendoodle_03,2026-01-25 09:59:33,2026-01-25 09:59:37.614366,4.6143662919338375
stable_high_baseline_goldendoodle_03,2026-01-25 21:09:44,2026-01-25 21:09:49.631046,5.631046445323861
stable_high_baseline_goldendoodle_03,2026-01-25 11:53:08,2026-01-25 11:53:10.344228,2.344228334697714
stable_high_baseline_goldendoodle_03,2026-01-25 09:36:37,2026-01-25 09:36:40.323950,3.323949719526077
stable_high_baseline_goldendoodle_03,2026-01-25 17:07:10,2026-01-25 17:07:12.396186,2.396186046910477
stable_high_baseline_goldendoodle_03,2026-01-25 18:42:26,2026-01-25 18:42:28.863209,2.8632093790392963
stable_high_baseline_goldendoodle_03,2026-01-26 18:40:09,2026-01-26 18:40:13.458141,4.458140522478169
stable_high_baseline_goldendoodle_03,2026-01-26 20:33:55,2026-01-26 20:33:59.549607,4.5496067128535955
stable_high_baseline_goldendoodle_03,2026-01-26 21:04:21,2026-01-26 21:04:24.448317,3.4483173369315985
stable_high_baseline_goldendoodle_03,2026-01-26 06:24:44,2026-01-26 06:24:48.602468,4.602467872884823
stable_high_baseline_goldendoodle_03,2026-01-26 06:03:44,2026-01-26 06:03:48.431763,4.431762726297828
stable_high_baseline_goldendoodle_03,2026-01-26 21:23:16,2026-01-26 21:23:21.300679,5.300678644822622
stable_high_baseline_goldendoodle_03,2026-01-26 20:00:12,2026-01-26 20:00:17.118241,5.11824089352436
stable_high_baseline_goldendoodle_03,2026-01-26 21:40:58,2026-01-26 21:41:02.260729,4.260728780517321
stable_high_baseline_goldendoodle_03,2026-01-26 12:18:17,2026-01-26 12:18:20.811404,3.811404079396634
stable_high_baseline_goldendoodle_03,2026-01-26 23:32:48,2026-01-26 23:32:50.356784,2.3567839869921943
stable_high_baseline_goldendoodle_03,2026-01-26 11:56:59,2026-01-26 11:57:01.521376,2.5213762449801855
stable_high_baseline_goldendoodle_03,2026-01-26 17:38:57,2026-01-26 17:38:59.918609,2.918609487510813
stable_high_baseline_goldendoodle_03,2026-01-26 06:56:52,2026-01-26 06:56:54.655829,2.655829068761872
stable_high_baseline_goldendoodle_03,2026-01-26 15:57:23,2026-01-26 15:57:27.919001,4.919001007842942
stable_high_baseline_goldendoodle_03,2026-01-26 17:11:59,2026-01-26 17:12:04.654865,5.654864665177395
stable_high_baseline_goldendoodle_03,2026-01-26 12:04:54,2026-01-26 12:04:59.977535,5.977534768129322
stable_high_baseline_goldendoodle_03,2026-01-26 00:07:51,2026-01-26 00:07:56.209785,5.209785149434686
stable_high_baseline_goldendoodle_03,2026-01-27 07:45:30,2026-01-27 07:45:35.339309,5.339308583516271
stable_high_baseline_goldendoodle_03,2026-01-27 12:42:44,2026-01-27 12:42:47.687526,3.687526373156967
stable_high_baseline_goldendoodle_03,2026-01-27 16:04:57,2026-01-27 16:05:02.073049,5.073049416878993
stable_high_baseline_goldendoodle_03,2026-01-27 05:58:53,2026-01-27 05:58:58.595780,5.595780452113827
stable_high_baseline_goldendoodle_03,2026-01-27 03:49:20,2026-01-27 03:49:23.551147,3.5511474927557485
stable_high_baseline_goldendoodle_03,2026-01-27 19:08:48,2026-01-27 19:08:52.635353,4.635353115978175
stable_high_baseline_goldendoodle_03,2026-01-27 16:26:57,2026-01-27 16:27:02.963311,5.963311073921002
stable_high_baseline_goldendoodle_03,2026-01-27 14:44:57,2026-01-27 14:45:00.894773,3.8947731018649163
stable_high_baseline_goldendoodle_03,2026-01-27 19:21:06,2026-01-27 19:21:08.440337,2.440336570173069
stable_high_baseline_goldendoodle_03,2026-01-27 14:52:35,2026-01-27 14:52:37.009611,2.009611262538947
stable_high_baseline_goldendoodle_03,2026-01-27 20:38:11,2026-01-27 20:38:13.720038,2.720038428925806
stable_high_baseline_goldendoodle_03,2026-01-27 11:42:18,2026-01-27 11:42:20.980408,2.9804080867980303
stable_high_baseline_goldendoodle_03,2026-01-27 20:16:25,2026-01-27 20:16:30.130220,5.130219760880712
stable_high_baseline_goldendoodle_03,2026-01-27 18:55:02,2026-01-27 18:55:06.630227,4.630227177187001
stable_high_baseline_goldendoodle_03,2026-01-27 19:21:08,2026-01-27 19:21:10.961078,2.9610775401582687
stable_high_baseline_goldendoodle_03,2026-01-27 09:44:37,2026-01-27 09:44:39.404215,2.4042148269287567
stable_high_baseline_goldendoodle_03,2026-01-27 06:26:08,2026-01-27 06:26:12.121289,4.121289151058515
stable_high_baseline_goldendoodle_03,2026-01-27 23:27:51,2026-01-27 23:27:55.972589,4.972589019439216
stable_high_baseline_goldendoodle_03,2026-01-27 17:50:31,2026-01-27 17:50:36.772499,5.772498849054051
stable_high_baseline_goldendoodle_03,2026-01-27 06:49:37,2026-01-27 06:49:40.644445,3.6444449532051664
stable_high_baseline_goldendoodle_03,2026-01-27 19:44:24,2026-01-27 19:44:27.196607,3.1966071100936233
stable_high_baseline_goldendoodle_03,2026-01-27 21:49:27,2026-01-27 21:49:29.962261,2.9622612735942373
stable_high_baseline_goldendoodle_03,2026-01-27 23:58:29,2026-01-27 23:58:34.384296,5.384296176730061
stable_high_baseline_goldendoodle_03,2026-01-27 16:34:36,2026-01-27 16:34:38.613276,2.613276375298575
stable_high_baseline_goldendoodle_03,2026-01-27 17:13:57,2026-01-27 17:14:00.183876,3.1838762083703047
stable_high_baseline_goldendoodle_03,2026-01-28 21:28:33,2026-01-28 21:28:38.796940,5.796940094742162
stable_high_baseline_goldendoodle_03,2026-01-28 03:49:16,2026-01-28 03:49:20.915506,4.915506387159349
stable_high_baseline_goldendoodle_03,2026-01-28 19:25:19,2026-01-28 19:25:21.123118,2.123118098926706
stable_high_baseline_goldendoodle_03,2026-01-28 14:54:54,2026-01-28 14:54:56.640512,2.6405120948046394
stable_high_baseline_goldendoodle_03,2026-01-28 03:29:31,2026-01-28 03:29:33.284238,2.2842382237581744
stable_high_baseline_goldendoodle_03,2026-01-28 16:06:47,2026-01-28 16:06:50.306184,3.306183923994883
stable_high_baseline_goldendoodle_03,2026-01-28 17:37:16,2026-01-28 17:37:19.770380,3.770380109291158
stable_high_baseline_goldendoodle_03,2026-01-28 05:08:47,2026-01-28 05:08:51.211660,4.211659742572353
stable_high_baseline_goldendoodle_03,2026-01-28 21:35:33,2026-01-28 21:35:35.014440,2.0144398077350028
stable_high_baseline_goldendoodle_03,2026-01-28 20:05:48,2026-01-28 20:05:51.062538,3.062537765290606
stable_high_baseline_goldendoodle_03,2026-01-28 09:24:56,2026-01-28 09:25:01.603202,5.603201859805667
stable_high_baseline_goldendoodle_03,2026-01-28 13:37:35,2026-01-28 13:37:37.447519,2.4475193103117814
stable_high_baseline_goldendoodle_03,2026-01-28 20:35:20,2026-01-28 20:35:25.618966,5.6189660429882675
stable_high_baseline_goldendoodle_03,2026-01-28 19:04:11,2026-01-28 19:04:14.010187,3.0101868733005004
stable_high_baseline_goldendoodle_03,2026-01-28 15:57:31,2026-01-28 15:57:33.505146,2.505146370318368
stable_high_baseline_goldendoodle_03,2026-01-28 02:21:52,2026-01-28 02:21:56.875162,4.875162479349818
stable_high_baseline_goldendoodle_03,2026-01-28 06:15:15,2026-01-28 06:15:19.094691,4.094690701767927
stable_high_baseline_goldendoodle_03,2026-01-28 06:28:02,2026-01-28 06:28:07.625363,5.6253631571913
stable_high_baseline_goldendoodle_03,2026-01-28 16:05:35,2026-01-28 16:05:39.944290,4.944289729725714
stable_high_baseline_goldendoodle_03,2026-01-28 09:35:19,2026-01-28 09:35:21.357275,2.3572750606940787
stable_high_baseline_goldendoodle_03,2026-01-28 12:54:32,2026-01-28 12:54:34.171801,2.171800889537344
stable_high_baseline_goldendoodle_03,2026-01-28 12:23:32,2026-01-28 12:23:35.073016,3.07301631126537
stable_high_baseline_goldendoodle_03,2026-01-28 14:17:17,2026-01-28 14:17:20.818647,3.8186472015282162
stable_high_baseline_goldendoodle_03,2026-01-28 17:13:22,2026-01-28 17:13:26.086408,4.086407838795038
stable_high_baseline_goldendoodle_03,2026-01-29 17:50:01,2026-01-29 17:50:05.328120,4.328120068650737
stable_high_baseline_goldendoodle_03,2026-01-29 14:01:42,2026-01-29 14:01:45.937178,3.93717776822301
stable_high_baseline_goldendoodle_03,2026-01-29 04:51:40,2026-01-29 04:51:45.865580,5.865579588512681
stable_high_baseline_goldendoodle_03,2026-01-29 14:56:10,2026-01-29 14:56:15.566303,5.56630300557531
stable_high_baseline_goldendoodle_03,2026-01-29 19:07:07,2026-01-29 19:07:12.450177,5.450176677963848
stable_high_baseline_goldendoodle_03,2026-01-29 16:47:11,2026-01-29 16:47:15.749842,4.7498421859323825
stable_high_baseline_goldendoodle_03,2026-01-29 22:22:04,2026-01-29 22:22:07.195992,3.195991746428638
stable_high_baseline_goldendoodle_03,2026-01-29 08:25:21,2026-01-29 08:25:23.231329,2.2313288185603635
stable_high_baseline_goldendoodle_03,2026-01-29 01:51:54,2026-01-29 01:51:59.267616,5.267615504828104
stable_high_baseline_goldendoodle_03,2026-01-29 20:30:03,2026-01-29 20:30:05.140903,2.140903005829108
stable_high_baseline_goldendoodle_03,2026-01-29 15:23:42,2026-01-29 15:23:47.226391,5.226390932630963
stable_high_baseline_goldendoodle_03,2026-01-29 12:52:37,2026-01-29 12:52:39.310997,2.3109970451835506
stable_high_baseline_goldendoodle_03,2026-01-29 05:41:11,2026-01-29 05:41:16.158228,5.158228002505317
stable_high_baseline_goldendoodle_03,2026-01-29 20:25:41,2026-01-29 20:25:46.222318,5.2223178763490985
stable_high_baseline_goldendoodle_03,2026-01-29 09:05:54,2026-01-29 09:05:58.790902,4.790901784907333
stable_high_baseline_goldendoodle_03,2026-01-29 19:12:23,2026-01-29 19:12:27.164692,4.164691934028566
stable_high_baseline_goldendoodle_03,2026-01-29 11:38:06,2026-01-29 11:38:09.555647,3.5556469577390337
stable_high_baseline_goldendoodle_03,2026-01-29 13:15:42,2026-01-29 13:15:47.869682,5.869681952530458
stable_high_baseline_goldendoodle_03,2026-01-29 09:36:47,2026-01-29 09:36:52.789796,5.789796400173539
stable_high_baseline_goldendoodle_03,2026-01-29 11:56:05,2026-01-29 11:56:10.525655,5.525655134185131
stable_high_baseline_goldendoodle_03,2026-01-29 08:15:34,2026-01-29 08:15:38.653564,4.653563820056166
stable_high_baseline_goldendoodle_03,2026-01-29 14:45:23,2026-01-29 14:45:28.277083,5.277082944632893
stable_high_baseline_goldendoodle_03,2026-01-29 07:32:32,2026-01-29 07:32:35.780713,3.7807129321591577
stable_high_baseline_goldendoodle_03,2026-01-29 20:13:54,2026-01-29 20:13:58.074701,4.074701111312908
stable_high_baseline_goldendoodle_03,2026-01-29 07:17:14,2026-01-29 07:17:18.684294,4.6842937809096
stable_high_baseline_goldendoodle_03,2026-01-29 17:38:05,2026-01-29 17:38:07.397995,2.397994876973299
stable_high_baseline_goldendoodle_03,2026-01-29 19:58:46,2026-01-29 19:58:50.729543,4.729542558770018
stable_high_baseline_goldendoodle_03,2026-01-29 09:58:20,2026-01-29 09:58:25.984377,5.984377388927318
stable_high_baseline_goldendoodle_03,2026-01-29 03:02:12,2026-01-29 03:02:14.629838,2.6298383043108866
stable_high_baseline_goldendoodle_03,2026-01-29 20:50:38,2026-01-29 20:50:42.534125,4.534125204332701
stable_high_baseline_goldendoodle_03,2026-01-29 22:31:08,2026-01-29 22:31:13.390841,5.390841015796768
stable_high_baseline_goldendoodle_03,2026-01-29 19:24:36,2026-01-29 19:24:40.088048,4.08804781347953
stable_high_baseline_goldendoodle_03,2026-01-29 10:45:27,2026-01-29 10:45:32.992130,5.9921304180526676
stable_high_baseline_goldendoodle_03,2026-01-29 19:02:07,2026-01-29 19:02:09.655464,2.6554638532948927
stable_high_baseline_goldendoodle_03,2026-01-29 01:14:50,2026-01-29 01:14:54.917879,4.917879474455075
stable_high_baseline_goldendoodle_03,2026-01-29 12:53:37,2026-01-29 12:53:40.705679,3.7056786533375345
stable_high_baseline_goldendoodle_03,2026-01-29 12:09:42,2026-01-29 12:09:45.593900,3.5939004015619576
stable_high_baseline_goldendoodle_03,2026-01-29 06:27:22,2026-01-29 06:27:27.298335,5.298335071310094
stable_high_baseline_goldendoodle_03,2026-01-29 08:18:13,2026-01-29 08:18:17.777170,4.777170388254735
stable_high_baseline_goldendoodle_03,2026-01-29 11:21:37,2026-01-29 11:21:41.962875,4.96287483438188
stable_high_baseline_goldendoodle_03,2026-01-30 08:58:54,2026-01-30 08:58:59.866098,5.866097503541846
stable_high_baseline_goldendoodle_03,2026-01-30 09:24:46,2026-01-30 09:24:50.925196,4.925195746977467
stable_high_baseline_goldendoodle_03,2026-01-30 17:32:18,2026-01-30 17:32:23.694893,5.694893110548973
stable_high_baseline_goldendoodle_03,2026-01-30 09:50:45,2026-01-30 09:50:49.392046,4.392046395944648
stable_high_baseline_goldendoodle_03,2026-01-30 04:17:10,2026-01-30 04:17:14.655839,4.655838830256654
stable_high_baseline_goldendoodle_03,2026-01-30 08:08:13,2026-01-30 08:08:16.774020,3.7740204122192273
stable_high_baseline_goldendoodle_03,2026-01-30 09:50:17,2026-01-30 09:50:20.432727,3.4327269838126693
stable_high_baseline_goldendoodle_03,2026-01-30 15:06:03,2026-01-30 15:06:06.468064,3.4680641059525743
stable_high_baseline_goldendoodle_03,2026-01-30 12:41:05,2026-01-30 12:41:08.979125,3.97912525149142
stable_high_baseline_goldendoodle_03,2026-01-30 15:46:23,2026-01-30 15:46:27.019153,4.0191525061440405
stable_high_baseline_goldendoodle_03,2026-01-30 17:26:02,2026-01-30 17:26:04.839682,2.8396823386151753
stable_high_baseline_goldendoodle_03,2026-01-30 10:31:10,2026-01-30 10:31:12.004144,2.0041436416538922
stable_high_baseline_goldendoodle_03,2026-01-30 08:57:15,2026-01-30 08:57:20.171720,5.171719948893072
stable_high_baseline_goldendoodle_03,2026-01-30 23:25:17,2026-01-30 23:25:20.711263,3.7112629789628944
stable_high_baseline_goldendoodle_03,2026-01-30 10:12:46,2026-01-30 10:12:50.023015,4.023015051365107
stable_high_baseline_goldendoodle_03,2026-01-30 16:52:32,2026-01-30 16:52:36.149043,4.149043407081126
stable_high_baseline_goldendoodle_03,2026-01-30 08:17:33,2026-01-30 08:17:37.975482,4.975482471978178
stable_high_baseline_goldendoodle_03,2026-01-30 16:54:05,2026-01-30 16:54:08.492703,3.492702876104158
stable_high_baseline_goldendoodle_03,2026-01-30 12:53:48,2026-01-30 12:53:50.362913,2.362912694929381
stable_high_baseline_goldendoodle_03,2026-01-30 16:50:49,2026-01-30 16:50:52.083816,3.0838164847300757
stable_high_baseline_goldendoodle_03,2026-01-30 15:00:25,2026-01-30 15:00:28.806832,3.806831863795496
stable_high_baseline_goldendoodle_03,2026-01-30 17:47:40,2026-01-30 17:47:43.050895,3.050894752194911
stable_high_baseline_goldendoodle_03,2026-01-30 18:50:45,2026-01-30 18:50:48.455048,3.4550477403441526
stable_high_baseline_goldendoodle_03,2026-01-30 12:22:01,2026-01-30 12:22:03.131864,2.1318635978188154
stable_high_baseline_goldendoodle_03,2026-01-30 13:56:30,2026-01-30 13:56:35.451185,5.45118519301362
stable_high_baseline_goldendoodle_03,2026-01-30 15:46:52,2026-01-30 15:46:54.061103,2.0611030120180414
stable_high_baseline_goldendoodle_03,2026-01-30 08:17:32,2026-01-30 08:17:37.074670,5.0746698329908915
stable_high_baseline_goldendoodle_03,2026-01-30 13:57:01,2026-01-30 13:57:06.145020,5.145019913604779
stable_high_baseline_goldendoodle_03,2026-01-30 16:38:44,2026-01-30 16:38:48.456722,4.456722429574992
stable_high_baseline_goldendoodle_03,2026-01-30 20:02:55,2026-01-30 20:02:57.823820,2.8238201362596915
stable_high_baseline_goldendoodle_03,2026-01-30 15:18:32,2026-01-30 15:18:37.395012,5.395011659096248
stable_high_baseline_goldendoodle_03,2026-01-30 14:16:07,2026-01-30 14:16:10.722720,3.722719925277948
stable_high_baseline_goldendoodle_03,2026-01-30 10:35:01,2026-01-30 10:35:06.397778,5.397778341810233
stable_high_baseline_goldendoodle_03,2026-01-30 22:13:47,2026-01-30 22:13:52.952111,5.952111287663079
stable_high_baseline_goldendoodle_03,2026-01-30 17:57:04,2026-01-30 17:57:06.333278,2.3332780251641303
stable_high_baseline_goldendoodle_03,2026-01-30 19:16:16,2026-01-30 19:16:20.548724,4.5487242050542465
stable_high_baseline_goldendoodle_03,2026-01-30 16:42:28,2026-01-30 16:42:31.416383,3.416383008161906
stable_high_baseline_goldendoodle_03,2026-01-30 14:24:44,2026-01-30 14:24:47.200204,3.200204106837191
stable_high_baseline_goldendoodle_03,2026-01-31 08:28:45,2026-01-31 08:28:48.929335,3.929334800831806
stable_high_baseline_goldendoodle_03,2026-01-31 13:01:03,2026-01-31 13:01:05.670956,2.6709558752455234
stable_high_baseline_goldendoodle_03,2026-01-31 20:53:30,2026-01-31 20:53:33.370846,3.370845604579431
stable_high_baseline_goldendoodle_03,2026-01-31 07:20:22,2026-01-31 07:20:26.615535,4.615534537818306
stable_high_baseline_goldendoodle_03,2026-01-31 16:09:36,2026-01-31 16:09:40.326774,4.3267738078045594
stable_high_baseline_goldendoodle_03,2026-01-31 08:51:09,2026-01-31 08:51:11.946784,2.9467840678581836
stable_high_baseline_goldendoodle_03,2026-01-31 10:02:14,2026-01-31 10:02:19.345584,5.345584196987796
stable_high_baseline_goldendoodle_03,2026-01-31 19:41:30,2026-01-31 19:41:32.884271,2.884270633610659
stable_high_baseline_goldendoodle_03,2026-01-31 04:15:48,2026-01-31 04:15:52.661478,4.661478104082782
stable_high_baseline_goldendoodle_03,2026-01-31 21:23:05,2026-01-31 21:23:07.376646,2.3766462569175446
stable_high_baseline_goldendoodle_03,2026-01-31 16:24:12,2026-01-31 16:24:15.946371,3.946371361129412
stable_high_baseline_goldendoodle_03,2026-01-31 19:02:58,2026-01-31 19:03:03.676294,5.676293684992455
stable_high_baseline_goldendoodle_03,2026-01-31 12:20:01,2026-01-31 12:20:03.002604,2.002603743035039
stable_high_baseline_goldendoodle_03,2026-01-31 07:52:58,2026-01-31 07:53:01.907523,3.9075228545946223
stable_high_baseline_goldendoodle_03,2026-01-31 15:44:52,2026-01-31 15:44:55.140839,3.1408390627505622
stable_high_baseline_goldendoodle_03,2026-01-31 17:16:15,2026-01-31 17:16:18.169727,3.1697268691403644
stable_high_baseline_goldendoodle_03,2026-01-31 06:10:39,2026-01-31 06:10:41.658662,2.658661793748428
stable_high_baseline_goldendoodle_03,2026-01-31 06:39:52,2026-01-31 06:39:56.796593,4.796593140753911
stable_high_baseline_goldendoodle_03,2026-01-31 12:13:14,2026-01-31 12:13:17.840125,3.8401245061954863
stable_high_baseline_goldendoodle_03,2026-01-31 01:25:27,2026-01-31 01:25:30.659892,3.65989159214028
stable_high_baseline_goldendoodle_03,2026-01-31 11:14:29,2026-01-31 11:14:31.969958,2.9699583473853144
stable_high_baseline_goldendoodle_03,2026-01-31 11:29:02,2026-01-31 11:29:07.799013,5.799012640714999
stable_high_baseline_goldendoodle_03,2026-01-31 16:01:33,2026-01-31 16:01:37.536494,4.536493660764719
stable_high_baseline_goldendoodle_03,2026-01-31 20:49:33,2026-01-31 20:49:38.175408,5.175408250973026
stable_high_baseline_goldendoodle_03,2026-01-31 13:04:52,2026-01-31 13:04:54.749176,2.7491756695060547
stable_high_baseline_goldendoodle_03,2026-01-31 12:59:58,2026-01-31 13:00:03.400747,5.400747132895763
stable_high_baseline_goldendoodle_03,2026-01-31 11:36:03,2026-01-31 11:36:08.650407,5.650406768940776
stable_high_baseline_goldendoodle_03,2026-01-31 10:23:48,2026-01-31 10:23:50.765783,2.7657825159459586
stable_high_baseline_goldendoodle_03,2026-01-31 17:03:52,2026-01-31 17:03:54.393895,2.393894608228866
stable_high_baseline_goldendoodle_03,2026-01-31 20:49:40,2026-01-31 20:49:45.852713,5.852713049113471
stable_high_baseline_goldendoodle_03,2026-01-31 21:16:48,2026-01-31 21:16:52.261635,4.2616353177713595
stable_high_baseline_goldendoodle_03,2026-01-31 17:22:33,2026-01-31 17:22:38.551503,5.551502570797567
stable_high_baseline_goldendoodle_03,2026-01-31 19:19:57,2026-01-31 19:20:01.393480,4.393480442963889
stable_high_baseline_goldendoodle_03,2026-01-31 09:40:02,2026-01-31 09:40:05.410949,3.41094935242962
stable_high_baseline_goldendoodle_03,2026-01-31 14:21:25,2026-01-31 14:21:29.973614,4.973614268631993
stable_high_baseline_goldendoodle_03,2026-02-01 01:36:28,2026-02-01 01:36:30.647224,2.6472241432656243
stable_high_baseline_goldendoodle_03,2026-02-01 22:10:07,2026-02-01 22:10:11.014189,4.014188652174524
stable_high_baseline_goldendoodle_03,2026-02-01 19:48:41,2026-02-01 19:48:43.227093,2.227092850663146
stable_high_baseline_goldendoodle_03,2026-02-01 07:50:26,2026-02-01 07:50:28.034925,2.0349249616877385
stable_high_baseline_goldendoodle_03,2026-02-01 09:18:09,2026-02-01 09:18:12.609097,3.6090972940277637
stable_high_baseline_goldendoodle_03,2026-02-01 22:51:02,2026-02-01 22:51:07.729057,5.729056553066982
stable_high_baseline_goldendoodle_03,2026-02-01 02:00:42,2026-02-01 02:00:47.426335,5.426335341823405
stable_high_baseline_goldendoodle_03,2026-02-02 06:39:11,2026-02-02 06:39:13.043449,2.0434490973539465
stable_high_baseline_goldendoodle_03,2026-02-02 20:12:27,2026-02-02 20:12:30.702731,3.7027309881284
stable_high_baseline_goldendoodle_03,2026-02-02 21:50:50,2026-02-02 21:50:55.732414,5.732413690799751
stable_high_baseline_goldendoodle_03,2026-02-02 09:32:28,2026-02-02 09:32:33.029069,5.029068756088142
stable_high_baseline_goldendoodle_03,2026-02-02 16:08:43,2026-02-02 16:08:46.321167,3.3211665229724416
stable_high_baseline_goldendoodle_03,2026-02-02 08:35:07,2026-02-02 08:35:09.741970,2.7419697242189063
stable_high_baseline_goldendoodle_03,2026-02-02 04:32:31,2026-02-02 04:32:33.382173,2.3821728548491325
stable_high_baseline_goldendoodle_03,2026-02-02 09:12:08,2026-02-02 09:12:11.082863,3.0828627338111985
stable_high_baseline_goldendoodle_03,2026-02-02 05:42:50,2026-02-02 05:42:53.152744,3.1527444675167335
stable_high_baseline_goldendoodle_03,2026-02-02 03:28:43,2026-02-02 03:28:47.653553,4.653552955295183
stable_high_baseline_goldendoodle_03,2026-02-02 00:59:20,2026-02-02 00:59:24.364720,4.364720169230196
stable_high_baseline_goldendoodle_03,2026-02-02 14:58:09,2026-02-02 14:58:13.772571,4.772571489164811
stable_high_baseline_goldendoodle_03,2026-02-02 13:12:47,2026-02-02 13:12:49.396324,2.396323761378588
stable_high_baseline_goldendoodle_03,2026-02-02 08:33:44,2026-02-02 08:33:46.076269,2.0762692375694662
stable_high_baseline_goldendoodle_03,2026-02-03 11:42:21,2026-02-03 11:42:24.091927,3.091927206464604
stable_high_baseline_goldendoodle_03,2026-02-03 20:56:17,2026-02-03 20:56:22.394314,5.394313701686891
stable_high_baseline_goldendoodle_03,2026-02-03 03:27:55,2026-02-03 03:28:00.246631,5.246630809285792
stable_high_baseline_goldendoodle_03,2026-02-03 21:11:43,2026-02-03 21:11:47.531831,4.531831011706821
stable_high_baseline_goldendoodle_03,2026-02-03 14:34:55,2026-02-03 14:34:58.588965,3.588965210904758
stable_high_baseline_goldendoodle_03,2026-02-03 08:15:01,2026-02-03 08:15:05.440005,4.440005164194549
stable_high_baseline_goldendoodle_03,2026-02-03 20:19:47,2026-02-03 20:19:50.690461,3.690461431227786
stable_high_baseline_goldendoodle_03,2026-02-03 10:10:12,2026-02-03 10:10:17.124749,5.124748591929377
stable_high_baseline_goldendoodle_03,2026-02-03 14:25:34,2026-02-03 14:25:39.966112,5.9661122962486255
stable_high_baseline_goldendoodle_03,2026-02-03 16:23:49,2026-02-03 16:23:51.102497,2.1024968770836776
stable_high_baseline_goldendoodle_03,2026-02-03 16:46:52,2026-02-03 16:46:54.100788,2.1007876304643234
stable_high_baseline_goldendoodle_03,2026-02-03 17:16:23,2026-02-03 17:16:28.672502,5.672502340950467
stable_high_baseline_goldendoodle_03,2026-02-03 14:38:56,2026-02-03 14:39:00.420569,4.420568621162707
stable_high_baseline_goldendoodle_03,2026-02-03 10:16:55,2026-02-03 10:16:57.563567,2.5635673693431955
stable_high_baseline_goldendoodle_03,2026-02-03 09:08:53,2026-02-03 09:08:58.658053,5.658053059474394
stable_high_baseline_goldendoodle_03,2026-02-03 18:31:12,2026-02-03 18:31:17.578154,5.578154482840972
stable_high_baseline_goldendoodle_03,2026-02-03 13:17:46,2026-02-03 13:17:50.779444,4.779444039219049
stable_high_baseline_goldendoodle_03,2026-02-03 22:18:07,2026-02-03 22:18:09.946945,2.946945276655747
stable_high_baseline_goldendoodle_03,2026-02-03 02:56:11,2026-02-03 02:56:15.524069,4.524069447185802
stable_high_baseline_goldendoodle_03,2026-02-03 11:56:34,2026-02-03 11:56:37.673556,3.6735558734850744
stable_high_baseline_goldendoodle_03,2026-02-03 05:56:11,2026-02-03 05:56:14.824977,3.8249773436876704
stable_high_baseline_goldendoodle_03,2026-02-03 08:40:48,2026-02-03 08:40:51.775906,3.775905930197336
stable_high_baseline_goldendoodle_03,2026-02-03 21:20:04,2026-02-03 21:20:07.926178,3.9261780619504756
stable_high_baseline_goldendoodle_03,2026-02-03 13:23:53,2026-02-03 13:23:56.565228,3.5652282791734047
stable_high_baseline_goldendoodle_03,2026-02-03 18:37:32,2026-02-03 18:37:35.606689,3.6066894709503146
stable_high_baseline_goldendoodle_03,2026-02-03 09:39:16,2026-02-03 09:39:18.794480,2.794479569210655
stable_high_baseline_goldendoodle_03,2026-02-03 11:56:42,2026-02-03 11:56:45.143237,3.14323730261251
stable_high_baseline_goldendoodle_03,2026-02-03 10:46:05,2026-02-03 10:46:09.374656,4.374655912500254
stable_high_baseline_goldendoodle_03,2026-02-03 00:55:18,2026-02-03 00:55:20.071006,2.0710060197385176
stable_high_baseline_goldendoodle_03,2026-02-03 21:42:10,2026-02-03 21:42:12.858109,2.858108653099182
stable_high_baseline_goldendoodle_03,2026-02-03 15:46:38,2026-02-03 15:46:43.348951,5.348950585098743
stable_high_baseline_goldendoodle_03,2026-02-03 13:54:05,2026-02-03 13:54:07.658669,2.658669309418884
stable_high_baseline_goldendoodle_03,2026-02-03 12:24:25,2026-02-03 12:24:27.212502,2.2125020727941247
stable_high_baseline_goldendoodle_03,2026-02-03 09:12:21,2026-02-03 09:12:24.192843,3.1928426288724787
stable_high_baseline_goldendoodle_03,2026-02-03 09:57:03,2026-02-03 09:57:05.367761,2.3677610973168686
stable_high_baseline_goldendoodle_03,2026-02-03 20:27:09,2026-02-03 20:27:13.057801,4.057800820318365
stable_high_baseline_goldendoodle_03,2026-02-03 06:28:59,2026-02-03 06:29:01.372680,2.3726796186855994
stable_high_baseline_goldendoodle_03,2026-02-03 08:12:24,2026-02-03 08:12:29.331762,5.331761673483118
stable_high_baseline_goldendoodle_03,2026-02-03 07:26:56,2026-02-03 07:26:58.561854,2.561853718557205
stable_high_baseline_goldendoodle_03,2026-02-03 10:02:46,2026-02-03 10:02:51.118413,5.118413320504633
stable_high_baseline_goldendoodle_03,2026-02-03 13:17:59,2026-02-03 13:18:03.310156,4.310156424423376
stable_high_baseline_goldendoodle_03,2026-02-03 18:16:31,2026-02-03 18:16:34.189500,3.189500297325809
stable_high_baseline_goldendoodle_03,2026-02-03 08:43:51,2026-02-03 08:43:54.479234,3.4792340052896296
stable_high_baseline_goldendoodle_03,2026-02-03 21:29:51,2026-02-03 21:29:54.844721,3.844720905622428
stable_high_baseline_goldendoodle_03,2026-02-03 18:27:59,2026-02-03 18:28:02.060940,3.0609400548550085
stable_high_baseline_goldendoodle_03,2026-02-04 13:27:26,2026-02-04 13:27:30.058948,4.058948154924608
stable_high_baseline_goldendoodle_03,2026-02-04 22:08:49,2026-02-04 22:08:54.526321,5.526321218322586
stable_high_baseline_goldendoodle_03,2026-02-04 12:02:19,2026-02-04 12:02:24.813537,5.813536626791768
stable_high_baseline_goldendoodle_03,2026-02-04 15:50:46,2026-02-04 15:50:49.014551,3.0145512437088993
stable_high_baseline_goldendoodle_03,2026-02-04 15:43:35,2026-02-04 15:43:37.468567,2.4685666062139218
stable_high_baseline_goldendoodle_03,2026-02-04 11:42:41,2026-02-04 11:42:44.885991,3.88599076167635
stable_high_baseline_goldendoodle_03,2026-02-04 17:44:51,2026-02-04 17:44:55.991803,4.991803419572938
stable_high_baseline_goldendoodle_03,2026-02-04 12:29:40,2026-02-04 12:29:44.880718,4.880717778040182
stable_high_baseline_goldendoodle_03,2026-02-04 14:45:39,2026-02-04 14:45:43.051922,4.051921630500898
stable_high_baseline_goldendoodle_03,2026-02-04 16:57:10,2026-02-04 16:57:15.546850,5.546849564066247
stable_high_baseline_goldendoodle_03,2026-02-04 19:17:01,2026-02-04 19:17:05.497516,4.497516159944775
stable_high_baseline_goldendoodle_03,2026-02-04 21:41:12,2026-02-04 21:41:16.377249,4.377248990202368
stable_high_baseline_goldendoodle_03,2026-02-04 20:24:39,2026-02-04 20:24:41.929987,2.9299873016035622
stable_high_baseline_goldendoodle_03,2026-02-04 06:38:28,2026-02-04 06:38:33.287785,5.287784633040141
stable_high_baseline_goldendoodle_03,2026-02-04 14:29:18,2026-02-04 14:29:20.324520,2.324519759553008
stable_high_baseline_goldendoodle_03,2026-02-04 15:46:33,2026-02-04 15:46:35.930252,2.9302517445383467
stable_high_baseline_goldendoodle_03,2026-02-04 11:33:24,2026-02-04 11:33:26.956167,2.956166805691852
stable_high_baseline_goldendoodle_03,2026-02-04 11:11:10,2026-02-04 11:11:15.730322,5.730321564804985
stable_high_baseline_goldendoodle_03,2026-02-04 06:15:54,2026-02-04 06:15:57.874718,3.8747180062473054
stable_high_baseline_goldendoodle_03,2026-02-05 20:00:22,2026-02-05 20:00:26.936858,4.936857822933116
stable_high_baseline_goldendoodle_03,2026-02-05 18:33:18,2026-02-05 18:33:23.206409,5.206408534354354
stable_high_baseline_goldendoodle_03,2026-02-05 13:35:08,2026-02-05 13:35:13.801998,5.80199785966809
stable_high_baseline_goldendoodle_03,2026-02-05 16:33:10,2026-02-05 16:33:15.999569,5.999569174480748
stable_high_baseline_goldendoodle_03,2026-02-05 10:24:10,2026-02-05 10:24:14.475770,4.475770162155227
stable_high_baseline_goldendoodle_03,2026-02-05 23:25:06,2026-02-05 23:25:08.635621,2.635620901881903
stable_high_baseline_goldendoodle_03,2026-02-05 19:40:51,2026-02-05 19:40:55.026040,4.026039769525809
stable_high_baseline_goldendoodle_03,2026-02-05 16:17:32,2026-02-05 16:17:34.707633,2.7076327492995085
stable_high_baseline_goldendoodle_03,2026-02-05 15:38:46,2026-02-05 15:38:49.349343,3.3493434353404496
stable_high_baseline_goldendoodle_03,2026-02-05 00:55:31,2026-02-05 00:55:33.884201,2.8842007107528636
stable_high_baseline_goldendoodle_03,2026-02-05 06:43:21,2026-02-05 06:43:25.373270,4.37327038610505
stable_high_baseline_goldendoodle_03,2026-02-05 10:23:44,2026-02-05 10:23:46.550637,2.550637065710817
stable_high_baseline_goldendoodle_03,2026-02-05 11:33:07,2026-02-05 11:33:10.826925,3.826925274352255
stable_high_baseline_goldendoodle_03,2026-02-05 08:23:58,2026-02-05 08:24:03.950450,5.950450346255066
stable_high_baseline_goldendoodle_03,2026-02-05 16:20:19,2026-02-05 16:20:21.102706,2.102706116499976
stable_high_baseline_goldendoodle_03,2026-02-05 06:40:14,2026-02-05 06:40:18.363235,4.363234799868339
stable_high_baseline_goldendoodle_03,2026-02-05 17:47:25,2026-02-05 17:47:28.830072,3.830071935863425
stable_high_baseline_goldendoodle_03,2026-02-05 07:21:09,2026-02-05 07:21:14.535317,5.535316765409643
stable_high_baseline_goldendoodle_03,2026-02-05 05:08:38,2026-02-05 05:08:42.512971,4.512971165209795
stable_high_baseline_goldendoodle_03,2026-02-05 19:15:01,2026-02-05 19:15:04.962364,3.962363927229473
stable_high_baseline_goldendoodle_03,2026-02-05 08:25:45,2026-02-05 08:25:48.923938,3.9239383639423875
stable_high_baseline_goldendoodle_03,2026-02-05 18:21:00,2026-02-05 18:21:03.555552,3.555551731444744
stable_high_baseline_goldendoodle_03,2026-02-05 07:29:03,2026-02-05 07:29:08.632637,5.632636743780322
stable_high_baseline_goldendoodle_03,2026-02-05 20:05:39,2026-02-05 20:05:43.298294,4.298293825736724
stable_high_baseline_goldendoodle_03,2026-02-05 08:28:15,2026-02-05 08:28:20.083123,5.083122604439212
stable_high_baseline_goldendoodle_03,2026-02-05 23:10:07,2026-02-05 23:10:10.212073,3.212072869378488
stable_high_baseline_goldendoodle_03,2026-02-05 10:00:49,2026-02-05 10:00:54.673440,5.673439663139913
stable_high_baseline_goldendoodle_03,2026-02-05 11:46:03,2026-02-05 11:46:08.086287,5.086286623092595
stable_high_baseline_goldendoodle_03,2026-02-05 22:47:55,2026-02-05 22:47:59.117820,4.1178201954639135
stable_high_baseline_goldendoodle_03,2026-02-05 21:44:33,2026-02-05 21:44:38.784285,5.784284657894238
stable_high_baseline_goldendoodle_03,2026-02-06 04:45:44,2026-02-06 04:45:48.411781,4.411781121348469
stable_high_baseline_goldendoodle_03,2026-02-06 18:04:35,2026-02-06 18:04:39.983545,4.983545092579131
stable_high_baseline_goldendoodle_03,2026-02-06 13:15:45,2026-02-06 13:15:47.787774,2.7877738415112083
stable_high_baseline_goldendoodle_03,2026-02-06 22:14:06,2026-02-06 22:14:10.631953,4.631952883489387
stable_high_baseline_goldendoodle_03,2026-02-06 21:50:55,2026-02-06 21:50:58.751428,3.751428175767624
stable_high_baseline_goldendoodle_03,2026-02-06 06:38:22,2026-02-06 06:38:24.534226,2.53422574418594
stable_high_baseline_goldendoodle_03,2026-02-06 07:53:43,2026-02-06 07:53:45.511802,2.511802424471916
stable_high_baseline_goldendoodle_03,2026-02-06 04:55:52,2026-02-06 04:55:57.807675,5.807674977904851
stable_high_baseline_goldendoodle_03,2026-02-06 18:06:15,2026-02-06 18:06:18.585939,3.585938867598841
stable_high_baseline_goldendoodle_03,2026-02-06 18:20:14,2026-02-06 18:20:16.163135,2.163135332739755
stable_high_baseline_goldendoodle_03,2026-02-06 20:31:36,2026-02-06 20:31:40.188582,4.188582373250876
stable_high_baseline_goldendoodle_03,2026-02-06 09:44:12,2026-02-06 09:44:15.762411,3.7624112158506677
stable_high_baseline_goldendoodle_03,2026-02-06 17:12:35,2026-02-06 17:12:37.582937,2.5829365081503854
stable_high_baseline_goldendoodle_03,2026-02-06 05:13:32,2026-02-06 05:13:35.576034,3.5760341664444657
stable_high_baseline_goldendoodle_03,2026-02-06 15:24:17,2026-02-06 15:24:22.575779,5.5757787554589076
stable_high_baseline_goldendoodle_03,2026-02-06 06:03:27,2026-02-06 06:03:32.776277,5.776277436788624
stable_high_baseline_goldendoodle_03,2026-02-06 19:52:27,2026-02-06 19:52:32.549421,5.549420593095315
stable_high_baseline_goldendoodle_03,2026-02-06 20:42:31,2026-02-06 20:42:35.722382,4.7223823477023466
stable_high_baseline_goldendoodle_03,2026-02-06 16:29:55,2026-02-06 16:29:57.655443,2.655442867375509
stable_high_baseline_goldendoodle_03,2026-02-06 21:58:49,2026-02-06 21:58:51.763679,2.763678790639509
stable_high_baseline_goldendoodle_03,2026-02-06 17:19:36,2026-02-06 17:19:41.151810,5.151809536479414
stable_high_baseline_goldendoodle_03,2026-02-06 01:36:48,2026-02-06 01:36:51.969000,3.9689995361758332
stable_high_baseline_goldendoodle_03,2026-02-06 12:07:46,2026-02-06 12:07:48.085884,2.0858844093671496
stable_high_baseline_goldendoodle_03,2026-02-06 12:05:00,2026-02-06 12:05:05.167262,5.167261798458538
stable_high_baseline_goldendoodle_03,2026-02-06 14:32:30,2026-02-06 14:32:32.961552,2.961552278176295
stable_high_baseline_goldendoodle_03,2026-02-06 11:36:09,2026-02-06 11:36:11.207967,2.2079674731075527
stable_high_baseline_goldendoodle_03,2026-02-06 09:25:46,2026-02-06 09:25:50.650586,4.650586366452318
stable_high_baseline_goldendoodle_03,2026-02-06 13:42:03,2026-02-06 13:42:05.082021,2.0820211458450775
stable_high_baseline_goldendoodle_03,2026-02-06 08:26:44,2026-02-06 08:26:47.611733,3.611732909279231
stable_high_baseline_goldendoodle_03,2026-02-06 15:57:42,2026-02-06 15:57:45.222663,3.222663293509138
stable_high_baseline_goldendoodle_03,2026-02-07 19:19:56,2026-02-07 19:20:01.112871,5.112871035228979
stable_high_baseline_goldendoodle_03,2026-02-07 14:59:27,2026-02-07 14:59:29.655748,2.655747564295441
stable_high_baseline_goldendoodle_03,2026-02-07 17:03:17,2026-02-07 17:03:21.734429,4.734429237666198
stable_high_baseline_goldendoodle_03,2026-02-07 18:54:45,2026-02-07 18:54:50.217737,5.217736869551324
stable_high_baseline_goldendoodle_03,2026-02-07 16:50:52,2026-02-07 16:50:54.464779,2.4647789718997486
stable_high_baseline_goldendoodle_03,2026-02-07 11:20:58,2026-02-07 11:21:03.667463,5.667463453395664
stable_high_baseline_goldendoodle_03,2026-02-07 19:30:34,2026-02-07 19:30:36.955893,2.955892885371563
stable_high_baseline_goldendoodle_03,2026-02-07 09:55:17,2026-02-07 09:55:22.175782,5.175781868121088
stable_high_baseline_goldendoodle_03,2026-02-07 01:28:58,2026-02-07 01:29:00.501151,2.501150836931711
stable_high_baseline_goldendoodle_03,2026-02-07 08:51:05,2026-02-07 08:51:09.278842,4.2788419307843295
stable_high_baseline_goldendoodle_03,2026-02-07 03:40:13,2026-02-07 03:40:17.550229,4.550228772385097
stable_high_baseline_goldendoodle_03,2026-02-07 21:40:05,2026-02-07 21:40:07.585447,2.585447183599116
stable_high_baseline_goldendoodle_03,2026-02-07 16:48:43,2026-02-07 16:48:48.353354,5.353353502994832
stable_high_baseline_goldendoodle_03,2026-02-07 18:01:07,2026-02-07 18:01:10.480361,3.4803613748695317
stable_high_baseline_goldendoodle_03,2026-02-07 07:47:01,2026-02-07 07:47:04.789787,3.7897874325745113
stable_high_baseline_goldendoodle_03,2026-02-07 09:03:11,2026-02-07 09:03:15.305404,4.3054040042081985
stable_high_baseline_goldendoodle_03,2026-02-07 15:54:36,2026-02-07 15:54:38.825342,2.8253417308299045
stable_high_baseline_goldendoodle_03,2026-02-07 14:42:01,2026-02-07 14:42:05.674867,4.674866803779916
stable_high_baseline_goldendoodle_03,2026-02-07 15:27:54,2026-02-07 15:27:56.893466,2.893465971423818
stable_high_baseline_goldendoodle_03,2026-02-07 13:51:57,2026-02-07 13:52:00.373620,3.373620174752534
stable_high_baseline_goldendoodle_03,2026-02-07 18:17:11,2026-02-07 18:17:15.696637,4.69663684151604
stable_high_baseline_goldendoodle_03,2026-02-07 08:24:57,2026-02-07 08:25:00.455427,3.455426586871449
stable_high_baseline_goldendoodle_03,2026-02-07 23:51:57,2026-02-07 23:51:59.782312,2.7823123690298304
stable_high_baseline_goldendoodle_03,2026-02-07 19:37:09,2026-02-07 19:37:13.872866,4.872865909904979
stable_high_baseline_goldendoodle_03,2026-02-07 13:54:18,2026-02-07 13:54:21.336334,3.336334279088473
stable_high_baseline_goldendoodle_03,2026-02-07 08:30:17,2026-02-07 08:30:20.712574,3.712574145264871
stable_high_baseline_goldendoodle_03,2026-02-07 06:09:02,2026-02-07 06:09:05.151104,3.151103545860089
stable_high_baseline_goldendoodle_03,2026-02-07 21:21:27,2026-02-07 21:21:32.388945,5.38894541834965
stable_high_baseline_goldendoodle_03,2026-02-07 11:27:30,2026-02-07 11:27:33.878390,3.8783902998295336
stable_high_baseline_goldendoodle_03,2026-02-07 04:14:53,2026-02-07 04:14:56.634171,3.634170624025778
stable_high_baseline_goldendoodle_03,2026-02-07 11:53:00,2026-02-07 11:53:03.315067,3.3150674847402954
stable_high_baseline_goldendoodle_03,2026-02-07 17:07:22,2026-02-07 17:07:27.788269,5.788269445370677
stable_high_baseline_goldendoodle_03,2026-02-07 07:26:30,2026-02-07 07:26:32.394065,2.3940651948223537
stable_high_baseline_goldendoodle_03,2026-02-07 11:42:27,2026-02-07 11:42:32.081008,5.081007974873417
stable_high_baseline_goldendoodle_03,2026-02-07 04:10:44,2026-02-07 04:10:46.532810,2.5328100755457568
stable_high_baseline_goldendoodle_03,2026-02-07 17:13:57,2026-02-07 17:14:02.260094,5.260094497764612
stable_high_baseline_goldendoodle_03,2026-02-07 11:10:17,2026-02-07 11:10:22.708732,5.70873166225115
stable_high_baseline_goldendoodle_03,2026-02-07 17:54:54,2026-02-07 17:54:59.112208,5.112207659178372
stable_high_baseline_goldendoodle_03,2026-02-07 07:48:55,2026-02-07 07:48:58.440112,3.4401116219628793
stable_high_baseline_goldendoodle_03,2026-02-07 20:50:04,2026-02-07 20:50:06.246416,2.2464157682894643
stable_high_baseline_goldendoodle_03,2026-02-07 16:27:04,2026-02-07 16:27:09.614082,5.614082097352576
stable_high_baseline_goldendoodle_03,2026-02-07 09:13:47,2026-02-07 09:13:51.578564,4.578563969218951
stable_high_baseline_goldendoodle_03,2026-02-07 19:22:46,2026-02-07 19:22:50.882017,4.882016908807506
stable_high_baseline_goldendoodle_03,2026-02-07 15:06:08,2026-02-07 15:06:12.686257,4.686256655012391
stable_high_baseline_goldendoodle_03,2026-02-07 03:47:06,2026-02-07 03:47:08.224991,2.2249908674209475
stable_high_baseline_goldendoodle_03,2026-02-07 15:24:58,2026-02-07 15:25:03.298380,5.298379619727564
stable_high_baseline_goldendoodle_03,2026-02-07 16:56:15,2026-02-07 16:56:20.146355,5.1463549272735065
stable_high_baseline_goldendoodle_03,2026-02-07 14:46:23,2026-02-07 14:46:25.668285,2.668285429508077
stable_high_baseline_goldendoodle_03,2026-02-07 08:34:58,2026-02-07 08:35:01.828546,3.8285464746735025
stable_high_baseline_goldendoodle_03,2026-02-07 23:01:45,2026-02-07 23:01:48.098920,3.0989198849102246
stable_high_baseline_goldendoodle_03,2026-02-07 12:03:42,2026-02-07 12:03:44.244725,2.244725288281188
stable_high_baseline_goldendoodle_03,2026-02-07 15:47:00,2026-02-07 15:47:04.971067,4.971067379665996
stable_high_baseline_goldendoodle_03,2026-02-07 16:10:22,2026-02-07 16:10:25.859337,3.8593374981322452
stable_high_baseline_goldendoodle_03,2026-02-07 15:01:19,2026-02-07 15:01:22.487462,3.487462346650212
stable_high_baseline_goldendoodle_03,2026-02-07 18:54:36,2026-02-07 18:54:40.222139,4.222138577214075
stable_high_baseline_goldendoodle_03,2026-02-07 08:02:10,2026-02-07 08:02:15.960132,5.960132228483619
stable_high_baseline_goldendoodle_03,2026-02-07 21:59:33,2026-02-07 21:59:37.679529,4.67952873917845
stable_high_baseline_goldendoodle_03,2026-02-07 20:51:07,2026-02-07 20:51:11.285755,4.285755303044662
stable_high_baseline_goldendoodle_03,2026-02-07 21:06:27,2026-02-07 21:06:29.982863,2.9828634272330405
stable_high_baseline_goldendoodle_03,2026-02-07 14:15:26,2026-02-07 14:15:31.464083,5.4640832355105555
stable_high_baseline_goldendoodle_03,2026-02-07 13:56:05,2026-02-07 13:56:08.635155,3.6351549023594116
stable_high_baseline_goldendoodle_03,2026-02-07 01:57:39,2026-02-07 01:57:41.139422,2.1394220253258434
stable_high_baseline_goldendoodle_03,2026-02-07 10:01:28,2026-02-07 10:01:30.725570,2.725570049398347
stable_high_baseline_goldendoodle_03,2026-02-07 06:04:25,2026-02-07 06:04:30.281520,5.28152030009373
stable_high_baseline_goldendoodle_03,2026-02-07 12:40:53,2026-02-07 12:40:56.469829,3.4698287187874866
stable_high_baseline_goldendoodle_03,2026-02-07 07:17:19,2026-02-07 07:17:22.747502,3.747502252015511
stable_high_baseline_goldendoodle_03,2026-02-07 00:17:31,2026-02-07 00:17:34.921872,3.92187206316135
stable_high_baseline_goldendoodle_03,2026-02-08 17:08:30,2026-02-08 17:08:33.890277,3.890277063266678
stable_high_baseline_goldendoodle_03,2026-02-08 07:43:24,2026-02-08 07:43:26.437713,2.4377126569541243
stable_high_baseline_goldendoodle_03,2026-02-08 19:48:28,2026-02-08 19:48:30.437921,2.437920768771097
stable_high_baseline_goldendoodle_03,2026-02-08 09:08:11,2026-02-08 09:08:16.880670,5.880669552891856
stable_high_baseline_goldendoodle_03,2026-02-08 18:44:29,2026-02-08 18:44:34.701132,5.7011317038189855
stable_high_baseline_goldendoodle_03,2026-02-08 12:55:00,2026-02-08 12:55:03.217638,3.217637712513821
stable_high_baseline_goldendoodle_03,2026-02-08 02:45:43,2026-02-08 02:45:47.265476,4.265476044163615
stable_high_baseline_goldendoodle_03,2026-02-08 18:42:34,2026-02-08 18:42:37.003230,3.0032301375371566
stable_high_baseline_goldendoodle_03,2026-02-08 15:17:54,2026-02-08 15:17:59.527695,5.527695213585918
stable_high_baseline_goldendoodle_03,2026-02-08 06:44:25,2026-02-08 06:44:27.083681,2.0836809753626273
stable_high_baseline_goldendoodle_03,2026-02-08 07:10:57,2026-02-08 07:11:00.277143,3.277143364528235
stable_high_baseline_goldendoodle_03,2026-02-08 09:12:25,2026-02-08 09:12:30.160869,5.160869443107043
stable_high_baseline_goldendoodle_03,2026-02-08 17:58:41,2026-02-08 17:58:44.437571,3.437570644282337
stable_high_baseline_goldendoodle_03,2026-02-08 11:59:39,2026-02-08 11:59:41.594809,2.594809190364481
stable_high_baseline_goldendoodle_03,2026-02-08 15:49:19,2026-02-08 15:49:22.145658,3.1456579330479353
stable_high_baseline_goldendoodle_03,2026-02-08 15:48:59,2026-02-08 15:49:01.813081,2.8130811945742593
stable_high_baseline_goldendoodle_03,2026-02-08 15:12:20,2026-02-08 15:12:22.788689,2.788688893687029
stable_high_baseline_goldendoodle_03,2026-02-08 18:29:24,2026-02-08 18:29:26.741455,2.74145498470458
stable_high_baseline_goldendoodle_03,2026-02-08 17:43:31,2026-02-08 17:43:36.114893,5.114893050237483
stable_high_baseline_goldendoodle_03,2026-02-08 12:05:36,2026-02-08 12:05:41.093993,5.093992675286257
stable_high_baseline_goldendoodle_03,2026-02-08 06:16:29,2026-02-08 06:16:32.817955,3.8179547875550224
stable_high_baseline_goldendoodle_03,2026-02-08 01:20:28,2026-02-08 01:20:31.808310,3.8083099513186833
stable_high_baseline_goldendoodle_03,2026-02-08 16:50:17,2026-02-08 16:50:19.600281,2.6002808894929776
stable_high_baseline_goldendoodle_03,2026-02-08 15:48:57,2026-02-08 15:49:02.919557,5.91955713012139
stable_high_baseline_goldendoodle_03,2026-02-08 14:50:30,2026-02-08 14:50:32.847928,2.8479281168130792
stable_high_baseline_goldendoodle_03,2026-02-08 02:41:47,2026-02-08 02:41:50.594950,3.594949787517457
stable_high_baseline_goldendoodle_03,2026-02-08 02:20:25,2026-02-08 02:20:28.746145,3.746144544715343
stable_high_baseline_goldendoodle_03,2026-02-08 11:53:12,2026-02-08 11:53:16.003777,4.003777240358083
stable_high_baseline_goldendoodle_03,2026-02-08 20:26:59,2026-02-08 20:27:01.305248,2.305247948709757
stable_high_baseline_goldendoodle_03,2026-02-08 19:34:25,2026-02-08 19:34:28.049100,3.049100453955234
stable_high_baseline_goldendoodle_03,2026-02-08 15:11:37,2026-02-08 15:11:41.551377,4.5513768803988315
stable_high_baseline_goldendoodle_03,2026-02-08 11:49:59,2026-02-08 11:50:01.170557,2.1705566115664285
stable_high_baseline_goldendoodle_03,2026-02-08 07:16:49,2026-02-08 07:16:51.046299,2.0462994708360878
stable_high_baseline_goldendoodle_03,2026-02-08 09:54:15,2026-02-08 09:54:20.198713,5.1987128289314555
stable_high_baseline_goldendoodle_03,2026-02-08 09:25:26,2026-02-08 09:25:30.798600,4.798599914935979
stable_high_baseline_goldendoodle_03,2026-02-08 06:42:18,2026-02-08 06:42:21.921745,3.9217454798926163
stable_high_baseline_goldendoodle_03,2026-02-08 18:46:18,2026-02-08 18:46:20.759580,2.7595803248729514
stable_high_baseline_goldendoodle_03,2026-02-08 06:17:26,2026-02-08 06:17:30.480551,4.480551425310155
stable_high_baseline_goldendoodle_03,2026-02-08 08:35:30,2026-02-08 08:35:32.397721,2.397720853044413
stable_high_baseline_goldendoodle_03,2026-02-08 20:56:22,2026-02-08 20:56:26.492225,4.492225414231362
stable_high_baseline_goldendoodle_03,2026-02-08 09:34:46,2026-02-08 09:34:51.497017,5.497016694675759
stable_high_baseline_goldendoodle_03,2026-02-08 18:34:55,2026-02-08 18:34:57.813490,2.813490294104845
stable_high_baseline_goldendoodle_03,2026-02-08 07:40:25,2026-02-08 07:40:30.418494,5.418494132619587
stable_high_baseline_goldendoodle_03,2026-02-08 19:54:28,2026-02-08 19:54:33.439596,5.439596175191825
stable_high_baseline_goldendoodle_03,2026-02-08 20:08:42,2026-02-08 20:08:46.787282,4.787282456995223
stable_high_baseline_goldendoodle_03,2026-02-08 08:21:53,2026-02-08 08:21:55.125331,2.1253305540481726
stable_high_baseline_goldendoodle_03,2026-02-08 17:43:25,2026-02-08 17:43:29.974403,4.974403226116554
stable_high_baseline_goldendoodle_03,2026-02-08 20:27:52,2026-02-08 20:27:54.710140,2.7101395484923767
stable_high_baseline_goldendoodle_03,2026-02-08 04:44:00,2026-02-08 04:44:03.963192,3.9631917002242623
stable_high_baseline_goldendoodle_03,2026-02-08 18:18:59,2026-02-08 18:19:03.414973,4.414973194736444
stable_high_baseline_goldendoodle_03,2026-02-08 21:26:52,2026-02-08 21:26:54.484049,2.4840487998443344
stable_high_baseline_goldendoodle_03,2026-02-08 19:28:36,2026-02-08 19:28:38.465620,2.46562020227571
stable_high_baseline_goldendoodle_03,2026-02-08 10:57:31,2026-02-08 10:57:35.906268,4.906267723048332
stable_high_baseline_goldendoodle_03,2026-02-08 17:19:14,2026-02-08 17:19:18.826525,4.8265248864370385
stable_high_baseline_goldendoodle_03,2026-02-09 07:20:13,2026-02-09 07:20:16.766489,3.7664886656269054
stable_high_baseline_goldendoodle_03,2026-02-09 00:34:26,2026-02-09 00:34:31.139634,5.139633867932352
stable_high_baseline_goldendoodle_03,2026-02-09 22:54:25,2026-02-09 22:54:29.710976,4.710975802294975
stable_high_baseline_goldendoodle_03,2026-02-09 01:14:02,2026-02-09 01:14:04.416087,2.4160871596483275
stable_high_baseline_goldendoodle_03,2026-02-09 20:37:49,2026-02-09 20:37:54.303458,5.303457521949849
stable_high_baseline_goldendoodle_03,2026-02-09 20:43:51,2026-02-09 20:43:56.936997,5.936997024125262
stable_high_baseline_goldendoodle_03,2026-02-09 14:42:20,2026-02-09 14:42:25.299804,5.299803778281075
stable_high_baseline_goldendoodle_03,2026-02-09 16:33:57,2026-02-09 16:34:01.679213,4.679213228832431
stable_high_baseline_goldendoodle_03,2026-02-09 19:28:04,2026-02-09 19:28:09.981554,5.981553504833866
stable_high_baseline_goldendoodle_03,2026-02-09 08:59:24,2026-02-09 08:59:28.850999,4.850999461030293
stable_high_baseline_goldendoodle_03,2026-02-09 12:15:13,2026-02-09 12:15:17.401559,4.4015593962037745
stable_high_baseline_goldendoodle_03,2026-02-09 15:50:04,2026-02-09 15:50:07.375092,3.3750922970081763
stable_high_baseline_goldendoodle_03,2026-02-09 01:37:44,2026-02-09 01:37:48.657787,4.6577866809279165
stable_high_baseline_goldendoodle_03,2026-02-09 12:02:38,2026-02-09 12:02:42.898484,4.898483659959556
stable_high_baseline_goldendoodle_03,2026-02-09 19:33:23,2026-02-09 19:33:25.122912,2.1229117769401222
stable_high_baseline_goldendoodle_03,2026-02-09 10:14:06,2026-02-09 10:14:09.686055,3.6860548909602597
stable_high_baseline_goldendoodle_03,2026-02-09 23:20:55,2026-02-09 23:20:59.923474,4.923474467768699
stable_high_baseline_goldendoodle_03,2026-02-09 23:27:48,2026-02-09 23:27:51.210208,3.2102084566344504
stable_high_baseline_goldendoodle_03,2026-02-09 19:59:15,2026-02-09 19:59:18.952563,3.952563073312618
stable_high_baseline_goldendoodle_03,2026-02-09 16:22:15,2026-02-09 16:22:20.643262,5.643261528813216
stable_high_baseline_goldendoodle_03,2026-02-09 17:49:29,2026-02-09 17:49:34.645984,5.645983959686894
stable_high_baseline_goldendoodle_03,2026-02-09 07:02:39,2026-02-09 07:02:44.318493,5.318492654818697
stable_high_baseline_goldendoodle_03,2026-02-09 13:38:24,2026-02-09 13:38:28.984224,4.984223505673201
stable_high_baseline_goldendoodle_03,2026-02-09 12:12:47,2026-02-09 12:12:49.252070,2.2520696083189904
stable_high_baseline_goldendoodle_03,2026-02-09 17:33:48,2026-02-09 17:33:53.353837,5.353837362740669
stable_high_baseline_goldendoodle_03,2026-02-09 20:12:54,2026-02-09 20:12:56.989647,2.989646541455197
stable_high_baseline_goldendoodle_03,2026-02-09 03:52:50,2026-02-09 03:52:55.235121,5.2351214471911165
stable_high_baseline_goldendoodle_03,2026-02-09 20:49:08,2026-02-09 20:49:11.802415,3.802415339663302
stable_high_baseline_goldendoodle_03,2026-02-09 05:12:25,2026-02-09 05:12:27.668757,2.668756934810534
stable_high_baseline_goldendoodle_03,2026-02-09 23:07:04,2026-02-09 23:07:07.415943,3.4159434154235244
stable_high_baseline_goldendoodle_03,2026-02-09 01:49:54,2026-02-09 01:49:57.216558,3.2165575701816507
stable_high_baseline_goldendoodle_03,2026-02-09 20:41:15,2026-02-09 20:41:17.844469,2.844469016129724
stable_high_baseline_goldendoodle_03,2026-02-09 14:01:26,2026-02-09 14:01:29.152459,3.1524591314775248
stable_high_baseline_goldendoodle_03,2026-02-09 01:50:41,2026-02-09 01:50:45.103421,4.1034214485498826
stable_high_baseline_goldendoodle_03,2026-02-09 02:05:24,2026-02-09 02:05:28.819962,4.819961620274159
stable_high_baseline_goldendoodle_03,2026-02-09 07:19:44,2026-02-09 07:19:47.096049,3.0960492939571598
stable_high_baseline_goldendoodle_03,2026-02-09 19:54:11,2026-02-09 19:54:13.426195,2.4261948455629363
stable_high_baseline_goldendoodle_03,2026-02-09 22:47:52,2026-02-09 22:47:54.440040,2.440040139695652
stable_high_baseline_goldendoodle_03,2026-02-09 15:33:28,2026-02-09 15:33:32.000228,4.000228322756271
stable_high_baseline_goldendoodle_03,2026-02-09 13:26:47,2026-02-09 13:26:51.964208,4.96420757915239
stable_high_baseline_goldendoodle_03,2026-02-09 13:00:00,2026-02-09 13:00:04.028901,4.02890088924979
stable_high_baseline_goldendoodle_03,2026-02-09 08:06:21,2026-02-09 08:06:26.320426,5.320425507763201
stable_high_baseline_goldendoodle_03,2026-02-09 14:06:34,2026-02-09 14:06:39.379288,5.37928800908336
stable_high_baseline_goldendoodle_03,2026-02-09 15:23:35,2026-02-09 15:23:39.198326,4.19832592301477
stable_high_baseline_goldendoodle_03,2026-02-09 12:42:20,2026-02-09 12:42:23.017287,3.01728712631772
stable_high_baseline_goldendoodle_03,2026-02-09 15:50:50,2026-02-09 15:50:55.189732,5.189732234864847
stable_high_baseline_goldendoodle_03,2026-02-09 10:41:24,2026-02-09 10:41:29.990361,5.990361234283767
stable_high_baseline_goldendoodle_03,2026-02-09 17:57:37,2026-02-09 17:57:39.744170,2.7441702465134155
stable_high_baseline_goldendoodle_03,2026-02-09 18:20:48,2026-02-09 18:20:50.641405,2.641405438050602
stable_high_baseline_goldendoodle_03,2026-02-09 01:51:54,2026-02-09 01:51:57.428373,3.428373119048768
stable_high_baseline_goldendoodle_03,2026-02-09 15:29:01,2026-02-09 15:29:06.766095,5.766094920417588
stable_high_baseline_goldendoodle_03,2026-02-09 07:50:05,2026-02-09 07:50:10.266999,5.266999342487803
stable_high_baseline_goldendoodle_03,2026-02-09 16:53:53,2026-02-09 16:53:55.289908,2.289908150790726
stable_high_baseline_goldendoodle_03,2026-02-09 21:36:49,2026-02-09 21:36:52.239137,3.2391371042262045
stable_high_baseline_goldendoodle_03,2026-02-09 19:11:35,2026-02-09 19:11:40.451893,5.451892740511017
stable_high_baseline_goldendoodle_03,2026-02-09 16:33:24,2026-02-09 16:33:29.982058,5.982057758592029
stable_high_baseline_goldendoodle_03,2026-02-09 06:11:32,2026-02-09 06:11:37.542653,5.542652693213685
stable_high_baseline_goldendoodle_03,2026-02-09 23:34:33,2026-02-09 23:34:36.584025,3.5840252074575862
stable_high_baseline_goldendoodle_03,2026-02-09 09:12:23,2026-02-09 09:12:26.665158,3.665158426388606
stable_high_baseline_goldendoodle_03,2026-02-09 09:41:15,2026-02-09 09:41:19.734764,4.734764251411404
stable_high_baseline_goldendoodle_03,2026-02-09 07:53:09,2026-02-09 07:53:11.747639,2.7476387626609173
stable_high_baseline_goldendoodle_03,2026-02-09 14:09:41,2026-02-09 14:09:46.804717,5.804717372717291
stable_high_baseline_goldendoodle_03,2026-02-09 18:35:27,2026-02-09 18:35:31.001512,4.001512418874597
stable_high_baseline_goldendoodle_03,2026-02-09 14:13:57,2026-02-09 14:13:59.593435,2.593435199032099
stable_high_baseline_goldendoodle_03,2026-02-09 11:22:25,2026-02-09 11:22:27.320208,2.320207945614266
stable_high_baseline_goldendoodle_03,2026-02-09 19:20:15,2026-02-09 19:20:20.063283,5.063283175893687
stable_high_baseline_goldendoodle_03,2026-02-09 19:32:13,2026-02-09 19:32:16.499568,3.4995680983789175
stable_high_baseline_goldendoodle_03,2026-02-09 08:58:58,2026-02-09 08:59:03.220490,5.220490361119781
stable_high_baseline_goldendoodle_03,2026-02-09 23:40:01,2026-02-09 23:40:04.973825,3.973825407159332
stable_high_baseline_goldendoodle_03,2026-02-09 21:53:15,2026-02-09 21:53:20.820580,5.8205802659633505
stable_high_baseline_goldendoodle_03,2026-02-09 19:00:06,2026-02-09 19:00:08.426610,2.426610449337603
stable_high_baseline_goldendoodle_03,2026-02-09 09:15:41,2026-02-09 09:15:43.336143,2.33614300475839
stable_high_baseline_goldendoodle_03,2026-02-09 12:42:21,2026-02-09 12:42:25.973732,4.9737318685081116
stable_high_baseline_goldendoodle_03,2026-02-09 06:39:28,2026-02-09 06:39:30.908618,2.908618395290193
