pet_id,start,end,duration_sec
step_onset_severe_high_baseline_goldendoodle_05,2026-01-01 14:16:20,2026-01-01 14:16:25.140163,5.1401632828784525
step_onset_severe_high_baseline_goldendoodle_05,2026-01-01 07:43:00,2026-01-01 07:43:06.432150,6.43215042635645
step_onset_severe_high_baseline_goldendoodle_05,2026-01-01 13:34:03,2026-01-01 13:34:09.990894,6.99089432836279
step_onset_severe_high_baseline_goldendoodle_05,2026-01-01 11:57:47,2026-01-01 11:57:53.571108,6.571108084524045
step_onset_severe_high_baseline_goldendoodle_05,2026-01-01 01:50:40,2026-01-01 01:50:43.711569,3.711568790322454
step_onset_severe_high_baseline_goldendoodle_05,2026-01-01 18:10:35,2026-01-01 18:10:38.894735,3.8947350251775754
step_onset_severe_high_baseline_goldendoodle_05,2026-01-01 04:32:33,2026-01-01 04:32:39.413419,6.4134185418582295
step_onset_severe_high_baseline_goldendoodle_05,2026-01-01 18:26:36,2026-01-01 18:26:41.021328,5.021327525504028
step_onset_severe_high_baseline_goldendoodle_05,2026-01-01 12:46:49,2026-01-01 12:46:55.172475,6.172475233187162
step_onset_severe_high_baseline_goldendoodle_05,2026-01-01 04:38:09,2026-01-01 04:38:15.001955,6.001955454392185
step_onset_severe_high_baseline_goldendoodle_05,2026-01-01 12:45:17,2026-01-01 12:45:21.772241,4.77224093163684
step_onset_severe_high_baseline_goldendoodle_05,2026-01-01 07:34:16,2026-01-01 07:34:21.667087,5.667087037860025
step_onset_severe_high_baseline_goldendoodle_05,2026-01-01 07:33:29,2026-01-01 07:33:35.300484,6.300484034491384
step_onset_severe_high_baseline_goldendoodle_05,2026-01-01 10:30:33,2026-01-01 10:30:39.030254,6.0302544980920985
step_onset_severe_high_baseline_goldendoodle_05,2026-01-01 07:00:46,2026-01-01 07:00:49.375515,3.375515184307519
step_onset_severe_high_baseline_goldendoodle_05,2026-01-01 15:06:09,2026-01-01 15:06:13.044936,4.044935752143385
step_onset_severe_high_baseline_goldendoodle_05,2026-01-01 06:12:28,2026-01-01 06:12:34.358795,6.358794998798871
step_onset_severe_high_baseline_goldendoodle_05,2026-01-01 10:53:41,2026-01-01 10:53:44.288725,3.2887253939709633
step_onset_severe_high_baseline_goldendoodle_05,2026-01-01 08:40:36,2026-01-01 08:40:41.982399,5.982399173839555
step_onset_severe_high_baseline_goldendoodle_05,2026-01-01 13:36:46,2026-01-01 13:36:51.763527,5.763527012009731
step_onset_severe_high_baseline_goldendoodle_05,2026-01-01 09:29:20,2026-01-01 09:29:23.305195,3.30519504687
step_onset_severe_high_baseline_goldendoodle_05,2026-01-01 02:12:34,2026-01-01 02:12:39.637757,5.637757091463776
step_onset_severe_high_baseline_goldendoodle_05,2026-01-01 19:37:10,2026-01-01 19:37:13.298722,3.2987215404806842
step_onset_severe_high_baseline_goldendoodle_05,2026-01-02 11:38:47,2026-01-02 11:38:50.452426,3.452425676687665
step_onset_severe_high_baseline_goldendoodle_05,2026-01-02 08:46:57,2026-01-02 08:47:02.002499,5.002498770941881
step_onset_severe_high_baseline_goldendoodle_05,2026-01-02 06:34:46,2026-01-02 06:34:52.916752,6.916752290259972
step_onset_severe_high_baseline_goldendoodle_05,2026-01-02 06:06:30,2026-01-02 06:06:34.275099,4.275099149531021
step_onset_severe_high_baseline_goldendoodle_05,2026-01-02 08:55:47,2026-01-02 08:55:52.288983,5.288982759114775
step_onset_severe_high_baseline_goldendoodle_05,2026-01-02 15:20:20,2026-01-02 15:20:25.906215,5.906215279082113
step_onset_severe_high_baseline_goldendoodle_05,2026-01-02 15:12:47,2026-01-02 15:12:53.715705,6.7157053914621905
step_onset_severe_high_baseline_goldendoodle_05,2026-01-02 13:05:44,2026-01-02 13:05:50.336759,6.336759149576995
step_onset_severe_high_baseline_goldendoodle_05,2026-01-02 17:03:53,2026-01-02 17:03:58.267788,5.267788000426226
step_onset_severe_high_baseline_goldendoodle_05,2026-01-02 12:45:23,2026-01-02 12:45:27.626541,4.6265412073504315
step_onset_severe_high_baseline_goldendoodle_05,2026-01-02 07:05:27,2026-01-02 07:05:32.604508,5.604508437597922
step_onset_severe_high_baseline_goldendoodle_05,2026-01-02 17:36:29,2026-01-02 17:36:33.274356,4.274356225553993
step_onset_severe_high_baseline_goldendoodle_05,2026-01-02 21:26:21,2026-01-02 21:26:24.518119,3.5181192458593453
step_onset_severe_high_baseline_goldendoodle_05,2026-01-02 13:58:05,2026-01-02 13:58:08.703717,3.703716785035708
step_onset_severe_high_baseline_goldendoodle_05,2026-01-02 09:46:19,2026-01-02 09:46:22.218729,3.2187288791238116
step_onset_severe_high_baseline_goldendoodle_05,2026-01-02 21:44:19,2026-01-02 21:44:22.810932,3.8109324376272213
step_onset_severe_high_baseline_goldendoodle_05,2026-01-02 23:27:39,2026-01-02 23:27:42.244070,3.2440701101504597
step_onset_severe_high_baseline_goldendoodle_05,2026-01-02 19:28:46,2026-01-02 19:28:50.590138,4.590138341609974
step_onset_severe_high_baseline_goldendoodle_05,2026-01-02 01:14:32,2026-01-02 01:14:35.042420,3.042419935309391
step_onset_severe_high_baseline_goldendoodle_05,2026-01-02 09:11:19,2026-01-02 09:11:24.397251,5.397251055082258
step_onset_severe_high_baseline_goldendoodle_05,2026-01-02 08:21:49,2026-01-02 08:21:52.053322,3.0533218960463717
step_onset_severe_high_baseline_goldendoodle_05,2026-01-02 09:38:52,2026-01-02 09:38:56.365407,4.365406549913612
step_onset_severe_high_baseline_goldendoodle_05,2026-01-02 19:25:12,2026-01-02 19:25:17.329673,5.3296726840254065
step_onset_severe_high_baseline_goldendoodle_05,2026-01-02 04:58:10,2026-01-02 04:58:15.299357,5.2993568773914
step_onset_severe_high_baseline_goldendoodle_05,2026-01-02 10:02:31,2026-01-02 10:02:37.447926,6.447926311707661
step_onset_severe_high_baseline_goldendoodle_05,2026-01-02 14:50:52,2026-01-02 14:50:56.480874,4.4808739019318296
step_onset_severe_high_baseline_goldendoodle_05,2026-01-02 19:35:19,2026-01-02 19:35:23.124286,4.124286046210845
step_onset_severe_high_baseline_goldendoodle_05,2026-01-02 15:15:38,2026-01-02 15:15:43.083672,5.083671727553828
step_onset_severe_high_baseline_goldendoodle_05,2026-01-02 15:03:51,2026-01-02 15:03:56.874284,5.8742842163148286
step_onset_severe_high_baseline_goldendoodle_05,2026-01-02 09:35:57,2026-01-02 09:36:02.885043,5.885042922828249
step_onset_severe_high_baseline_goldendoodle_05,2026-01-02 11:06:42,2026-01-02 11:06:46.543979,4.543979121595948
step_onset_severe_high_baseline_goldendoodle_05,2026-01-02 14:21:50,2026-01-02 14:21:55.794764,5.794763847747874
step_onset_severe_high_baseline_goldendoodle_05,2026-01-02 08:15:17,2026-01-02 08:15:22.822836,5.822836092805648
step_onset_severe_high_baseline_goldendoodle_05,2026-01-02 04:54:55,2026-01-02 04:54:59.400959,4.40095863105258
step_onset_severe_high_baseline_goldendoodle_05,2026-01-02 19:24:01,2026-01-02 19:24:05.898567,4.8985672080749065
step_onset_severe_high_baseline_goldendoodle_05,2026-01-02 13:09:08,2026-01-02 13:09:14.756000,6.755999852219354
step_onset_severe_high_baseline_goldendoodle_05,2026-01-02 10:12:36,2026-01-02 10:12:42.884371,6.884371242266095
step_onset_severe_high_baseline_goldendoodle_05,2026-01-02 09:29:47,2026-01-02 09:29:50.380086,3.3800864817247027
step_onset_severe_high_baseline_goldendoodle_05,2026-01-02 18:41:23,2026-01-02 18:41:28.183057,5.183057354794386
step_onset_severe_high_baseline_goldendoodle_05,2026-01-02 13:58:48,2026-01-02 13:58:51.588973,3.588973190219105
step_onset_severe_high_baseline_goldendoodle_05,2026-01-02 15:07:48,2026-01-02 15:07:53.779723,5.77972254679695
step_onset_severe_high_baseline_goldendoodle_05,2026-01-02 06:48:43,2026-01-02 06:48:49.151664,6.151663973450493
step_onset_severe_high_baseline_goldendoodle_05,2026-01-02 07:46:52,2026-01-02 07:46:57.120200,5.120199555723854
step_onset_severe_high_baseline_goldendoodle_05,2026-01-02 14:34:59,2026-01-02 14:35:04.266199,5.266198527841434
step_onset_severe_high_baseline_goldendoodle_05,2026-01-02 09:07:29,2026-01-02 09:07:34.207303,5.207302864381825
step_onset_severe_high_baseline_goldendoodle_05,2026-01-02 11:01:46,2026-01-02 11:01:52.409938,6.4099375013994315
step_onset_severe_high_baseline_goldendoodle_05,2026-01-02 11:22:09,2026-01-02 11:22:14.425883,5.425882507186602
step_onset_severe_high_baseline_goldendoodle_05,2026-01-02 23:41:31,2026-01-02 23:41:37.088814,6.088814335820136
step_onset_severe_high_baseline_goldendoodle_05,2026-01-02 12:49:21,2026-01-02 12:49:27.795725,6.795724513513356
step_onset_severe_high_baseline_goldendoodle_05,2026-01-02 05:04:05,2026-01-02 05:04:09.188080,4.188079591081145
step_onset_severe_high_baseline_goldendoodle_05,2026-01-03 15:50:17,2026-01-03 15:50:23.913675,6.9136749845663665
step_onset_severe_high_baseline_goldendoodle_05,2026-01-03 21:55:14,2026-01-03 21:55:17.910508,3.910507841464846
step_onset_severe_high_baseline_goldendoodle_05,2026-01-03 08:28:43,2026-01-03 08:28:46.938404,3.9384038864281687
step_onset_severe_high_baseline_goldendoodle_05,2026-01-03 18:47:27,2026-01-03 18:47:30.303569,3.3035687358885
step_onset_severe_high_baseline_goldendoodle_05,2026-01-03 06:07:23,2026-01-03 06:07:28.403574,5.403573942196746
step_onset_severe_high_baseline_goldendoodle_05,2026-01-03 19:57:14,2026-01-03 19:57:20.539693,6.539692887537662
step_onset_severe_high_baseline_goldendoodle_05,2026-01-03 20:50:07,2026-01-03 20:50:10.064312,3.064312294916846
step_onset_severe_high_baseline_goldendoodle_05,2026-01-03 01:56:39,2026-01-03 01:56:45.580502,6.580502020274254
step_onset_severe_high_baseline_goldendoodle_05,2026-01-03 22:07:49,2026-01-03 22:07:52.605996,3.605996188186846
step_onset_severe_high_baseline_goldendoodle_05,2026-01-03 20:47:11,2026-01-03 20:47:14.768403,3.768403006697494
step_onset_severe_high_baseline_goldendoodle_05,2026-01-03 21:53:24,2026-01-03 21:53:27.875433,3.8754328916510654
step_onset_severe_high_baseline_goldendoodle_05,2026-01-03 11:31:00,2026-01-03 11:31:05.550476,5.550475582492271
step_onset_severe_high_baseline_goldendoodle_05,2026-01-03 19:00:45,2026-01-03 19:00:49.975865,4.97586533880871
step_onset_severe_high_baseline_goldendoodle_05,2026-01-03 18:20:21,2026-01-03 18:20:25.830149,4.830149064040292
step_onset_severe_high_baseline_goldendoodle_05,2026-01-03 16:23:56,2026-01-03 16:24:01.416429,5.416429130676694
step_onset_severe_high_baseline_goldendoodle_05,2026-01-03 15:33:53,2026-01-03 15:33:56.255659,3.255658705526014
step_onset_severe_high_baseline_goldendoodle_05,2026-01-03 13:37:14,2026-01-03 13:37:19.850015,5.850015157969386
step_onset_severe_high_baseline_goldendoodle_05,2026-01-03 13:37:40,2026-01-03 13:37:45.086388,5.086387976942234
step_onset_severe_high_baseline_goldendoodle_05,2026-01-03 22:30:01,2026-01-03 22:30:06.544850,5.544850462568168
step_onset_severe_high_baseline_goldendoodle_05,2026-01-03 16:58:38,2026-01-03 16:58:41.495437,3.4954370715999983
step_onset_severe_high_baseline_goldendoodle_05,2026-01-03 12:44:11,2026-01-03 12:44:15.605339,4.605338816744778
step_onset_severe_high_baseline_goldendoodle_05,2026-01-04 16:11:37,2026-01-04 16:11:41.516259,4.516258712580653
step_onset_severe_high_baseline_goldendoodle_05,2026-01-04 14:26:57,2026-01-04 14:27:00.811431,3.811430885815248
step_onset_severe_high_baseline_goldendoodle_05,2026-01-04 17:35:52,2026-01-04 17:35:55.382451,3.382451324698991
step_onset_severe_high_baseline_goldendoodle_05,2026-01-04 12:57:34,2026-01-04 12:57:38.676612,4.6766120475669855
step_onset_severe_high_baseline_goldendoodle_05,2026-01-04 10:18:42,2026-01-04 10:18:45.353839,3.353839428550015
step_onset_severe_high_baseline_goldendoodle_05,2026-01-04 11:41:24,2026-01-04 11:41:29.543112,5.543111955783978
step_onset_severe_high_baseline_goldendoodle_05,2026-01-04 11:05:38,2026-01-04 11:05:41.482568,3.4825680555556784
step_onset_severe_high_baseline_goldendoodle_05,2026-01-04 18:42:18,2026-01-04 18:42:24.670942,6.670941606676754
step_onset_severe_high_baseline_goldendoodle_05,2026-01-04 13:30:55,2026-01-04 13:30:59.568845,4.568844533899609
step_onset_severe_high_baseline_goldendoodle_05,2026-01-04 20:30:45,2026-01-04 20:30:51.319179,6.319179473619568
step_onset_severe_high_baseline_goldendoodle_05,2026-01-04 15:48:36,2026-01-04 15:48:42.254573,6.25457315944759
step_onset_severe_high_baseline_goldendoodle_05,2026-01-04 17:41:17,2026-01-04 17:41:22.885882,5.8858815039629615
step_onset_severe_high_baseline_goldendoodle_05,2026-01-04 10:03:32,2026-01-04 10:03:35.586686,3.5866855636326567
step_onset_severe_high_baseline_goldendoodle_05,2026-01-04 16:50:03,2026-01-04 16:50:08.853041,5.8530405997268495
step_onset_severe_high_baseline_goldendoodle_05,2026-01-04 11:58:35,2026-01-04 11:58:40.854528,5.854527872241372
step_onset_severe_high_baseline_goldendoodle_05,2026-01-04 15:22:32,2026-01-04 15:22:35.724268,3.724268385414488
step_onset_severe_high_baseline_goldendoodle_05,2026-01-04 20:39:23,2026-01-04 20:39:29.110750,6.1107496758072575
step_onset_severe_high_baseline_goldendoodle_05,2026-01-04 07:13:43,2026-01-04 07:13:49.931903,6.93190342459772
step_onset_severe_high_baseline_goldendoodle_05,2026-01-04 21:00:34,2026-01-04 21:00:40.733411,6.7334107826366445
step_onset_severe_high_baseline_goldendoodle_05,2026-01-04 14:53:44,2026-01-04 14:53:47.146744,3.146744288601453
step_onset_severe_high_baseline_goldendoodle_05,2026-01-04 09:18:23,2026-01-04 09:18:27.086904,4.086903939121421
step_onset_severe_high_baseline_goldendoodle_05,2026-01-04 13:14:31,2026-01-04 13:14:37.290227,6.290226769716548
step_onset_severe_high_baseline_goldendoodle_05,2026-01-04 16:06:11,2026-01-04 16:06:17.294567,6.294567017650095
step_onset_severe_high_baseline_goldendoodle_05,2026-01-04 21:39:46,2026-01-04 21:39:49.647591,3.6475906135916567
step_onset_severe_high_baseline_goldendoodle_05,2026-01-04 00:10:56,2026-01-04 00:10:59.832393,3.8323932913087
step_onset_severe_high_baseline_goldendoodle_05,2026-01-05 19:40:43,2026-01-05 19:40:46.403981,3.4039814378739592
step_onset_severe_high_baseline_goldendoodle_05,2026-01-05 09:02:31,2026-01-05 09:02:37.703258,6.703258170452328
step_onset_severe_high_baseline_goldendoodle_05,2026-01-05 15:30:22,2026-01-05 15:30:25.098531,3.0985305827765828
step_onset_severe_high_baseline_goldendoodle_05,2026-01-05 22:05:19,2026-01-05 22:05:25.095692,6.095691588203238
step_onset_severe_high_baseline_goldendoodle_05,2026-01-06 21:20:22,2026-01-06 21:20:28.385898,6.38589754895313
step_onset_severe_high_baseline_goldendoodle_05,2026-01-06 08:39:42,2026-01-06 08:39:46.940944,4.9409441463010015
step_onset_severe_high_baseline_goldendoodle_05,2026-01-06 06:50:00,2026-01-06 06:50:04.099161,4.0991609185175
step_onset_severe_high_baseline_goldendoodle_05,2026-01-06 01:08:18,2026-01-06 01:08:24.582437,6.582437376649464
step_onset_severe_high_baseline_goldendoodle_05,2026-01-06 00:13:47,2026-01-06 00:13:53.918295,6.91829529000855
step_onset_severe_high_baseline_goldendoodle_05,2026-01-06 13:05:23,2026-01-06 13:05:27.991456,4.991455612490496
step_onset_severe_high_baseline_goldendoodle_05,2026-01-06 17:42:13,2026-01-06 17:42:17.993687,4.993686932694003
step_onset_severe_high_baseline_goldendoodle_05,2026-01-06 06:15:23,2026-01-06 06:15:27.155739,4.1557391262297925
step_onset_severe_high_baseline_goldendoodle_05,2026-01-06 19:13:59,2026-01-06 19:14:04.720547,5.720547153558529
step_onset_severe_high_baseline_goldendoodle_05,2026-01-06 18:44:47,2026-01-06 18:44:52.313538,5.313538265422356
step_onset_severe_high_baseline_goldendoodle_05,2026-01-06 18:37:45,2026-01-06 18:37:48.926071,3.926071036211144
step_onset_severe_high_baseline_goldendoodle_05,2026-01-06 04:15:40,2026-01-06 04:15:45.394424,5.3944238481324795
step_onset_severe_high_baseline_goldendoodle_05,2026-01-06 07:13:58,2026-01-06 07:14:03.216627,5.216627384882783
step_onset_severe_high_baseline_goldendoodle_05,2026-01-06 08:01:26,2026-01-06 08:01:31.471264,5.47126396280275
step_onset_severe_high_baseline_goldendoodle_05,2026-01-06 19:36:31,2026-01-06 19:36:36.371494,5.371494138245323
step_onset_severe_high_baseline_goldendoodle_05,2026-01-06 00:01:00,2026-01-06 00:01:03.168503,3.168502602189012
step_onset_severe_high_baseline_goldendoodle_05,2026-01-06 17:13:33,2026-01-06 17:13:37.471255,4.471254521397004
step_onset_severe_high_baseline_goldendoodle_05,2026-01-06 12:33:13,2026-01-06 12:33:16.822578,3.822578298948916
step_onset_severe_high_baseline_goldendoodle_05,2026-01-06 16:57:46,2026-01-06 16:57:52.303524,6.303524291133856
step_onset_severe_high_baseline_goldendoodle_05,2026-01-06 23:00:37,2026-01-06 23:00:42.856853,5.856852801569696
step_onset_severe_high_baseline_goldendoodle_05,2026-01-06 23:31:20,2026-01-06 23:31:23.184794,3.1847937075332626
step_onset_severe_high_baseline_goldendoodle_05,2026-01-06 06:40:23,2026-01-06 06:40:27.899918,4.899917511170985
step_onset_severe_high_baseline_goldendoodle_05,2026-01-06 06:14:25,2026-01-06 06:14:31.692067,6.692067387617341
step_onset_severe_high_baseline_goldendoodle_05,2026-01-06 08:01:28,2026-01-06 08:01:34.849992,6.849991739205732
step_onset_severe_high_baseline_goldendoodle_05,2026-01-06 18:24:46,2026-01-06 18:24:51.377084,5.377083769119423
step_onset_severe_high_baseline_goldendoodle_05,2026-01-06 21:06:44,2026-01-06 21:06:49.538578,5.538578405853629
step_onset_severe_high_baseline_goldendoodle_05,2026-01-06 03:04:42,2026-01-06 03:04:45.260579,3.2605789121071664
step_onset_severe_high_baseline_goldendoodle_05,2026-01-06 19:47:23,2026-01-06 19:47:26.760553,3.7605534428906924
step_onset_severe_high_baseline_goldendoodle_05,2026-01-06 12:26:05,2026-01-06 12:26:11.748327,6.748327411096566
step_onset_severe_high_baseline_goldendoodle_05,2026-01-06 18:43:47,2026-01-06 18:43:50.765578,3.765577880243106
step_onset_severe_high_baseline_goldendoodle_05,2026-01-06 20:23:22,2026-01-06 20:23:27.766551,5.766550883181105
step_onset_severe_high_baseline_goldendoodle_05,2026-01-06 00:05:54,2026-01-06 00:05:58.935752,4.935751691297542
step_onset_severe_high_baseline_goldendoodle_05,2026-01-06 15:50:25,2026-01-06 15:50:31.358202,6.358201534186037
step_onset_severe_high_baseline_goldendoodle_05,2026-01-07 20:46:04,2026-01-07 20:46:10.495911,6.4959111164274095
step_onset_severe_high_baseline_goldendoodle_05,2026-01-07 06:27:13,2026-01-07 06:27:18.994119,5.994118645069722
step_onset_severe_high_baseline_goldendoodle_05,2026-01-07 12:38:12,2026-01-07 12:38:17.063510,5.063509746130272
step_onset_severe_high_baseline_goldendoodle_05,2026-01-07 09:53:13,2026-01-07 09:53:17.435140,4.435140104756322
step_onset_severe_high_baseline_goldendoodle_05,2026-01-07 15:22:14,2026-01-07 15:22:17.614767,3.6147671989351635
step_onset_severe_high_baseline_goldendoodle_05,2026-01-07 20:53:21,2026-01-07 20:53:25.855396,4.855396463996756
step_onset_severe_high_baseline_goldendoodle_05,2026-01-07 06:08:39,2026-01-07 06:08:42.143412,3.1434115226213475
step_onset_severe_high_baseline_goldendoodle_05,2026-01-07 13:35:18,2026-01-07 13:35:21.838241,3.838240758605093
step_onset_severe_high_baseline_goldendoodle_05,2026-01-07 21:34:20,2026-01-07 21:34:26.636717,6.636717095954348
step_onset_severe_high_baseline_goldendoodle_05,2026-01-07 23:56:40,2026-01-07 23:56:45.293040,5.293039630668123
step_onset_severe_high_baseline_goldendoodle_05,2026-01-07 09:23:25,2026-01-07 09:23:30.755813,5.755812876914945
step_onset_severe_high_baseline_goldendoodle_05,2026-01-07 16:56:46,2026-01-07 16:56:49.675854,3.6758543459976583
step_onset_severe_high_baseline_goldendoodle_05,2026-01-07 05:39:54,2026-01-07 05:40:00.215453,6.215452675833262
step_onset_severe_high_baseline_goldendoodle_05,2026-01-07 16:21:01,2026-01-07 16:21:06.660842,5.660841835707188
step_onset_severe_high_baseline_goldendoodle_05,2026-01-07 21:54:48,2026-01-07 21:54:53.732125,5.732125482750296
step_onset_severe_high_baseline_goldendoodle_05,2026-01-07 13:30:41,2026-01-07 13:30:45.134925,4.134925157440419
step_onset_severe_high_baseline_goldendoodle_05,2026-01-07 09:54:30,2026-01-07 09:54:36.075175,6.075174999835562
step_onset_severe_high_baseline_goldendoodle_05,2026-01-07 14:05:17,2026-01-07 14:05:20.176500,3.176500327185281
step_onset_severe_high_baseline_goldendoodle_05,2026-01-07 04:58:37,2026-01-07 04:58:42.251572,5.251572117844875
step_onset_severe_high_baseline_goldendoodle_05,2026-01-08 13:26:09,2026-01-08 13:26:12.605092,3.605092179306148
step_onset_severe_high_baseline_goldendoodle_05,2026-01-08 09:08:11,2026-01-08 09:08:17.378100,6.378099662779404
step_onset_severe_high_baseline_goldendoodle_05,2026-01-08 09:44:37,2026-01-08 09:44:43.065591,6.0655909512094
step_onset_severe_high_baseline_goldendoodle_05,2026-01-08 16:25:01,2026-01-08 16:25:06.640529,5.6405290167600075
step_onset_severe_high_baseline_goldendoodle_05,2026-01-08 13:00:47,2026-01-08 13:00:51.572702,4.572702016972345
step_onset_severe_high_baseline_goldendoodle_05,2026-01-08 01:48:30,2026-01-08 01:48:36.449460,6.449460187193168
step_onset_severe_high_baseline_goldendoodle_05,2026-01-08 01:15:33,2026-01-08 01:15:39.462054,6.462053810953868
step_onset_severe_high_baseline_goldendoodle_05,2026-01-08 12:00:29,2026-01-08 12:00:32.755107,3.755106996706278
step_onset_severe_high_baseline_goldendoodle_05,2026-01-08 01:17:12,2026-01-08 01:17:18.278199,6.27819916989819
step_onset_severe_high_baseline_goldendoodle_05,2026-01-08 06:34:49,2026-01-08 06:34:55.923980,6.923979797577358
step_onset_severe_high_baseline_goldendoodle_05,2026-01-08 06:26:10,2026-01-08 06:26:16.888312,6.88831194639995
step_onset_severe_high_baseline_goldendoodle_05,2026-01-08 10:38:19,2026-01-08 10:38:24.246249,5.246249062314595
step_onset_severe_high_baseline_goldendoodle_05,2026-01-08 00:14:55,2026-01-08 00:15:01.015288,6.015287792762878
step_onset_severe_high_baseline_goldendoodle_05,2026-01-08 17:06:19,2026-01-08 17:06:23.376874,4.376874049457891
step_onset_severe_high_baseline_goldendoodle_05,2026-01-08 11:28:05,2026-01-08 11:28:11.089399,6.0893985538524955
step_onset_severe_high_baseline_goldendoodle_05,2026-01-08 18:11:37,2026-01-08 18:11:43.334457,6.33445724752775
step_onset_severe_high_baseline_goldendoodle_05,2026-01-08 14:54:20,2026-01-08 14:54:23.012618,3.0126175244048907
step_onset_severe_high_baseline_goldendoodle_05,2026-01-08 14:05:01,2026-01-08 14:05:07.692320,6.692319823862217
step_onset_severe_high_baseline_goldendoodle_05,2026-01-09 21:01:25,2026-01-09 21:01:28.139213,3.139213364694756
step_onset_severe_high_baseline_goldendoodle_05,2026-01-09 05:17:49,2026-01-09 05:17:53.194049,4.194048883348716
step_onset_severe_high_baseline_goldendoodle_05,2026-01-09 20:28:34,2026-01-09 20:28:40.172413,6.172412703350803
step_onset_severe_high_baseline_goldendoodle_05,2026-01-09 14:36:55,2026-01-09 14:37:00.896317,5.89631697775238
step_onset_severe_high_baseline_goldendoodle_05,2026-01-09 17:02:53,2026-01-09 17:02:56.491516,3.4915164170153132
step_onset_severe_high_baseline_goldendoodle_05,2026-01-09 16:16:12,2026-01-09 16:16:15.740536,3.7405363445332855
step_onset_severe_high_baseline_goldendoodle_05,2026-01-09 21:17:47,2026-01-09 21:17:51.771922,4.771922069843981
step_onset_severe_high_baseline_goldendoodle_05,2026-01-09 11:14:20,2026-01-09 11:14:26.422483,6.422483091447766
step_onset_severe_high_baseline_goldendoodle_05,2026-01-09 20:22:12,2026-01-09 20:22:17.187127,5.187126999193823
step_onset_severe_high_baseline_goldendoodle_05,2026-01-09 06:30:25,2026-01-09 06:30:30.371448,5.371448116695794
step_onset_severe_high_baseline_goldendoodle_05,2026-01-09 01:55:34,2026-01-09 01:55:40.535274,6.535273812526194
step_onset_severe_high_baseline_goldendoodle_05,2026-01-09 10:39:59,2026-01-09 10:40:03.473561,4.473561436841932
step_onset_severe_high_baseline_goldendoodle_05,2026-01-09 09:57:53,2026-01-09 09:57:57.427835,4.42783463163901
step_onset_severe_high_baseline_goldendoodle_05,2026-01-09 09:53:24,2026-01-09 09:53:29.303366,5.303365899078068
step_onset_severe_high_baseline_goldendoodle_05,2026-01-09 20:25:47,2026-01-09 20:25:52.025156,5.025156432510226
step_onset_severe_high_baseline_goldendoodle_05,2026-01-09 15:32:23,2026-01-09 15:32:26.405521,3.405521278866647
step_onset_severe_high_baseline_goldendoodle_05,2026-01-09 07:21:08,2026-01-09 07:21:12.963002,4.963002420136187
step_onset_severe_high_baseline_goldendoodle_05,2026-01-09 21:25:11,2026-01-09 21:25:16.880266,5.880266490114048
step_onset_severe_high_baseline_goldendoodle_05,2026-01-09 08:51:20,2026-01-09 08:51:24.583447,4.583447021682436
step_onset_severe_high_baseline_goldendoodle_05,2026-01-09 06:52:10,2026-01-09 06:52:15.018353,5.018353256734322
step_onset_severe_high_baseline_goldendoodle_05,2026-01-09 14:13:53,2026-01-09 14:13:56.542327,3.542326686566102
step_onset_severe_high_baseline_goldendoodle_05,2026-01-09 17:31:12,2026-01-09 17:31:16.147570,4.147570063451116
step_onset_severe_high_baseline_goldendoodle_05,2026-01-09 00:52:29,2026-01-09 00:52:35.427230,6.427229650883784
step_onset_severe_high_baseline_goldendoodle_05,2026-01-09 09:17:12,2026-01-09 09:17:16.059104,4.059104323332005
step_onset_severe_high_baseline_goldendoodle_05,2026-01-09 16:03:20,2026-01-09 16:03:26.686237,6.686237236775602
step_onset_severe_high_baseline_goldendoodle_05,2026-01-10 14:50:36,2026-01-10 14:50:40.006473,4.006472833828958
step_onset_severe_high_baseline_goldendoodle_05,2026-01-10 17:06:41,2026-01-10 17:06:45.958032,4.958031842173336
step_onset_severe_high_baseline_goldendoodle_05,2026-01-10 03:50:09,2026-01-10 03:50:14.330338,5.330337812055088
step_onset_severe_high_baseline_goldendoodle_05,2026-01-10 14:18:24,2026-01-10 14:18:30.101065,6.1010649280073865
step_onset_severe_high_baseline_goldendoodle_05,2026-01-10 06:40:41,2026-01-10 06:40:47.986462,6.986461907078975
step_onset_severe_high_baseline_goldendoodle_05,2026-01-10 08:57:49,2026-01-10 08:57:52.416478,3.4164779985762967
step_onset_severe_high_baseline_goldendoodle_05,2026-01-10 19:51:49,2026-01-10 19:51:54.252578,5.252578476357077
step_onset_severe_high_baseline_goldendoodle_05,2026-01-10 14:51:00,2026-01-10 14:51:05.708091,5.708091353130337
step_onset_severe_high_baseline_goldendoodle_05,2026-01-10 15:37:57,2026-01-10 15:38:01.391548,4.3915477198462
step_onset_severe_high_baseline_goldendoodle_05,2026-01-10 19:38:14,2026-01-10 19:38:18.369099,4.369099473858844
step_onset_severe_high_baseline_goldendoodle_05,2026-01-10 12:42:49,2026-01-10 12:42:52.983287,3.983287411925654
step_onset_severe_high_baseline_goldendoodle_05,2026-01-10 23:08:31,2026-01-10 23:08:34.117075,3.117075019988796
step_onset_severe_high_baseline_goldendoodle_05,2026-01-10 06:23:31,2026-01-10 06:23:34.815644,3.815643655555184
step_onset_severe_high_baseline_goldendoodle_05,2026-01-10 15:56:56,2026-01-10 15:57:01.704849,5.704849336070689
step_onset_severe_high_baseline_goldendoodle_05,2026-01-10 12:44:58,2026-01-10 12:45:02.115885,4.115885020483917
step_onset_severe_high_baseline_goldendoodle_05,2026-01-10 21:42:30,2026-01-10 21:42:33.865097,3.865097479839108
step_onset_severe_high_baseline_goldendoodle_05,2026-01-10 08:43:51,2026-01-10 08:43:55.295674,4.295674122145884
step_onset_severe_high_baseline_goldendoodle_05,2026-01-10 17:15:55,2026-01-10 17:15:59.599395,4.599395318563314
step_onset_severe_high_baseline_goldendoodle_05,2026-01-10 08:12:40,2026-01-10 08:12:46.753914,6.753914393053394
step_onset_severe_high_baseline_goldendoodle_05,2026-01-10 08:35:58,2026-01-10 08:36:03.169215,5.169215427734001
step_onset_severe_high_baseline_goldendoodle_05,2026-01-10 07:18:05,2026-01-10 07:18:10.533909,5.5339089963883605
step_onset_severe_high_baseline_goldendoodle_05,2026-01-10 07:16:36,2026-01-10 07:16:40.988905,4.988905192435464
step_onset_severe_high_baseline_goldendoodle_05,2026-01-11 07:07:57,2026-01-11 07:08:02.123604,5.123603930097371
step_onset_severe_high_baseline_goldendoodle_05,2026-01-11 17:37:09,2026-01-11 17:37:12.593536,3.593535526762965
step_onset_severe_high_baseline_goldendoodle_05,2026-01-11 21:09:12,2026-01-11 21:09:15.769234,3.7692341058429917
step_onset_severe_high_baseline_goldendoodle_05,2026-01-11 17:35:04,2026-01-11 17:35:08.849005,4.849004768929413
step_onset_severe_high_baseline_goldendoodle_05,2026-01-11 13:11:47,2026-01-11 13:11:53.687964,6.687963798869783
step_onset_severe_high_baseline_goldendoodle_05,2026-01-11 10:08:34,2026-01-11 10:08:40.678713,6.678713451315329
step_onset_severe_high_baseline_goldendoodle_05,2026-01-11 20:07:51,2026-01-11 20:07:54.577907,3.577906611825733
step_onset_severe_high_baseline_goldendoodle_05,2026-01-11 10:03:10,2026-01-11 10:03:15.337956,5.337956408786365
step_onset_severe_high_baseline_goldendoodle_05,2026-01-11 00:17:31,2026-01-11 00:17:37.147885,6.147885285642058
step_onset_severe_high_baseline_goldendoodle_05,2026-01-11 15:41:54,2026-01-11 15:41:57.157750,3.1577496137384164
step_onset_severe_high_baseline_goldendoodle_05,2026-01-11 11:23:39,2026-01-11 11:23:45.868882,6.868881967801263
step_onset_severe_high_baseline_goldendoodle_05,2026-01-11 19:25:37,2026-01-11 19:25:40.586663,3.5866633290386654
step_onset_severe_high_baseline_goldendoodle_05,2026-01-11 19:41:09,2026-01-11 19:41:15.016050,6.016049685875577
step_onset_severe_high_baseline_goldendoodle_05,2026-01-11 08:48:05,2026-01-11 08:48:11.360575,6.360575489282966
step_onset_severe_high_baseline_goldendoodle_05,2026-01-11 05:40:51,2026-01-11 05:40:57.998249,6.998249003990942
step_onset_severe_high_baseline_goldendoodle_05,2026-01-11 19:57:36,2026-01-11 19:57:42.202955,6.202955405283096
step_onset_severe_high_baseline_goldendoodle_05,2026-01-11 07:51:22,2026-01-11 07:51:25.373511,3.3735106541898303
step_onset_severe_high_baseline_goldendoodle_05,2026-01-11 09:18:45,2026-01-11 09:18:49.608434,4.608433636242354
step_onset_severe_high_baseline_goldendoodle_05,2026-01-11 13:19:09,2026-01-11 13:19:12.834271,3.8342707401279843
step_onset_severe_high_baseline_goldendoodle_05,2026-01-11 09:42:22,2026-01-11 09:42:26.051469,4.051468898358147
step_onset_severe_high_baseline_goldendoodle_05,2026-01-11 06:59:54,2026-01-11 06:59:59.689857,5.689857049966461
step_onset_severe_high_baseline_goldendoodle_05,2026-01-11 19:27:18,2026-01-11 19:27:24.336363,6.336363497294658
step_onset_severe_high_baseline_goldendoodle_05,2026-01-12 14:56:31,2026-01-12 14:56:37.922506,6.922505511059044
step_onset_severe_high_baseline_goldendoodle_05,2026-01-12 16:28:00,2026-01-12 16:28:03.025315,3.0253147773504026
step_onset_severe_high_baseline_goldendoodle_05,2026-01-12 09:28:04,2026-01-12 09:28:09.627567,5.62756659711842
step_onset_severe_high_baseline_goldendoodle_05,2026-01-12 16:32:12,2026-01-12 16:32:17.393664,5.393663889012506
step_onset_severe_high_baseline_goldendoodle_05,2026-01-12 04:39:21,2026-01-12 04:39:27.691040,6.691039745107861
step_onset_severe_high_baseline_goldendoodle_05,2026-01-12 06:45:24,2026-01-12 06:45:27.356213,3.356212937081306
step_onset_severe_high_baseline_goldendoodle_05,2026-01-12 01:34:50,2026-01-12 01:34:53.729203,3.729202686520137
step_onset_severe_high_baseline_goldendoodle_05,2026-01-12 18:49:06,2026-01-12 18:49:10.117015,4.117014780453429
step_onset_severe_high_baseline_goldendoodle_05,2026-01-12 08:37:28,2026-01-12 08:37:32.907818,4.90781784894275
step_onset_severe_high_baseline_goldendoodle_05,2026-01-12 13:19:15,2026-01-12 13:19:21.798055,6.7980554781968365
step_onset_severe_high_baseline_goldendoodle_05,2026-01-12 19:51:30,2026-01-12 19:51:33.122059,3.1220593531511813
step_onset_severe_high_baseline_goldendoodle_05,2026-01-12 22:26:12,2026-01-12 22:26:17.185083,5.185082882372511
step_onset_severe_high_baseline_goldendoodle_05,2026-01-12 10:10:46,2026-01-12 10:10:51.806630,5.806630137149554
step_onset_severe_high_baseline_goldendoodle_05,2026-01-12 13:15:47,2026-01-12 13:15:50.717019,3.717019059124685
step_onset_severe_high_baseline_goldendoodle_05,2026-01-12 12:29:48,2026-01-12 12:29:53.564065,5.564064531323917
step_onset_severe_high_baseline_goldendoodle_05,2026-01-12 05:24:56,2026-01-12 05:25:01.262352,5.262351741410631
step_onset_severe_high_baseline_goldendoodle_05,2026-01-12 20:48:15,2026-01-12 20:48:20.674395,5.674394587400057
step_onset_severe_high_baseline_goldendoodle_05,2026-01-12 17:07:56,2026-01-12 17:07:59.856830,3.8568299464603992
step_onset_severe_high_baseline_goldendoodle_05,2026-01-12 15:06:31,2026-01-12 15:06:34.153344,3.153344192972564
step_onset_severe_high_baseline_goldendoodle_05,2026-01-12 14:58:02,2026-01-12 14:58:05.767639,3.7676386002952373
step_onset_severe_high_baseline_goldendoodle_05,2026-01-12 10:56:11,2026-01-12 10:56:14.225589,3.2255893927418615
step_onset_severe_high_baseline_goldendoodle_05,2026-01-12 21:20:09,2026-01-12 21:20:14.574106,5.574105783362954
step_onset_severe_high_baseline_goldendoodle_05,2026-01-12 09:15:48,2026-01-12 09:15:54.253937,6.253937345446504
step_onset_severe_high_baseline_goldendoodle_05,2026-01-12 20:57:03,2026-01-12 20:57:07.188463,4.188462543576369
step_onset_severe_high_baseline_goldendoodle_05,2026-01-12 08:07:00,2026-01-12 08:07:05.803664,5.803663964452252
step_onset_severe_high_baseline_goldendoodle_05,2026-01-12 20:52:10,2026-01-12 20:52:15.368423,5.368422738270023
step_onset_severe_high_baseline_goldendoodle_05,2026-01-12 22:38:52,2026-01-12 22:38:56.792046,4.792046128467396
step_onset_severe_high_baseline_goldendoodle_05,2026-01-12 09:20:17,2026-01-12 09:20:21.936407,4.9364066341900585
step_onset_severe_high_baseline_goldendoodle_05,2026-01-12 10:27:30,2026-01-12 10:27:35.381926,5.381926460402941
step_onset_severe_high_baseline_goldendoodle_05,2026-01-12 09:57:12,2026-01-12 09:57:17.957341,5.957340529255271
step_onset_severe_high_baseline_goldendoodle_05,2026-01-12 07:40:13,2026-01-12 07:40:16.137228,3.137227925717041
step_onset_severe_high_baseline_goldendoodle_05,2026-01-12 17:12:00,2026-01-12 17:12:04.907036,4.907035750830459
step_onset_severe_high_baseline_goldendoodle_05,2026-01-12 02:20:42,2026-01-12 02:20:47.325106,5.325106210500378
step_onset_severe_high_baseline_goldendoodle_05,2026-01-12 21:37:37,2026-01-12 21:37:42.853782,5.853782099438529
step_onset_severe_high_baseline_goldendoodle_05,2026-01-13 21:00:29,2026-01-13 21:00:35.222434,6.222434152948573
step_onset_severe_high_baseline_goldendoodle_05,2026-01-13 19:55:28,2026-01-13 19:55:33.322517,5.322516931949179
step_onset_severe_high_baseline_goldendoodle_05,2026-01-13 14:10:51,2026-01-13 14:10:56.396391,5.396390950222769
step_onset_severe_high_baseline_goldendoodle_05,2026-01-13 19:37:11,2026-01-13 19:37:15.898101,4.898101486665426
step_onset_severe_high_baseline_goldendoodle_05,2026-01-13 20:28:37,2026-01-13 20:28:40.047250,3.047250291842329
step_onset_severe_high_baseline_goldendoodle_05,2026-01-13 16:44:33,2026-01-13 16:44:39.640543,6.640542702262932
step_onset_severe_high_baseline_goldendoodle_05,2026-01-13 05:33:30,2026-01-13 05:33:34.237060,4.23705963587876
step_onset_severe_high_baseline_goldendoodle_05,2026-01-13 09:27:47,2026-01-13 09:27:53.330402,6.330401572137658
step_onset_severe_high_baseline_goldendoodle_05,2026-01-13 07:30:53,2026-01-13 07:30:58.004570,5.004569502834866
step_onset_severe_high_baseline_goldendoodle_05,2026-01-13 15:22:26,2026-01-13 15:22:32.943992,6.943992453967654
step_onset_severe_high_baseline_goldendoodle_05,2026-01-14 06:03:02,2026-01-14 06:03:07.497824,5.497824189339724
step_onset_severe_high_baseline_goldendoodle_05,2026-01-14 10:48:48,2026-01-14 10:48:53.491577,5.49157650108221
step_onset_severe_high_baseline_goldendoodle_05,2026-01-14 10:51:11,2026-01-14 10:51:16.021884,5.021883521648682
step_onset_severe_high_baseline_goldendoodle_05,2026-01-14 20:05:05,2026-01-14 20:05:08.078059,3.078059492563033
step_onset_severe_high_baseline_goldendoodle_05,2026-01-14 05:11:46,2026-01-14 05:11:52.930054,6.930054251098571
step_onset_severe_high_baseline_goldendoodle_05,2026-01-14 09:46:29,2026-01-14 09:46:33.203719,4.203718831169322
step_onset_severe_high_baseline_goldendoodle_05,2026-01-14 15:39:24,2026-01-14 15:39:27.524247,3.524246615191819
step_onset_severe_high_baseline_goldendoodle_05,2026-01-14 15:47:34,2026-01-14 15:47:39.897263,5.8972627188732565
step_onset_severe_high_baseline_goldendoodle_05,2026-01-14 17:50:18,2026-01-14 17:50:21.551457,3.5514571969520716
step_onset_severe_high_baseline_goldendoodle_05,2026-01-14 21:34:49,2026-01-14 21:34:54.959473,5.959473234055209
step_onset_severe_high_baseline_goldendoodle_05,2026-01-14 16:20:41,2026-01-14 16:20:45.016004,4.0160044758869
step_onset_severe_high_baseline_goldendoodle_05,2026-01-14 14:55:02,2026-01-14 14:55:08.423016,6.4230160866019155
step_onset_severe_high_baseline_goldendoodle_05,2026-01-14 23:23:45,2026-01-14 23:23:51.048823,6.048822861449277
step_onset_severe_high_baseline_goldendoodle_05,2026-01-14 12:00:21,2026-01-14 12:00:27.432888,6.432887643227657
step_onset_severe_high_baseline_goldendoodle_05,2026-01-14 18:34:27,2026-01-14 18:34:30.982720,3.982719947203947
step_onset_severe_high_baseline_goldendoodle_05,2026-01-14 21:32:16,2026-01-14 21:32:21.783386,5.783385954100121
step_onset_severe_high_baseline_goldendoodle_05,2026-01-14 16:19:01,2026-01-14 16:19:04.536714,3.536714077612935
step_onset_severe_high_baseline_goldendoodle_05,2026-01-14 13:31:25,2026-01-14 13:31:29.370805,4.370805259114396
step_onset_severe_high_baseline_goldendoodle_05,2026-01-14 23:20:43,2026-01-14 23:20:48.422321,5.422320998066809
step_onset_severe_high_baseline_goldendoodle_05,2026-01-14 18:03:52,2026-01-14 18:03:56.645921,4.645921144759532
step_onset_severe_high_baseline_goldendoodle_05,2026-01-14 18:40:25,2026-01-14 18:40:30.357767,5.357767037522645
step_onset_severe_high_baseline_goldendoodle_05,2026-01-14 00:17:00,2026-01-14 00:17:06.455664,6.455663964561532
step_onset_severe_high_baseline_goldendoodle_05,2026-01-14 12:06:33,2026-01-14 12:06:36.722232,3.7222317687016138
step_onset_severe_high_baseline_goldendoodle_05,2026-01-14 20:55:03,2026-01-14 20:55:06.938179,3.938178687122997
step_onset_severe_high_baseline_goldendoodle_05,2026-01-14 06:49:35,2026-01-14 06:49:41.548256,6.5482557549954805
step_onset_severe_high_baseline_goldendoodle_05,2026-01-14 20:02:56,2026-01-14 20:03:02.394400,6.394399887339388
step_onset_severe_high_baseline_goldendoodle_05,2026-01-14 06:46:02,2026-01-14 06:46:08.027007,6.027007023530118
step_onset_severe_high_baseline_goldendoodle_05,2026-01-14 05:30:01,2026-01-14 05:30:07.483428,6.483428235063423
step_onset_severe_high_baseline_goldendoodle_05,2026-01-15 16:41:31,2026-01-15 16:41:36.315605,5.31560539816156
step_onset_severe_high_baseline_goldendoodle_05,2026-01-15 20:43:18,2026-01-15 20:43:22.195027,4.195027339278408
step_onset_severe_high_baseline_goldendoodle_05,2026-01-15 14:41:18,2026-01-15 14:41:23.521259,5.521258682787778
step_onset_severe_high_baseline_goldendoodle_05,2026-01-15 22:56:08,2026-01-15 22:56:13.295082,5.2950816791709086
step_onset_severe_high_baseline_goldendoodle_05,2026-01-15 07:37:07,2026-01-15 07:37:13.855299,6.85529945283122
step_onset_severe_high_baseline_goldendoodle_05,2026-01-15 15:22:44,2026-01-15 15:22:48.039836,4.039835846754391
step_onset_severe_high_baseline_goldendoodle_05,2026-01-15 21:02:49,2026-01-15 21:02:53.987585,4.987584545617608
step_onset_severe_high_baseline_goldendoodle_05,2026-01-15 18:16:22,2026-01-15 18:16:26.647719,4.647718636445121
step_onset_severe_high_baseline_goldendoodle_05,2026-01-15 06:19:57,2026-01-15 06:20:00.791862,3.7918623738151767
step_onset_severe_high_baseline_goldendoodle_05,2026-01-15 16:02:50,2026-01-15 16:02:54.164014,4.164014065185446
step_onset_severe_high_baseline_goldendoodle_05,2026-01-15 06:56:31,2026-01-15 06:56:36.100411,5.100410764648432
step_onset_severe_high_baseline_goldendoodle_05,2026-01-15 14:02:02,2026-01-15 14:02:07.467805,5.467805230783391
step_onset_severe_high_baseline_goldendoodle_05,2026-01-15 13:49:35,2026-01-15 13:49:40.808946,5.808946323068679
step_onset_severe_high_baseline_goldendoodle_05,2026-01-15 09:06:27,2026-01-15 09:06:33.566768,6.566768016750898
step_onset_severe_high_baseline_goldendoodle_05,2026-01-15 09:13:36,2026-01-15 09:13:39.635335,3.6353350918171556
step_onset_severe_high_baseline_goldendoodle_05,2026-01-15 04:31:08,2026-01-15 04:31:14.518508,6.5185083958699
step_onset_severe_high_baseline_goldendoodle_05,2026-01-15 18:03:25,2026-01-15 18:03:31.634628,6.634628163750012
step_onset_severe_high_baseline_goldendoodle_05,2026-01-15 17:08:46,2026-01-15 17:08:52.503211,6.503210965650688
step_onset_severe_high_baseline_goldendoodle_05,2026-01-15 18:41:23,2026-01-15 18:41:28.156737,5.156736768300597
step_onset_severe_high_baseline_goldendoodle_05,2026-01-15 08:16:08,2026-01-15 08:16:14.094011,6.094010972963506
step_onset_severe_high_baseline_goldendoodle_05,2026-01-15 19:28:20,2026-01-15 19:28:23.633222,3.63322151967189
step_onset_severe_high_baseline_goldendoodle_05,2026-01-15 20:53:18,2026-01-15 20:53:22.073711,4.073711129730781
step_onset_severe_high_baseline_goldendoodle_05,2026-01-15 09:28:53,2026-01-15 09:28:59.895513,6.895512679789377
step_onset_severe_high_baseline_goldendoodle_05,2026-01-15 17:19:36,2026-01-15 17:19:40.286893,4.286893357559119
step_onset_severe_high_baseline_goldendoodle_05,2026-01-15 19:50:52,2026-01-15 19:50:55.302437,3.3024372920683667
step_onset_severe_high_baseline_goldendoodle_05,2026-01-15 10:09:36,2026-01-15 10:09:39.930101,3.930101420269291
step_onset_severe_high_baseline_goldendoodle_05,2026-01-15 03:56:23,2026-01-15 03:56:27.042050,4.042050461122301
step_onset_severe_high_baseline_goldendoodle_05,2026-01-15 09:08:22,2026-01-15 09:08:25.776889,3.7768894010532996
step_onset_severe_high_baseline_goldendoodle_05,2026-01-15 10:20:17,2026-01-15 10:20:21.348667,4.348666713075971
step_onset_severe_high_baseline_goldendoodle_05,2026-01-15 17:01:47,2026-01-15 17:01:52.666262,5.666262443318773
step_onset_severe_high_baseline_goldendoodle_05,2026-01-15 00:40:34,2026-01-15 00:40:38.766297,4.766296507571925
step_onset_severe_high_baseline_goldendoodle_05,2026-01-15 12:44:45,2026-01-15 12:44:49.416588,4.416588113267967
step_onset_severe_high_baseline_goldendoodle_05,2026-01-15 07:33:15,2026-01-15 07:33:19.164544,4.164544287189391
step_onset_severe_high_baseline_goldendoodle_05,2026-01-15 14:33:58,2026-01-15 14:34:03.566569,5.566569010687195
step_onset_severe_high_baseline_goldendoodle_05,2026-01-15 14:07:24,2026-01-15 14:07:28.754996,4.754995683081595
step_onset_severe_high_baseline_goldendoodle_05,2026-01-15 09:41:06,2026-01-15 09:41:11.521875,5.521874597708065
step_onset_severe_high_baseline_goldendoodle_05,2026-01-15 17:36:11,2026-01-15 17:36:17.024734,6.024734122591974
step_onset_severe_high_baseline_goldendoodle_05,2026-01-16 00:37:37,2026-01-16 00:37:40.891839,3.891838698622289
step_onset_severe_high_baseline_goldendoodle_05,2026-01-16 12:36:41,2026-01-16 12:36:46.841166,5.8411664022839105
step_onset_severe_high_baseline_goldendoodle_05,2026-01-16 20:40:10,2026-01-16 20:40:15.914561,5.914560837093839
step_onset_severe_high_baseline_goldendoodle_05,2026-01-16 21:37:07,2026-01-16 21:37:10.249669,3.2496687251143004
step_onset_severe_high_baseline_goldendoodle_05,2026-01-16 13:25:14,2026-01-16 13:25:19.558416,5.558416039916887
step_onset_severe_high_baseline_goldendoodle_05,2026-01-16 11:25:30,2026-01-16 11:25:36.349401,6.349401006064404
step_onset_severe_high_baseline_goldendoodle_05,2026-01-16 20:13:28,2026-01-16 20:13:32.749327,4.749327321115903
step_onset_severe_high_baseline_goldendoodle_05,2026-01-16 17:21:27,2026-01-16 17:21:30.592387,3.5923870108129368
step_onset_severe_high_baseline_goldendoodle_05,2026-01-16 10:02:10,2026-01-16 10:02:14.745146,4.745145955967017
step_onset_severe_high_baseline_goldendoodle_05,2026-01-16 17:43:10,2026-01-16 17:43:16.927735,6.927735380638836
step_onset_severe_high_baseline_goldendoodle_05,2026-01-16 10:07:19,2026-01-16 10:07:22.743601,3.743600728855721
step_onset_severe_high_baseline_goldendoodle_05,2026-01-16 07:57:28,2026-01-16 07:57:33.829120,5.829120448673526
step_onset_severe_high_baseline_goldendoodle_05,2026-01-16 16:52:03,2026-01-16 16:52:08.152433,5.152433126825147
step_onset_severe_high_baseline_goldendoodle_05,2026-01-16 10:02:49,2026-01-16 10:02:52.161833,3.1618326922962634
step_onset_severe_high_baseline_goldendoodle_05,2026-01-16 21:29:07,2026-01-16 21:29:11.404016,4.404015863462051
step_onset_severe_high_baseline_goldendoodle_05,2026-01-17 08:16:55,2026-01-17 08:17:00.684940,5.684940440010633
step_onset_severe_high_baseline_goldendoodle_05,2026-01-17 01:35:01,2026-01-17 01:35:05.511796,4.511795851274536
step_onset_severe_high_baseline_goldendoodle_05,2026-01-17 20:43:59,2026-01-17 20:44:02.384015,3.3840145207638375
step_onset_severe_high_baseline_goldendoodle_05,2026-01-17 17:07:25,2026-01-17 17:07:28.016245,3.0162453362165427
step_onset_severe_high_baseline_goldendoodle_05,2026-01-17 09:25:52,2026-01-17 09:25:55.178569,3.178568551365476
step_onset_severe_high_baseline_goldendoodle_05,2026-01-17 10:02:04,2026-01-17 10:02:07.796671,3.7966709530797527
step_onset_severe_high_baseline_goldendoodle_05,2026-01-17 17:04:36,2026-01-17 17:04:40.067084,4.067084120061687
step_onset_severe_high_baseline_goldendoodle_05,2026-01-17 21:32:58,2026-01-17 21:33:01.787728,3.787728479747669
step_onset_severe_high_baseline_goldendoodle_05,2026-01-17 09:26:55,2026-01-17 09:27:00.801159,5.8011586212754285
step_onset_severe_high_baseline_goldendoodle_05,2026-01-17 20:02:42,2026-01-17 20:02:48.646621,6.646620515398066
step_onset_severe_high_baseline_goldendoodle_05,2026-01-17 15:35:51,2026-01-17 15:35:56.648204,5.648204477662672
step_onset_severe_high_baseline_goldendoodle_05,2026-01-17 20:51:53,2026-01-17 20:51:59.619375,6.619374979573461
step_onset_severe_high_baseline_goldendoodle_05,2026-01-17 21:40:28,2026-01-17 21:40:33.463730,5.46372998783771
step_onset_severe_high_baseline_goldendoodle_05,2026-01-18 14:36:46,2026-01-18 14:36:52.251344,6.251343881313653
step_onset_severe_high_baseline_goldendoodle_05,2026-01-18 05:50:02,2026-01-18 05:50:05.773838,3.7738375079862534
step_onset_severe_high_baseline_goldendoodle_05,2026-01-18 07:43:10,2026-01-18 07:43:16.416612,6.416611799752646
step_onset_severe_high_baseline_goldendoodle_05,2026-01-18 17:02:30,2026-01-18 17:02:34.595161,4.595161021955869
step_onset_severe_high_baseline_goldendoodle_05,2026-01-18 15:58:50,2026-01-18 15:58:55.805525,5.80552490331586
step_onset_severe_high_baseline_goldendoodle_05,2026-01-18 08:26:26,2026-01-18 08:26:31.117726,5.117726312726904
step_onset_severe_high_baseline_goldendoodle_05,2026-01-18 21:49:57,2026-01-18 21:50:01.487556,4.487556319633484
step_onset_severe_high_baseline_goldendoodle_05,2026-01-18 23:35:40,2026-01-18 23:35:43.457058,3.4570578032111623
step_onset_severe_high_baseline_goldendoodle_05,2026-01-18 09:02:20,2026-01-18 09:02:25.384082,5.384082247508601
step_onset_severe_high_baseline_goldendoodle_05,2026-01-18 02:27:19,2026-01-18 02:27:23.058577,4.058576978845124
step_onset_severe_high_baseline_goldendoodle_05,2026-01-18 02:51:24,2026-01-18 02:51:27.999155,3.9991554064310724
step_onset_severe_high_baseline_goldendoodle_05,2026-01-18 16:55:12,2026-01-18 16:55:18.577318,6.577317791762271
step_onset_severe_high_baseline_goldendoodle_05,2026-01-18 21:18:36,2026-01-18 21:18:42.870380,6.8703795173911555
step_onset_severe_high_baseline_goldendoodle_05,2026-01-18 10:19:05,2026-01-18 10:19:09.913532,4.913532486642907
step_onset_severe_high_baseline_goldendoodle_05,2026-01-18 16:56:18,2026-01-18 16:56:22.047680,4.047679826223559
step_onset_severe_high_baseline_goldendoodle_05,2026-01-18 02:35:06,2026-01-18 02:35:09.432605,3.4326051180917476
step_onset_severe_high_baseline_goldendoodle_05,2026-01-18 08:03:11,2026-01-18 08:03:17.780201,6.7802005361548545
step_onset_severe_high_baseline_goldendoodle_05,2026-01-19 19:33:56,2026-01-19 19:34:02.522050,6.5220500473829475
step_onset_severe_high_baseline_goldendoodle_05,2026-01-19 13:46:18,2026-01-19 13:46:22.807875,4.80787504866311
step_onset_severe_high_baseline_goldendoodle_05,2026-01-19 03:55:25,2026-01-19 03:55:28.686707,3.6867068454250416
step_onset_severe_high_baseline_goldendoodle_05,2026-01-19 14:28:35,2026-01-19 14:28:40.071422,5.071422276136444
step_onset_severe_high_baseline_goldendoodle_05,2026-01-19 12:28:42,2026-01-19 12:28:45.914800,3.9148002713305092
step_onset_severe_high_baseline_goldendoodle_05,2026-01-19 08:57:34,2026-01-19 08:57:39.601031,5.601031334351626
step_onset_severe_high_baseline_goldendoodle_05,2026-01-19 21:32:22,2026-01-19 21:32:26.250867,4.250866606229799
step_onset_severe_high_baseline_goldendoodle_05,2026-01-19 08:28:34,2026-01-19 08:28:38.556702,4.556701549608805
step_onset_severe_high_baseline_goldendoodle_05,2026-01-19 01:14:09,2026-01-19 01:14:13.168045,4.168045058342614
step_onset_severe_high_baseline_goldendoodle_05,2026-01-19 15:20:36,2026-01-19 15:20:41.369179,5.369179097774664
step_onset_severe_high_baseline_goldendoodle_05,2026-01-19 16:11:21,2026-01-19 16:11:24.311621,3.3116210999409055
step_onset_severe_high_baseline_goldendoodle_05,2026-01-19 11:34:45,2026-01-19 11:34:48.828582,3.828582012845526
step_onset_severe_high_baseline_goldendoodle_05,2026-01-19 18:11:39,2026-01-19 18:11:43.702281,4.702281245851285
step_onset_severe_high_baseline_goldendoodle_05,2026-01-19 17:23:32,2026-01-19 17:23:37.796671,5.7966705892155925
step_onset_severe_high_baseline_goldendoodle_05,2026-01-19 13:59:15,2026-01-19 13:59:18.550391,3.5503913384697006
step_onset_severe_high_baseline_goldendoodle_05,2026-01-19 18:26:45,2026-01-19 18:26:48.042023,3.04202307002031
step_onset_severe_high_baseline_goldendoodle_05,2026-01-19 06:14:54,2026-01-19 06:15:00.488550,6.48854953988859
step_onset_severe_high_baseline_goldendoodle_05,2026-01-19 15:01:40,2026-01-19 15:01:45.907096,5.907095832819675
step_onset_severe_high_baseline_goldendoodle_05,2026-01-19 15:21:59,2026-01-19 15:22:04.905363,5.905363399811969
step_onset_severe_high_baseline_goldendoodle_05,2026-01-19 19:51:25,2026-01-19 19:51:30.383082,5.383082133544727
step_onset_severe_high_baseline_goldendoodle_05,2026-01-20 21:17:44,2026-01-20 21:17:49.729230,5.729229552481078
step_onset_severe_high_baseline_goldendoodle_05,2026-01-20 08:32:01,2026-01-20 08:32:07.625226,6.625225988175647
step_onset_severe_high_baseline_goldendoodle_05,2026-01-20 06:45:45,2026-01-20 06:45:49.546049,4.5460489699113875
step_onset_severe_high_baseline_goldendoodle_05,2026-01-20 10:23:37,2026-01-20 10:23:40.950874,3.950874461985919
step_onset_severe_high_baseline_goldendoodle_05,2026-01-20 00:58:56,2026-01-20 00:59:01.101960,5.101959939865575
step_onset_severe_high_baseline_goldendoodle_05,2026-01-20 14:08:53,2026-01-20 14:08:59.616150,6.61614965322251
step_onset_severe_high_baseline_goldendoodle_05,2026-01-20 17:22:49,2026-01-20 17:22:55.085336,6.0853358960859225
step_onset_severe_high_baseline_goldendoodle_05,2026-01-20 07:15:44,2026-01-20 07:15:48.004340,4.004339781389279
step_onset_severe_high_baseline_goldendoodle_05,2026-01-20 15:04:44,2026-01-20 15:04:48.635433,4.63543327244855
step_onset_severe_high_baseline_goldendoodle_05,2026-01-20 15:49:35,2026-01-20 15:49:40.106941,5.106940838877465
step_onset_severe_high_baseline_goldendoodle_05,2026-01-20 17:31:10,2026-01-20 17:31:13.490709,3.4907090283023825
step_onset_severe_high_baseline_goldendoodle_05,2026-01-20 10:36:27,2026-01-20 10:36:31.169082,4.169081570143232
step_onset_severe_high_baseline_goldendoodle_05,2026-01-20 10:09:17,2026-01-20 10:09:21.900115,4.900114662273903
step_onset_severe_high_baseline_goldendoodle_05,2026-01-20 16:21:48,2026-01-20 16:21:53.384065,5.384065298138934
step_onset_severe_high_baseline_goldendoodle_05,2026-01-20 21:04:56,2026-01-20 21:05:02.164619,6.164618745660089
step_onset_severe_high_baseline_goldendoodle_05,2026-01-20 11:39:25,2026-01-20 11:39:30.260328,5.2603281102295245
step_onset_severe_high_baseline_goldendoodle_05,2026-01-20 13:02:17,2026-01-20 13:02:22.177165,5.177165095498278
step_onset_severe_high_baseline_goldendoodle_05,2026-01-20 19:17:20,2026-01-20 19:17:23.418367,3.4183668258693656
step_onset_severe_high_baseline_goldendoodle_05,2026-01-20 07:53:35,2026-01-20 07:53:41.735092,6.735092456188962
step_onset_severe_high_baseline_goldendoodle_05,2026-01-20 23:17:59,2026-01-20 23:18:04.120770,5.120770073136616
step_onset_severe_high_baseline_goldendoodle_05,2026-01-20 19:34:41,2026-01-20 19:34:45.103603,4.103603174036243
step_onset_severe_high_baseline_goldendoodle_05,2026-01-20 17:45:48,2026-01-20 17:45:52.125724,4.125723716462792
step_onset_severe_high_baseline_goldendoodle_05,2026-01-20 11:35:14,2026-01-20 11:35:18.163754,4.163753780833527
step_onset_severe_high_baseline_goldendoodle_05,2026-01-20 13:35:10,2026-01-20 13:35:14.463371,4.46337062842703
step_onset_severe_high_baseline_goldendoodle_05,2026-01-20 09:16:45,2026-01-20 09:16:49.106470,4.106469592101647
step_onset_severe_high_baseline_goldendoodle_05,2026-01-20 19:49:42,2026-01-20 19:49:47.574967,5.574967046088506
step_onset_severe_high_baseline_goldendoodle_05,2026-01-20 02:04:01,2026-01-20 02:04:06.804047,5.804047043750383
step_onset_severe_high_baseline_goldendoodle_05,2026-01-20 10:08:30,2026-01-20 10:08:35.756369,5.756369019272962
step_onset_severe_high_baseline_goldendoodle_05,2026-01-20 01:28:23,2026-01-20 01:28:26.507809,3.507809493068893
step_onset_severe_high_baseline_goldendoodle_05,2026-01-20 10:46:29,2026-01-20 10:46:34.854343,5.8543431393244205
step_onset_severe_high_baseline_goldendoodle_05,2026-01-21 01:59:49,2026-01-21 01:59:53.796711,4.796710775392455
step_onset_severe_high_baseline_goldendoodle_05,2026-01-21 14:20:21,2026-01-21 14:20:25.043391,4.043390864896493
step_onset_severe_high_baseline_goldendoodle_05,2026-01-21 04:51:31,2026-01-21 04:51:37.106757,6.106756719117254
step_onset_severe_high_baseline_goldendoodle_05,2026-01-21 11:17:08,2026-01-21 11:17:12.708143,4.7081433364021485
step_onset_severe_high_baseline_goldendoodle_05,2026-01-21 13:28:47,2026-01-21 13:28:51.055352,4.055352063747359
step_onset_severe_high_baseline_goldendoodle_05,2026-01-21 20:34:50,2026-01-21 20:34:54.756487,4.75648662615861
step_onset_severe_high_baseline_goldendoodle_05,2026-01-21 04:21:51,2026-01-21 04:21:55.393488,4.393487969721139
step_onset_severe_high_baseline_goldendoodle_05,2026-01-21 14:11:29,2026-01-21 14:11:34.064581,5.064581099124062
step_onset_severe_high_baseline_goldendoodle_05,2026-01-21 09:00:19,2026-01-21 09:00:25.965978,6.96597802153177
step_onset_severe_high_baseline_goldendoodle_05,2026-01-21 10:52:31,2026-01-21 10:52:34.077741,3.0777414350989334
step_onset_severe_high_baseline_goldendoodle_05,2026-01-21 22:49:59,2026-01-21 22:50:05.642493,6.642492937223211
step_onset_severe_high_baseline_goldendoodle_05,2026-01-21 20:35:27,2026-01-21 20:35:32.091453,5.091453343769949
step_onset_severe_high_baseline_goldendoodle_05,2026-01-21 15:50:42,2026-01-21 15:50:45.211399,3.2113994730397843
step_onset_severe_high_baseline_goldendoodle_05,2026-01-21 06:43:18,2026-01-21 06:43:22.932302,4.932301932381408
step_onset_severe_high_baseline_goldendoodle_05,2026-01-21 12:14:49,2026-01-21 12:14:52.550898,3.5508980890595456
step_onset_severe_high_baseline_goldendoodle_05,2026-01-21 22:46:51,2026-01-21 22:46:54.749609,3.749609067802385
step_onset_severe_high_baseline_goldendoodle_05,2026-01-21 15:42:52,2026-01-21 15:42:57.687698,5.68769801054232
step_onset_severe_high_baseline_goldendoodle_05,2026-01-21 12:26:34,2026-01-21 12:26:39.698173,5.698173011260172
step_onset_severe_high_baseline_goldendoodle_05,2026-01-21 04:18:02,2026-01-21 04:18:06.977241,4.9772405417798415
step_onset_severe_high_baseline_goldendoodle_05,2026-01-21 12:59:28,2026-01-21 12:59:31.495366,3.4953662093266167
step_onset_severe_high_baseline_goldendoodle_05,2026-01-21 19:41:47,2026-01-21 19:41:53.912074,6.912074163126799
step_onset_severe_high_baseline_goldendoodle_05,2026-01-21 00:18:18,2026-01-21 00:18:23.461444,5.461444232978776
step_onset_severe_high_baseline_goldendoodle_05,2026-01-21 13:18:33,2026-01-21 13:18:37.596825,4.596824669536707
step_onset_severe_high_baseline_goldendoodle_05,2026-01-22 19:58:57,2026-01-22 19:59:00.174597,3.17459654873844
step_onset_severe_high_baseline_goldendoodle_05,2026-01-22 08:23:29,2026-01-22 08:23:32.774627,3.77462691630244
step_onset_severe_high_baseline_goldendoodle_05,2026-01-22 07:59:36,2026-01-22 07:59:42.348269,6.348269368416986
step_onset_severe_high_baseline_goldendoodle_05,2026-01-22 18:53:56,2026-01-22 18:54:02.727600,6.727599643594446
step_onset_severe_high_baseline_goldendoodle_05,2026-01-22 21:28:31,2026-01-22 21:28:37.167703,6.167702965259922
step_onset_severe_high_baseline_goldendoodle_05,2026-01-22 12:33:19,2026-01-22 12:33:25.997928,6.997927973118443
step_onset_severe_high_baseline_goldendoodle_05,2026-01-22 06:06:05,2026-01-22 06:06:08.430238,3.4302376252340334
step_onset_severe_high_baseline_goldendoodle_05,2026-01-22 04:55:27,2026-01-22 04:55:31.894689,4.894688587245859
step_onset_severe_high_baseline_goldendoodle_05,2026-01-22 23:46:27,2026-01-22 23:46:30.650459,3.650459225732506
step_onset_severe_high_baseline_goldendoodle_05,2026-01-22 15:52:00,2026-01-22 15:52:04.744568,4.744567544773217
step_onset_severe_high_baseline_goldendoodle_05,2026-01-22 06:09:50,2026-01-22 06:09:53.349292,3.3492916277887277
step_onset_severe_high_baseline_goldendoodle_05,2026-01-22 08:35:19,2026-01-22 08:35:24.008380,5.008380355465947
step_onset_severe_high_baseline_goldendoodle_05,2026-01-22 06:48:08,2026-01-22 06:48:14.690831,6.690831120128458
step_onset_severe_high_baseline_goldendoodle_05,2026-01-22 15:53:01,2026-01-22 15:53:05.671566,4.671565841677582
step_onset_severe_high_baseline_goldendoodle_05,2026-01-22 19:31:14,2026-01-22 19:31:18.525227,4.525226983717312
step_onset_severe_high_baseline_goldendoodle_05,2026-01-22 19:30:33,2026-01-22 19:30:37.520457,4.520457011905215
step_onset_severe_high_baseline_goldendoodle_05,2026-01-22 01:39:41,2026-01-22 01:39:45.888421,4.888420769003446
step_onset_severe_high_baseline_goldendoodle_05,2026-01-23 04:38:32,2026-01-23 04:38:35.743853,3.7438526221685615
step_onset_severe_high_baseline_goldendoodle_05,2026-01-23 11:39:30,2026-01-23 11:39:36.292360,6.292360326615265
step_onset_severe_high_baseline_goldendoodle_05,2026-01-23 12:10:15,2026-01-23 12:10:18.305899,3.3058987992967213
step_onset_severe_high_baseline_goldendoodle_05,2026-01-23 09:02:00,2026-01-23 09:02:06.545831,6.545831197311445
step_onset_severe_high_baseline_goldendoodle_05,2026-01-23 12:24:09,2026-01-23 12:24:12.226964,3.2269641345458826
step_onset_severe_high_baseline_goldendoodle_05,2026-01-23 13:30:43,2026-01-23 13:30:47.622482,4.622482387522584
step_onset_severe_high_baseline_goldendoodle_05,2026-01-23 14:46:47,2026-01-23 14:46:51.231643,4.231642767754683
step_onset_severe_high_baseline_goldendoodle_05,2026-01-23 05:23:02,2026-01-23 05:23:07.160208,5.1602078234166395
step_onset_severe_high_baseline_goldendoodle_05,2026-01-23 02:59:49,2026-01-23 02:59:53.704160,4.7041600948644255
step_onset_severe_high_baseline_goldendoodle_05,2026-01-23 14:04:50,2026-01-23 14:04:53.441363,3.4413630301980644
step_onset_severe_high_baseline_goldendoodle_05,2026-01-23 12:42:14,2026-01-23 12:42:17.416451,3.4164513553385927
step_onset_severe_high_baseline_goldendoodle_05,2026-01-23 08:36:58,2026-01-23 08:37:03.673817,5.6738173999778745
step_onset_severe_high_baseline_goldendoodle_05,2026-01-23 09:53:08,2026-01-23 09:53:11.174542,3.1745420654377194
step_onset_severe_high_baseline_goldendoodle_05,2026-01-23 14:34:17,2026-01-23 14:34:23.474317,6.47431728175699
step_onset_severe_high_baseline_goldendoodle_05,2026-01-23 19:19:02,2026-01-23 19:19:05.401466,3.4014663321885092
step_onset_severe_high_baseline_goldendoodle_05,2026-01-23 12:25:14,2026-01-23 12:25:18.034868,4.034868374417364
step_onset_severe_high_baseline_goldendoodle_05,2026-01-23 23:10:10,2026-01-23 23:10:14.949318,4.949317840831742
step_onset_severe_high_baseline_goldendoodle_05,2026-01-23 12:13:38,2026-01-23 12:13:41.678865,3.67886526674595
step_onset_severe_high_baseline_goldendoodle_05,2026-01-23 08:02:01,2026-01-23 08:02:06.628100,5.628100073902164
step_onset_severe_high_baseline_goldendoodle_05,2026-01-23 22:57:23,2026-01-23 22:57:26.597074,3.597074421480906
step_onset_severe_high_baseline_goldendoodle_05,2026-01-23 15:44:10,2026-01-23 15:44:15.678352,5.678352307662877
step_onset_severe_high_baseline_goldendoodle_05,2026-01-23 09:24:15,2026-01-23 09:24:19.694052,4.694051538937045
step_onset_severe_high_baseline_goldendoodle_05,2026-01-23 21:06:32,2026-01-23 21:06:38.484502,6.484501918551803
step_onset_severe_high_baseline_goldendoodle_05,2026-01-23 06:26:02,2026-01-23 06:26:05.073587,3.073586757245273
step_onset_severe_high_baseline_goldendoodle_05,2026-01-23 14:03:13,2026-01-23 14:03:16.158714,3.1587136713406196
step_onset_severe_high_baseline_goldendoodle_05,2026-01-23 17:25:29,2026-01-23 17:25:35.331711,6.331711404768116
step_onset_severe_high_baseline_goldendoodle_05,2026-01-23 02:36:34,2026-01-23 02:36:39.725568,5.72556836492903
step_onset_severe_high_baseline_goldendoodle_05,2026-01-23 17:00:27,2026-01-23 17:00:32.373713,5.373713294080927
step_onset_severe_high_baseline_goldendoodle_05,2026-01-23 08:58:09,2026-01-23 08:58:14.715839,5.715839296086052
step_onset_severe_high_baseline_goldendoodle_05,2026-01-23 06:39:20,2026-01-23 06:39:26.630661,6.630660977125801
step_onset_severe_high_baseline_goldendoodle_05,2026-01-23 12:53:32,2026-01-23 12:53:38.949258,6.949258289334041
step_onset_severe_high_baseline_goldendoodle_05,2026-01-23 19:34:08,2026-01-23 19:34:11.517704,3.5177041159300395
step_onset_severe_high_baseline_goldendoodle_05,2026-01-23 21:55:28,2026-01-23 21:55:33.264403,5.264402716171981
step_onset_severe_high_baseline_goldendoodle_05,2026-01-23 07:15:43,2026-01-23 07:15:49.999829,6.99982944187647
step_onset_severe_high_baseline_goldendoodle_05,2026-01-23 14:21:01,2026-01-23 14:21:05.706651,4.706650760349378
step_onset_severe_high_baseline_goldendoodle_05,2026-01-23 20:11:37,2026-01-23 20:11:40.856662,3.856661948474623
step_onset_severe_high_baseline_goldendoodle_05,2026-01-24 12:57:01,2026-01-24 12:57:07.248610,6.248610006863341
step_onset_severe_high_baseline_goldendoodle_05,2026-01-24 21:48:53,2026-01-24 21:48:58.056353,5.056352801371851
step_onset_severe_high_baseline_goldendoodle_05,2026-01-24 21:54:18,2026-01-24 21:54:23.007123,5.007122863467292
step_onset_severe_high_baseline_goldendoodle_05,2026-01-24 20:58:38,2026-01-24 20:58:43.780667,5.780667416811047
step_onset_severe_high_baseline_goldendoodle_05,2026-01-24 13:45:23,2026-01-24 13:45:27.209081,4.209080953737134
step_onset_severe_high_baseline_goldendoodle_05,2026-01-24 19:04:25,2026-01-24 19:04:29.610426,4.61042594299437
step_onset_severe_high_baseline_goldendoodle_05,2026-01-24 19:31:30,2026-01-24 19:31:35.025366,5.025365588002103
step_onset_severe_high_baseline_goldendoodle_05,2026-01-24 02:29:47,2026-01-24 02:29:51.026042,4.02604185151344
step_onset_severe_high_baseline_goldendoodle_05,2026-01-24 06:01:14,2026-01-24 06:01:18.946971,4.946971431935616
step_onset_severe_high_baseline_goldendoodle_05,2026-01-24 21:09:41,2026-01-24 21:09:47.736493,6.736492613928565
step_onset_severe_high_baseline_goldendoodle_05,2026-01-24 22:07:50,2026-01-24 22:07:54.998220,4.998219551302304
step_onset_severe_high_baseline_goldendoodle_05,2026-01-24 14:21:09,2026-01-24 14:21:14.707228,5.7072278589581575
step_onset_severe_high_baseline_goldendoodle_05,2026-01-24 20:10:31,2026-01-24 20:10:37.866541,6.8665414105110845
step_onset_severe_high_baseline_goldendoodle_05,2026-01-24 10:05:31,2026-01-24 10:05:34.054594,3.0545937066170774
step_onset_severe_high_baseline_goldendoodle_05,2026-01-24 16:53:09,2026-01-24 16:53:14.273105,5.273105238624071
step_onset_severe_high_baseline_goldendoodle_05,2026-01-24 06:59:20,2026-01-24 06:59:26.350505,6.350504610730448
step_onset_severe_high_baseline_goldendoodle_05,2026-01-24 00:51:44,2026-01-24 00:51:50.719668,6.719668081038016
step_onset_severe_high_baseline_goldendoodle_05,2026-01-24 14:27:21,2026-01-24 14:27:24.659769,3.6597686909236966
step_onset_severe_high_baseline_goldendoodle_05,2026-01-24 10:26:19,2026-01-24 10:26:23.227534,4.227534301910772
step_onset_severe_high_baseline_goldendoodle_05,2026-01-24 15:45:01,2026-01-24 15:45:07.469903,6.469902757556931
step_onset_severe_high_baseline_goldendoodle_05,2026-01-24 08:14:45,2026-01-24 08:14:48.676450,3.67645040462164
step_onset_severe_high_baseline_goldendoodle_05,2026-01-24 12:39:33,2026-01-24 12:39:36.757604,3.757603860040132
step_onset_severe_high_baseline_goldendoodle_05,2026-01-24 22:01:00,2026-01-24 22:01:03.987663,3.9876627880779765
step_onset_severe_high_baseline_goldendoodle_05,2026-01-24 14:59:41,2026-01-24 14:59:44.169367,3.1693669231324773
step_onset_severe_high_baseline_goldendoodle_05,2026-01-24 21:33:24,2026-01-24 21:33:30.300293,6.300293021930438
step_onset_severe_high_baseline_goldendoodle_05,2026-01-24 11:14:45,2026-01-24 11:14:51.181221,6.181221045456506
step_onset_severe_high_baseline_goldendoodle_05,2026-01-24 17:55:38,2026-01-24 17:55:44.817355,6.817354850651279
step_onset_severe_high_baseline_goldendoodle_05,2026-01-24 05:08:41,2026-01-24 05:08:44.851085,3.851084896765921
step_onset_severe_high_baseline_goldendoodle_05,2026-01-25 14:58:56,2026-01-25 14:59:01.385964,5.3859640330751475
step_onset_severe_high_baseline_goldendoodle_05,2026-01-25 18:00:47,2026-01-25 18:00:51.485897,4.48589694829516
step_onset_severe_high_baseline_goldendoodle_05,2026-01-25 18:44:48,2026-01-25 18:44:51.808924,3.808924192439305
step_onset_severe_high_baseline_goldendoodle_05,2026-01-25 06:11:06,2026-01-25 06:11:11.979612,5.9796120330727405
step_onset_severe_high_baseline_goldendoodle_05,2026-01-25 09:02:11,2026-01-25 09:02:16.261266,5.261266229864335
step_onset_severe_high_baseline_goldendoodle_05,2026-01-25 11:50:42,2026-01-25 11:50:46.417282,4.4172824027260305
step_onset_severe_high_baseline_goldendoodle_05,2026-01-25 14:29:29,2026-01-25 14:29:32.770196,3.770195846426751
step_onset_severe_high_baseline_goldendoodle_05,2026-01-25 07:50:39,2026-01-25 07:50:42.102303,3.1023029029631304
step_onset_severe_high_baseline_goldendoodle_05,2026-01-25 12:49:33,2026-01-25 12:49:38.509338,5.509337900200888
step_onset_severe_high_baseline_goldendoodle_05,2026-01-25 09:14:52,2026-01-25 09:14:58.320435,6.320435123406636
step_onset_severe_high_baseline_goldendoodle_05,2026-01-25 16:13:33,2026-01-25 16:13:39.016416,6.016416070045599
step_onset_severe_high_baseline_goldendoodle_05,2026-01-25 22:11:16,2026-01-25 22:11:22.869472,6.8694724543717465
step_onset_severe_high_baseline_goldendoodle_05,2026-01-25 14:56:42,2026-01-25 14:56:47.748806,5.748806434644571
step_onset_severe_high_baseline_goldendoodle_05,2026-01-25 12:39:13,2026-01-25 12:39:16.043160,3.043159990005543
step_onset_severe_high_baseline_goldendoodle_05,2026-01-25 05:11:01,2026-01-25 05:11:07.842417,6.8424166481049795
step_onset_severe_high_baseline_goldendoodle_05,2026-01-25 01:25:09,2026-01-25 01:25:12.296063,3.2960630704219267
step_onset_severe_high_baseline_goldendoodle_05,2026-01-25 14:20:38,2026-01-25 14:20:42.477523,4.477523171069205
step_onset_severe_high_baseline_goldendoodle_05,2026-01-25 17:31:14,2026-01-25 17:31:17.595952,3.5959515842231005
step_onset_severe_high_baseline_goldendoodle_05,2026-01-25 18:58:56,2026-01-25 18:59:01.769729,5.769728962024493
step_onset_severe_high_baseline_goldendoodle_05,2026-01-25 00:39:06,2026-01-25 00:39:11.728912,5.728912355760395
step_onset_severe_high_baseline_goldendoodle_05,2026-01-25 19:41:57,2026-01-25 19:42:02.712766,5.712765983047031
step_onset_severe_high_baseline_goldendoodle_05,2026-01-26 22:00:09,2026-01-26 22:00:15.973330,6.973329813604304
step_onset_severe_high_baseline_goldendoodle_05,2026-01-26 22:06:43,2026-01-26 22:06:50.020104,7.020104300644938
step_onset_severe_high_baseline_goldendoodle_05,2026-01-26 22:12:45,2026-01-26 22:12:53.291611,8.291611177313106
step_onset_severe_high_baseline_goldendoodle_05,2026-01-26 22:18:52,2026-01-26 22:19:02.357028,10.357027861976746
step_onset_severe_high_baseline_goldendoodle_05,2026-01-26 22:24:14,2026-01-26 22:24:22.980177,8.980176662090956
step_onset_severe_high_baseline_goldendoodle_05,2026-01-26 22:30:10,2026-01-26 22:30:16.466786,6.466786161555001
step_onset_severe_high_baseline_goldendoodle_05,2026-01-26 22:36:16,2026-01-26 22:36:27.253401,11.253401161896893
step_onset_severe_high_baseline_goldendoodle_05,2026-01-26 22:42:40,2026-01-26 22:42:45.048801,5.048800548594574
step_onset_severe_high_baseline_goldendoodle_05,2026-01-26 22:48:01,2026-01-26 22:48:10.013050,9.013050326614163
step_onset_severe_high_baseline_goldendoodle_05,2026-01-26 22:54:00,2026-01-26 22:54:10.537132,10.537132026145914
step_onset_severe_high_baseline_goldendoodle_05,2026-01-26 22:59:31,2026-01-26 22:59:42.526863,11.526863183566816
step_onset_severe_high_baseline_goldendoodle_05,2026-01-26 22:59:42,2026-01-26 22:59:49.515229,7.515229478856724
step_onset_severe_high_baseline_goldendoodle_05,2026-01-26 22:59:23,2026-01-26 22:59:32.564657,9.564657343558666
step_onset_severe_high_baseline_goldendoodle_05,2026-01-26 22:59:16,2026-01-26 22:59:24.818914,8.818914411062826
step_onset_severe_high_baseline_goldendoodle_05,2026-01-26 22:59:00,2026-01-26 22:59:10.620860,10.620859583875331
step_onset_severe_high_baseline_goldendoodle_05,2026-01-26 22:59:05,2026-01-26 22:59:12.037869,7.037868823512562
step_onset_severe_high_baseline_goldendoodle_05,2026-01-26 22:59:19,2026-01-26 22:59:25.671119,6.671118846388435
step_onset_severe_high_baseline_goldendoodle_05,2026-01-26 22:59:25,2026-01-26 22:59:35.937640,10.937639939331243
step_onset_severe_high_baseline_goldendoodle_05,2026-01-26 22:59:03,2026-01-26 22:59:13.485637,10.485637140197877
step_onset_severe_high_baseline_goldendoodle_05,2026-01-26 22:59:55,2026-01-26 23:00:00.470238,5.4702382138563195
step_onset_severe_high_baseline_goldendoodle_05,2026-01-26 22:59:31,2026-01-26 22:59:42.597981,11.59798058946504
step_onset_severe_high_baseline_goldendoodle_05,2026-01-26 22:59:29,2026-01-26 22:59:40.093219,11.093218901342201
step_onset_severe_high_baseline_goldendoodle_05,2026-01-26 22:59:38,2026-01-26 22:59:47.822185,9.822185398008937
step_onset_severe_high_baseline_goldendoodle_05,2026-01-26 22:59:29,2026-01-26 22:59:37.474258,8.474257669143201
step_onset_severe_high_baseline_goldendoodle_05,2026-01-26 22:59:00,2026-01-26 22:59:05.321073,5.321072824822282
step_onset_severe_high_baseline_goldendoodle_05,2026-01-26 22:59:01,2026-01-26 22:59:08.869609,7.869608769237991
step_onset_severe_high_baseline_goldendoodle_05,2026-01-26 22:59:00,2026-01-26 22:59:08.186718,8.186717599819731
step_onset_severe_high_baseline_goldendoodle_05,2026-01-26 22:59:18,2026-01-26 22:59:27.841689,9.841689212627347
step_onset_severe_high_baseline_goldendoodle_05,2026-01-26 22:59:18,2026-01-26 22:59:25.775137,7.775137371118855
step_onset_severe_high_baseline_goldendoodle_05,2026-01-26 22:59:29,2026-01-26 22:59:36.072936,7.072935712820735
step_onset_severe_high_baseline_goldendoodle_05,2026-01-26 22:59:23,2026-01-26 22:59:28.211247,5.211247168580225
step_onset_severe_high_baseline_goldendoodle_05,2026-01-26 22:59:21,2026-01-26 22:59:27.182020,6.182019701020039
step_onset_severe_high_baseline_goldendoodle_05,2026-01-26 22:59:55,2026-01-26 23:00:03.318076,8.318076499995051
step_onset_severe_high_baseline_goldendoodle_05,2026-01-26 22:59:37,2026-01-26 22:59:43.514277,6.514276635298361
step_onset_severe_high_baseline_goldendoodle_05,2026-01-26 22:59:24,2026-01-26 22:59:30.684889,6.684889120679941
step_onset_severe_high_baseline_goldendoodle_05,2026-01-26 22:59:29,2026-01-26 22:59:34.369992,5.36999168030979
step_onset_severe_high_baseline_goldendoodle_05,2026-01-26 22:59:22,2026-01-26 22:59:32.421748,10.421748397625803
step_onset_severe_high_baseline_goldendoodle_05,2026-01-26 22:59:41,2026-01-26 22:59:47.276824,6.276824154768246
step_onset_severe_high_baseline_goldendoodle_05,2026-01-26 22:59:31,2026-01-26 22:59:40.748897,9.74889664067773
step_onset_severe_high_baseline_goldendoodle_05,2026-01-26 22:59:25,2026-01-26 22:59:36.110845,11.110845480599227
step_onset_severe_high_baseline_goldendoodle_05,2026-01-26 22:59:43,2026-01-26 22:59:50.347791,7.347790508112596
step_onset_severe_high_baseline_goldendoodle_05,2026-01-26 22:59:48,2026-01-26 22:59:57.484479,9.484478599539377
step_onset_severe_high_baseline_goldendoodle_05,2026-01-26 22:59:13,2026-01-26 22:59:18.196282,5.196282091541302
step_onset_severe_high_baseline_goldendoodle_05,2026-01-26 22:59:11,2026-01-26 22:59:19.070450,8.070449890357581
step_onset_severe_high_baseline_goldendoodle_05,2026-01-26 22:59:21,2026-01-26 22:59:31.431314,10.43131366676201
step_onset_severe_high_baseline_goldendoodle_05,2026-01-26 22:59:35,2026-01-26 22:59:42.480344,7.480343560446135
step_onset_severe_high_baseline_goldendoodle_05,2026-01-26 22:59:11,2026-01-26 22:59:21.131136,10.13113647317529
step_onset_severe_high_baseline_goldendoodle_05,2026-01-26 22:59:09,2026-01-26 22:59:15.693558,6.69355833381775
step_onset_severe_high_baseline_goldendoodle_05,2026-01-26 22:59:11,2026-01-26 22:59:16.185206,5.185206085359088
step_onset_severe_high_baseline_goldendoodle_05,2026-01-26 22:59:14,2026-01-26 22:59:23.597252,9.597252205701844
step_onset_severe_high_baseline_goldendoodle_05,2026-01-26 22:59:37,2026-01-26 22:59:48.020843,11.02084278254372
step_onset_severe_high_baseline_goldendoodle_05,2026-01-26 20:16:31,2026-01-26 20:16:41.489055,10.489055056384101
step_onset_severe_high_baseline_goldendoodle_05,2026-01-26 18:34:31,2026-01-26 18:34:38.265912,7.265911764591156
step_onset_severe_high_baseline_goldendoodle_05,2026-01-26 15:23:56,2026-01-26 15:24:07.507864,11.507864120301466
step_onset_severe_high_baseline_goldendoodle_05,2026-01-26 06:26:26,2026-01-26 06:26:31.137287,5.137286997104154
step_onset_severe_high_baseline_goldendoodle_05,2026-01-26 19:55:08,2026-01-26 19:55:18.549528,10.549528207762892
step_onset_severe_high_baseline_goldendoodle_05,2026-01-26 20:17:19,2026-01-26 20:17:29.110359,10.110358964012882
step_onset_severe_high_baseline_goldendoodle_05,2026-01-26 17:02:22,2026-01-26 17:02:31.902035,9.9020345911852
step_onset_severe_high_baseline_goldendoodle_05,2026-01-26 12:46:04,2026-01-26 12:46:09.147074,5.147073914310109
step_onset_severe_high_baseline_goldendoodle_05,2026-01-26 10:03:43,2026-01-26 10:03:50.464484,7.464483829638943
step_onset_severe_high_baseline_goldendoodle_05,2026-01-26 12:37:40,2026-01-26 12:37:48.777651,8.777651248038914
step_onset_severe_high_baseline_goldendoodle_05,2026-01-26 20:02:51,2026-01-26 20:02:56.128348,5.128348047250782
step_onset_severe_high_baseline_goldendoodle_05,2026-01-26 10:30:48,2026-01-26 10:30:58.638182,10.638182098946134
step_onset_severe_high_baseline_goldendoodle_05,2026-01-26 18:04:42,2026-01-26 18:04:52.727216,10.727215808298691
step_onset_severe_high_baseline_goldendoodle_05,2026-01-26 07:43:46,2026-01-26 07:43:55.849040,9.849039825198085
step_onset_severe_high_baseline_goldendoodle_05,2026-01-26 06:25:34,2026-01-26 06:25:40.765295,6.765294784036942
step_onset_severe_high_baseline_goldendoodle_05,2026-01-26 11:45:49,2026-01-26 11:45:57.823661,8.823660847009288
step_onset_severe_high_baseline_goldendoodle_05,2026-01-26 18:37:07,2026-01-26 18:37:17.938051,10.938050744672376
step_onset_severe_high_baseline_goldendoodle_05,2026-01-26 12:16:25,2026-01-26 12:16:34.735810,9.73580969618574
step_onset_severe_high_baseline_goldendoodle_05,2026-01-26 12:56:01,2026-01-26 12:56:10.750351,9.750350816011496
step_onset_severe_high_baseline_goldendoodle_05,2026-01-26 20:09:26,2026-01-26 20:09:37.445067,11.445066793542818
step_onset_severe_high_baseline_goldendoodle_05,2026-01-26 07:37:45,2026-01-26 07:37:53.943366,8.943365585205532
step_onset_severe_high_baseline_goldendoodle_05,2026-01-26 06:28:10,2026-01-26 06:28:15.167211,5.167210713245018
step_onset_severe_high_baseline_goldendoodle_05,2026-01-26 02:00:00,2026-01-26 02:00:05.000000,5.0
step_onset_severe_high_baseline_goldendoodle_05,2026-01-27 03:00:35,2026-01-27 03:00:41.585030,6.585030093295124
step_onset_severe_high_baseline_goldendoodle_05,2026-01-27 03:06:45,2026-01-27 03:06:55.980316,10.980315616921487
step_onset_severe_high_baseline_goldendoodle_05,2026-01-27 03:12:27,2026-01-27 03:12:37.253901,10.253900829196114
step_onset_severe_high_baseline_goldendoodle_05,2026-01-27 03:18:43,2026-01-27 03:18:49.776963,6.776962704727929
step_onset_severe_high_baseline_goldendoodle_05,2026-01-27 03:24:33,2026-01-27 03:24:41.307192,8.307192032181757
step_onset_severe_high_baseline_goldendoodle_05,2026-01-27 03:30:26,2026-01-27 03:30:32.889746,6.8897461031506015
step_onset_severe_high_baseline_goldendoodle_05,2026-01-27 03:36:40,2026-01-27 03:36:48.521713,8.521713313092674
step_onset_severe_high_baseline_goldendoodle_05,2026-01-27 03:42:48,2026-01-27 03:42:59.465541,11.465540652118438
step_onset_severe_high_baseline_goldendoodle_05,2026-01-27 03:48:23,2026-01-27 03:48:30.687815,7.687814949637813
step_onset_severe_high_baseline_goldendoodle_05,2026-01-27 03:54:21,2026-01-27 03:54:26.165663,5.165663076658362
step_onset_severe_high_baseline_goldendoodle_05,2026-01-27 03:59:02,2026-01-27 03:59:10.273812,8.273811526995694
step_onset_severe_high_baseline_goldendoodle_05,2026-01-27 03:59:05,2026-01-27 03:59:14.288051,9.28805075498996
step_onset_severe_high_baseline_goldendoodle_05,2026-01-27 03:59:08,2026-01-27 03:59:15.249859,7.249859390673903
step_onset_severe_high_baseline_goldendoodle_05,2026-01-27 03:59:52,2026-01-27 03:59:58.276370,6.276369538652387
step_onset_severe_high_baseline_goldendoodle_05,2026-01-27 03:59:51,2026-01-27 04:00:01.817673,10.817672662438238
step_onset_severe_high_baseline_goldendoodle_05,2026-01-27 03:59:57,2026-01-27 04:00:06.331258,9.331258320120753
step_onset_severe_high_baseline_goldendoodle_05,2026-01-27 03:59:38,2026-01-27 03:59:46.940574,8.94057366220591
step_onset_severe_high_baseline_goldendoodle_05,2026-01-27 03:59:55,2026-01-27 04:00:06.298579,11.298578984199528
step_onset_severe_high_baseline_goldendoodle_05,2026-01-27 03:59:32,2026-01-27 03:59:38.175410,6.175409674623173
step_onset_severe_high_baseline_goldendoodle_05,2026-01-27 03:59:40,2026-01-27 03:59:45.059819,5.059818614362054
step_onset_severe_high_baseline_goldendoodle_05,2026-01-27 03:59:33,2026-01-27 03:59:41.852620,8.852619992156816
step_onset_severe_high_baseline_goldendoodle_05,2026-01-27 03:59:35,2026-01-27 03:59:46.274707,11.274707432935013
step_onset_severe_high_baseline_goldendoodle_05,2026-01-27 03:59:43,2026-01-27 03:59:53.560932,10.560932132009786
step_onset_severe_high_baseline_goldendoodle_05,2026-01-27 03:59:11,2026-01-27 03:59:19.230526,8.2305255304462
step_onset_severe_high_baseline_goldendoodle_05,2026-01-27 03:59:59,2026-01-27 04:00:08.200715,9.20071481125029
step_onset_severe_high_baseline_goldendoodle_05,2026-01-27 03:59:17,2026-01-27 03:59:27.652839,10.652839447812088
step_onset_severe_high_baseline_goldendoodle_05,2026-01-27 03:59:27,2026-01-27 03:59:38.283503,11.283503169741502
step_onset_severe_high_baseline_goldendoodle_05,2026-01-27 03:59:59,2026-01-27 04:00:09.740178,10.740178422109937
step_onset_severe_high_baseline_goldendoodle_05,2026-01-27 03:59:31,2026-01-27 03:59:36.216536,5.2165359971259155
step_onset_severe_high_baseline_goldendoodle_05,2026-01-27 03:59:46,2026-01-27 03:59:56.860954,10.860953753553678
step_onset_severe_high_baseline_goldendoodle_05,2026-01-27 03:59:19,2026-01-27 03:59:25.652099,6.652099010454258
step_onset_severe_high_baseline_goldendoodle_05,2026-01-27 03:59:34,2026-01-27 03:59:43.000813,9.000812654911547
step_onset_severe_high_baseline_goldendoodle_05,2026-01-27 03:59:31,2026-01-27 03:59:42.383453,11.383452693332556
step_onset_severe_high_baseline_goldendoodle_05,2026-01-27 03:59:16,2026-01-27 03:59:25.467391,9.467390946205523
step_onset_severe_high_baseline_goldendoodle_05,2026-01-27 03:59:55,2026-01-27 04:00:02.962718,7.962718454829518
step_onset_severe_high_baseline_goldendoodle_05,2026-01-27 03:59:02,2026-01-27 03:59:08.190925,6.1909245163502105
step_onset_severe_high_baseline_goldendoodle_05,2026-01-27 03:59:01,2026-01-27 03:59:12.113464,11.113464216393416
step_onset_severe_high_baseline_goldendoodle_05,2026-01-27 03:59:34,2026-01-27 03:59:44.632019,10.632019187175297
step_onset_severe_high_baseline_goldendoodle_05,2026-01-27 03:59:29,2026-01-27 03:59:36.532664,7.532663663663128
step_onset_severe_high_baseline_goldendoodle_05,2026-01-27 03:59:27,2026-01-27 03:59:38.066849,11.066848778099551
step_onset_severe_high_baseline_goldendoodle_05,2026-01-27 03:59:22,2026-01-27 03:59:31.685602,9.685601759242857
step_onset_severe_high_baseline_goldendoodle_05,2026-01-27 03:59:00,2026-01-27 03:59:10.642715,10.642715078134056
step_onset_severe_high_baseline_goldendoodle_05,2026-01-27 03:59:07,2026-01-27 03:59:12.201679,5.201678900296387
step_onset_severe_high_baseline_goldendoodle_05,2026-01-27 03:59:44,2026-01-27 03:59:54.869375,10.869375345275609
step_onset_severe_high_baseline_goldendoodle_05,2026-01-27 03:59:19,2026-01-27 03:59:27.066036,8.066035604230262
step_onset_severe_high_baseline_goldendoodle_05,2026-01-27 03:59:24,2026-01-27 03:59:31.987399,7.987398600402244
step_onset_severe_high_baseline_goldendoodle_05,2026-01-27 03:59:30,2026-01-27 03:59:40.298919,10.298919403671018
step_onset_severe_high_baseline_goldendoodle_05,2026-01-27 03:59:54,2026-01-27 04:00:04.182193,10.182193025533877
step_onset_severe_high_baseline_goldendoodle_05,2026-01-27 03:59:16,2026-01-27 03:59:25.427351,9.427350779334562
step_onset_severe_high_baseline_goldendoodle_05,2026-01-27 03:59:32,2026-01-27 03:59:42.090093,10.090092562568437
step_onset_severe_high_baseline_goldendoodle_05,2026-01-27 03:59:55,2026-01-27 04:00:01.862751,6.862750577011328
step_onset_severe_high_baseline_goldendoodle_05,2026-01-27 03:59:02,2026-01-27 03:59:11.657571,9.657570680528229
step_onset_severe_high_baseline_goldendoodle_05,2026-01-27 03:59:08,2026-01-27 03:59:14.980963,6.98096347804619
step_onset_severe_high_baseline_goldendoodle_05,2026-01-27 03:59:14,2026-01-27 03:59:21.724579,7.724578524805609
step_onset_severe_high_baseline_goldendoodle_05,2026-01-27 03:59:37,2026-01-27 03:59:45.592998,8.592997549893843
step_onset_severe_high_baseline_goldendoodle_05,2026-01-27 03:59:04,2026-01-27 03:59:11.898633,7.898632581522669
step_onset_severe_high_baseline_goldendoodle_05,2026-01-27 03:59:25,2026-01-27 03:59:35.933310,10.933310344221008
step_onset_severe_high_baseline_goldendoodle_05,2026-01-27 03:59:08,2026-01-27 03:59:15.467865,7.467864663531683
step_onset_severe_high_baseline_goldendoodle_05,2026-01-27 15:15:30,2026-01-27 15:15:39.616525,9.616525351518426
step_onset_severe_high_baseline_goldendoodle_05,2026-01-27 07:58:52,2026-01-27 07:58:57.087934,5.087934329259193
step_onset_severe_high_baseline_goldendoodle_05,2026-01-27 14:34:17,2026-01-27 14:34:22.009045,5.009045008999958
step_onset_severe_high_baseline_goldendoodle_05,2026-01-27 07:04:05,2026-01-27 07:04:14.308941,9.308940733441487
step_onset_severe_high_baseline_goldendoodle_05,2026-01-27 11:18:25,2026-01-27 11:18:35.570131,10.570130819667295
step_onset_severe_high_baseline_goldendoodle_05,2026-01-27 10:44:41,2026-01-27 10:44:49.688688,8.688687742246431
step_onset_severe_high_baseline_goldendoodle_05,2026-01-27 09:51:22,2026-01-27 09:51:28.538638,6.538638461514081
step_onset_severe_high_baseline_goldendoodle_05,2026-01-27 18:29:06,2026-01-27 18:29:11.033088,5.033088319046978
step_onset_severe_high_baseline_goldendoodle_05,2026-01-27 08:02:28,2026-01-27 08:02:33.605006,5.605006330712673
step_onset_severe_high_baseline_goldendoodle_05,2026-01-27 14:01:30,2026-01-27 14:01:35.453117,5.453116582794197
step_onset_severe_high_baseline_goldendoodle_05,2026-01-27 20:08:07,2026-01-27 20:08:16.512759,9.512758682614193
step_onset_severe_high_baseline_goldendoodle_05,2026-01-27 11:00:45,2026-01-27 11:00:53.618138,8.618137706532652
step_onset_severe_high_baseline_goldendoodle_05,2026-01-27 20:01:41,2026-01-27 20:01:49.262617,8.262616531944143
step_onset_severe_high_baseline_goldendoodle_05,2026-01-27 13:56:20,2026-01-27 13:56:26.301622,6.301621633375053
step_onset_severe_high_baseline_goldendoodle_05,2026-01-27 12:32:15,2026-01-27 12:32:24.380795,9.380795143065821
step_onset_severe_high_baseline_goldendoodle_05,2026-01-27 21:47:58,2026-01-27 21:48:03.571415,5.571415100207511
step_onset_severe_high_baseline_goldendoodle_05,2026-01-27 06:40:41,2026-01-27 06:40:48.038722,7.038721921216598
step_onset_severe_high_baseline_goldendoodle_05,2026-01-27 11:51:24,2026-01-27 11:51:32.946302,8.946302016085935
step_onset_severe_high_baseline_goldendoodle_05,2026-01-27 06:02:07,2026-01-27 06:02:13.565343,6.565343309721646
step_onset_severe_high_baseline_goldendoodle_05,2026-01-27 06:04:41,2026-01-27 06:04:46.885609,5.885608713903721
step_onset_severe_high_baseline_goldendoodle_05,2026-01-27 10:02:35,2026-01-27 10:02:41.465379,6.465379473568949
step_onset_severe_high_baseline_goldendoodle_05,2026-01-27 21:58:52,2026-01-27 21:59:03.496099,11.496099209183805
step_onset_severe_high_baseline_goldendoodle_05,2026-01-27 15:00:00,2026-01-27 15:01:15.000000,75.0
step_onset_severe_high_baseline_goldendoodle_05,2026-01-28 16:00:15,2026-01-28 16:00:21.432796,6.432795756666854
step_onset_severe_high_baseline_goldendoodle_05,2026-01-28 16:06:16,2026-01-28 16:06:23.607016,7.607015954307084
step_onset_severe_high_baseline_goldendoodle_05,2026-01-28 16:12:45,2026-01-28 16:12:53.372748,8.372748100974386
step_onset_severe_high_baseline_goldendoodle_05,2026-01-28 16:18:04,2026-01-28 16:18:12.942689,8.942689268790238
step_onset_severe_high_baseline_goldendoodle_05,2026-01-28 16:24:23,2026-01-28 16:24:33.929238,10.929237874910687
step_onset_severe_high_baseline_goldendoodle_05,2026-01-28 16:30:17,2026-01-28 16:30:27.777653,10.777652540870111
step_onset_severe_high_baseline_goldendoodle_05,2026-01-28 16:36:37,2026-01-28 16:36:43.745226,6.74522606467161
step_onset_severe_high_baseline_goldendoodle_05,2026-01-28 16:42:56,2026-01-28 16:43:07.404421,11.404420897316758
step_onset_severe_high_baseline_goldendoodle_05,2026-01-28 16:48:27,2026-01-28 16:48:33.555095,6.555094640241938
step_onset_severe_high_baseline_goldendoodle_05,2026-01-28 16:54:29,2026-01-28 16:54:36.996351,7.996351023964597
step_onset_severe_high_baseline_goldendoodle_05,2026-01-28 16:59:51,2026-01-28 17:00:00.882406,9.882405508012464
step_onset_severe_high_baseline_goldendoodle_05,2026-01-28 16:59:19,2026-01-28 16:59:28.101717,9.101717167248369
step_onset_severe_high_baseline_goldendoodle_05,2026-01-28 16:59:38,2026-01-28 16:59:43.129851,5.129851397370374
step_onset_severe_high_baseline_goldendoodle_05,2026-01-28 16:59:45,2026-01-28 16:59:53.158811,8.158810830668036
step_onset_severe_high_baseline_goldendoodle_05,2026-01-28 16:59:01,2026-01-28 16:59:08.304967,7.3049674432683815
step_onset_severe_high_baseline_goldendoodle_05,2026-01-28 16:59:26,2026-01-28 16:59:35.947458,9.947458412998362
step_onset_severe_high_baseline_goldendoodle_05,2026-01-28 16:59:25,2026-01-28 16:59:32.954224,7.954224119980549
step_onset_severe_high_baseline_goldendoodle_05,2026-01-28 16:59:09,2026-01-28 16:59:14.044878,5.04487841031588
step_onset_severe_high_baseline_goldendoodle_05,2026-01-28 16:59:34,2026-01-28 16:59:43.523705,9.523704757172132
step_onset_severe_high_baseline_goldendoodle_05,2026-01-28 16:59:17,2026-01-28 16:59:24.282368,7.282367575589915
step_onset_severe_high_baseline_goldendoodle_05,2026-01-28 16:59:23,2026-01-28 16:59:31.249181,8.249180693985425
step_onset_severe_high_baseline_goldendoodle_05,2026-01-28 16:59:22,2026-01-28 16:59:30.558095,8.558095002171891
step_onset_severe_high_baseline_goldendoodle_05,2026-01-28 16:59:44,2026-01-28 16:59:54.817836,10.81783584271445
step_onset_severe_high_baseline_goldendoodle_05,2026-01-28 16:59:28,2026-01-28 16:59:37.806470,9.806469943734152
step_onset_severe_high_baseline_goldendoodle_05,2026-01-28 16:59:47,2026-01-28 16:59:52.919189,5.919188854722526
step_onset_severe_high_baseline_goldendoodle_05,2026-01-28 16:59:10,2026-01-28 16:59:21.486403,11.48640254854204
step_onset_severe_high_baseline_goldendoodle_05,2026-01-28 16:59:27,2026-01-28 16:59:33.304443,6.304443139370138
step_onset_severe_high_baseline_goldendoodle_05,2026-01-28 16:59:11,2026-01-28 16:59:16.232507,5.2325067137559245
step_onset_severe_high_baseline_goldendoodle_05,2026-01-28 16:59:56,2026-01-28 17:00:01.172700,5.172700186969768
step_onset_severe_high_baseline_goldendoodle_05,2026-01-28 16:59:06,2026-01-28 16:59:16.134526,10.134526276464856
step_onset_severe_high_baseline_goldendoodle_05,2026-01-28 16:59:20,2026-01-28 16:59:27.551530,7.5515298818006045
step_onset_severe_high_baseline_goldendoodle_05,2026-01-28 16:59:49,2026-01-28 17:00:00.480904,11.480904368251576
step_onset_severe_high_baseline_goldendoodle_05,2026-01-28 16:59:00,2026-01-28 16:59:06.507278,6.507277573109263
step_onset_severe_high_baseline_goldendoodle_05,2026-01-28 16:59:50,2026-01-28 16:59:56.783545,6.783545003581063
step_onset_severe_high_baseline_goldendoodle_05,2026-01-28 16:59:48,2026-01-28 16:59:56.241294,8.241294384691964
step_onset_severe_high_baseline_goldendoodle_05,2026-01-28 16:59:58,2026-01-28 17:00:07.734143,9.734142983262052
step_onset_severe_high_baseline_goldendoodle_05,2026-01-28 16:59:14,2026-01-28 16:59:23.778693,9.778693475910115
step_onset_severe_high_baseline_goldendoodle_05,2026-01-28 16:59:58,2026-01-28 17:00:04.609335,6.609334512097873
step_onset_severe_high_baseline_goldendoodle_05,2026-01-28 16:59:07,2026-01-28 16:59:16.098167,9.098166828985464
step_onset_severe_high_baseline_goldendoodle_05,2026-01-28 16:59:10,2026-01-28 16:59:16.103913,6.103912745347229
step_onset_severe_high_baseline_goldendoodle_05,2026-01-28 19:52:03,2026-01-28 19:52:12.044201,9.044201430091354
step_onset_severe_high_baseline_goldendoodle_05,2026-01-28 14:51:54,2026-01-28 14:52:01.766549,7.7665489445557725
step_onset_severe_high_baseline_goldendoodle_05,2026-01-28 17:53:18,2026-01-28 17:53:28.444262,10.444262369400862
step_onset_severe_high_baseline_goldendoodle_05,2026-01-28 06:09:58,2026-01-28 06:10:07.675030,9.675029783566865
step_onset_severe_high_baseline_goldendoodle_05,2026-01-28 18:56:31,2026-01-28 18:56:37.121058,6.121057698474078
step_onset_severe_high_baseline_goldendoodle_05,2026-01-28 06:19:10,2026-01-28 06:19:21.004216,11.004215510773806
step_onset_severe_high_baseline_goldendoodle_05,2026-01-28 13:42:31,2026-01-28 13:42:40.021344,9.02134412463574
step_onset_severe_high_baseline_goldendoodle_05,2026-01-28 10:40:39,2026-01-28 10:40:48.179661,9.179661221283574
step_onset_severe_high_baseline_goldendoodle_05,2026-01-28 15:43:09,2026-01-28 15:43:14.021916,5.0219162438355855
step_onset_severe_high_baseline_goldendoodle_05,2026-01-28 19:59:46,2026-01-28 19:59:56.770914,10.770914073422679
step_onset_severe_high_baseline_goldendoodle_05,2026-01-28 18:00:48,2026-01-28 18:00:55.853361,7.853360788974583
step_onset_severe_high_baseline_goldendoodle_05,2026-01-28 06:04:55,2026-01-28 06:05:06.484216,11.48421641629742
step_onset_severe_high_baseline_goldendoodle_05,2026-01-28 13:15:37,2026-01-28 13:15:46.977104,9.977103633628024
step_onset_severe_high_baseline_goldendoodle_05,2026-01-28 19:52:59,2026-01-28 19:53:08.341944,9.341943674142481
step_onset_severe_high_baseline_goldendoodle_05,2026-01-28 16:47:19,2026-01-28 16:47:29.704612,10.704612024876305
step_onset_severe_high_baseline_goldendoodle_05,2026-01-28 15:56:17,2026-01-28 15:56:23.787074,6.7870740201682755
step_onset_severe_high_baseline_goldendoodle_05,2026-01-28 17:16:44,2026-01-28 17:16:50.394506,6.39450600564652
step_onset_severe_high_baseline_goldendoodle_05,2026-01-28 16:55:14,2026-01-28 16:55:24.057122,10.057122224904
step_onset_severe_high_baseline_goldendoodle_05,2026-01-28 21:08:22,2026-01-28 21:08:28.796921,6.79692100910721
step_onset_severe_high_baseline_goldendoodle_05,2026-01-28 11:35:15,2026-01-28 11:35:23.225023,8.225023159404257
step_onset_severe_high_baseline_goldendoodle_05,2026-01-28 19:09:08,2026-01-28 19:09:18.069671,10.06967133071439
step_onset_severe_high_baseline_goldendoodle_05,2026-01-28 21:44:28,2026-01-28 21:44:35.952178,7.952178254128051
step_onset_severe_high_baseline_goldendoodle_05,2026-01-29 01:00:33,2026-01-29 01:00:38.422795,5.4227954730338235
step_onset_severe_high_baseline_goldendoodle_05,2026-01-29 01:06:41,2026-01-29 01:06:48.557784,7.557783549606291
step_onset_severe_high_baseline_goldendoodle_05,2026-01-29 01:12:09,2026-01-29 01:12:18.102848,9.102847881821653
step_onset_severe_high_baseline_goldendoodle_05,2026-01-29 01:18:55,2026-01-29 01:19:02.710367,7.71036675687551
step_onset_severe_high_baseline_goldendoodle_05,2026-01-29 01:24:29,2026-01-29 01:24:36.895593,7.895593464589597
step_onset_severe_high_baseline_goldendoodle_05,2026-01-29 01:30:37,2026-01-29 01:30:44.805662,7.805661797369604
step_onset_severe_high_baseline_goldendoodle_05,2026-01-29 01:36:33,2026-01-29 01:36:40.905133,7.905133409911216
step_onset_severe_high_baseline_goldendoodle_05,2026-01-29 01:42:02,2026-01-29 01:42:08.352536,6.352536084320415
step_onset_severe_high_baseline_goldendoodle_05,2026-01-29 01:48:19,2026-01-29 01:48:24.297400,5.297399555289401
step_onset_severe_high_baseline_goldendoodle_05,2026-01-29 01:54:40,2026-01-29 01:54:48.858304,8.85830356622823
step_onset_severe_high_baseline_goldendoodle_05,2026-01-29 01:59:33,2026-01-29 01:59:44.433699,11.43369865584907
step_onset_severe_high_baseline_goldendoodle_05,2026-01-29 01:59:11,2026-01-29 01:59:17.617542,6.617542340180614
step_onset_severe_high_baseline_goldendoodle_05,2026-01-29 01:59:30,2026-01-29 01:59:37.089063,7.089063148725551
step_onset_severe_high_baseline_goldendoodle_05,2026-01-29 01:59:37,2026-01-29 01:59:46.022413,9.022413192933005
step_onset_severe_high_baseline_goldendoodle_05,2026-01-29 01:59:45,2026-01-29 01:59:52.685270,7.685269672517739
step_onset_severe_high_baseline_goldendoodle_05,2026-01-29 01:59:25,2026-01-29 01:59:34.389001,9.38900062709199
step_onset_severe_high_baseline_goldendoodle_05,2026-01-29 01:59:23,2026-01-29 01:59:31.499144,8.499144431603476
step_onset_severe_high_baseline_goldendoodle_05,2026-01-29 01:59:09,2026-01-29 01:59:18.753555,9.753554650457952
step_onset_severe_high_baseline_goldendoodle_05,2026-01-29 01:59:58,2026-01-29 02:00:05.436216,7.436215950582738
step_onset_severe_high_baseline_goldendoodle_05,2026-01-29 01:59:54,2026-01-29 02:00:02.700676,8.700676410563444
step_onset_severe_high_baseline_goldendoodle_05,2026-01-29 01:59:58,2026-01-29 02:00:07.148616,9.148615878042806
step_onset_severe_high_baseline_goldendoodle_05,2026-01-29 01:59:17,2026-01-29 01:59:24.592659,7.592659447653217
step_onset_severe_high_baseline_goldendoodle_05,2026-01-29 01:59:37,2026-01-29 01:59:43.783558,6.783558474129017
step_onset_severe_high_baseline_goldendoodle_05,2026-01-29 01:59:47,2026-01-29 01:59:53.500503,6.50050289288809
step_onset_severe_high_baseline_goldendoodle_05,2026-01-29 01:59:01,2026-01-29 01:59:12.116727,11.116726826419082
step_onset_severe_high_baseline_goldendoodle_05,2026-01-29 01:59:54,2026-01-29 02:00:02.378762,8.378761858995418
step_onset_severe_high_baseline_goldendoodle_05,2026-01-29 01:59:39,2026-01-29 01:59:49.998678,10.998677872471868
step_onset_severe_high_baseline_goldendoodle_05,2026-01-29 01:59:40,2026-01-29 01:59:45.553277,5.553276559963063
step_onset_severe_high_baseline_goldendoodle_05,2026-01-29 01:59:38,2026-01-29 01:59:43.716575,5.716574564379213
step_onset_severe_high_baseline_goldendoodle_05,2026-01-29 01:59:48,2026-01-29 01:59:57.308985,9.308985160339097
step_onset_severe_high_baseline_goldendoodle_05,2026-01-29 01:59:45,2026-01-29 01:59:56.183649,11.18364853977123
step_onset_severe_high_baseline_goldendoodle_05,2026-01-29 01:59:30,2026-01-29 01:59:39.021920,9.021920214676618
step_onset_severe_high_baseline_goldendoodle_05,2026-01-29 01:59:10,2026-01-29 01:59:20.777010,10.77700983968024
step_onset_severe_high_baseline_goldendoodle_05,2026-01-29 01:59:54,2026-01-29 02:00:04.183176,10.183176399673338
step_onset_severe_high_baseline_goldendoodle_05,2026-01-29 01:59:33,2026-01-29 01:59:38.971830,5.971829607749798
step_onset_severe_high_baseline_goldendoodle_05,2026-01-29 01:59:24,2026-01-29 01:59:35.431201,11.431200777898585
step_onset_severe_high_baseline_goldendoodle_05,2026-01-29 01:59:31,2026-01-29 01:59:39.874450,8.874449749457234
step_onset_severe_high_baseline_goldendoodle_05,2026-01-29 01:59:50,2026-01-29 02:00:01.237529,11.237528685299157
step_onset_severe_high_baseline_goldendoodle_05,2026-01-29 01:59:23,2026-01-29 01:59:33.565600,10.56559995686917
step_onset_severe_high_baseline_goldendoodle_05,2026-01-29 01:59:40,2026-01-29 01:59:47.921922,7.921921527862798
step_onset_severe_high_baseline_goldendoodle_05,2026-01-29 01:59:18,2026-01-29 01:59:25.790924,7.7909238084755925
step_onset_severe_high_baseline_goldendoodle_05,2026-01-29 01:59:41,2026-01-29 01:59:47.776301,6.776301218104717
step_onset_severe_high_baseline_goldendoodle_05,2026-01-29 01:59:26,2026-01-29 01:59:32.499745,6.499745248102982
step_onset_severe_high_baseline_goldendoodle_05,2026-01-29 01:59:34,2026-01-29 01:59:39.184313,5.1843129533494
step_onset_severe_high_baseline_goldendoodle_05,2026-01-29 01:59:56,2026-01-29 02:00:04.526808,8.526808173279866
step_onset_severe_high_baseline_goldendoodle_05,2026-01-29 01:59:53,2026-01-29 02:00:02.878798,9.878797625194826
step_onset_severe_high_baseline_goldendoodle_05,2026-01-29 01:59:14,2026-01-29 01:59:19.866387,5.866386789313833
step_onset_severe_high_baseline_goldendoodle_05,2026-01-29 01:59:52,2026-01-29 01:59:58.300447,6.30044744133694
step_onset_severe_high_baseline_goldendoodle_05,2026-01-29 01:59:44,2026-01-29 01:59:49.713445,5.713444773619978
step_onset_severe_high_baseline_goldendoodle_05,2026-01-29 01:59:22,2026-01-29 01:59:27.434730,5.434729738075978
step_onset_severe_high_baseline_goldendoodle_05,2026-01-29 01:59:09,2026-01-29 01:59:15.624459,6.624458832492329
step_onset_severe_high_baseline_goldendoodle_05,2026-01-29 01:59:38,2026-01-29 01:59:44.080018,6.080018285737145
step_onset_severe_high_baseline_goldendoodle_05,2026-01-29 01:59:40,2026-01-29 01:59:49.595312,9.595311877548328
step_onset_severe_high_baseline_goldendoodle_05,2026-01-29 01:59:40,2026-01-29 01:59:46.924890,6.924890031088216
step_onset_severe_high_baseline_goldendoodle_05,2026-01-29 01:59:28,2026-01-29 01:59:36.301571,8.30157068132678
step_onset_severe_high_baseline_goldendoodle_05,2026-01-29 01:59:02,2026-01-29 01:59:09.605153,7.605152508886021
step_onset_severe_high_baseline_goldendoodle_05,2026-01-29 01:59:49,2026-01-29 01:59:54.585298,5.585298086374135
step_onset_severe_high_baseline_goldendoodle_05,2026-01-29 01:59:39,2026-01-29 01:59:44.106532,5.106531697046583
step_onset_severe_high_baseline_goldendoodle_05,2026-01-29 01:59:27,2026-01-29 01:59:38.025732,11.025732215603638
step_onset_severe_high_baseline_goldendoodle_05,2026-01-29 01:59:18,2026-01-29 01:59:24.227626,6.227625723032121
step_onset_severe_high_baseline_goldendoodle_05,2026-01-29 01:59:52,2026-01-29 02:00:02.993115,10.993115016566287
step_onset_severe_high_baseline_goldendoodle_05,2026-01-29 10:52:45,2026-01-29 10:52:51.201414,6.201413925875942
step_onset_severe_high_baseline_goldendoodle_05,2026-01-29 08:21:59,2026-01-29 08:22:05.245485,6.245485243896787
step_onset_severe_high_baseline_goldendoodle_05,2026-01-29 17:46:13,2026-01-29 17:46:23.020986,10.020986112549037
step_onset_severe_high_baseline_goldendoodle_05,2026-01-29 08:51:00,2026-01-29 08:51:11.003673,11.003672725610155
step_onset_severe_high_baseline_goldendoodle_05,2026-01-29 06:54:19,2026-01-29 06:54:30.354287,11.354286745242426
step_onset_severe_high_baseline_goldendoodle_05,2026-01-29 13:25:16,2026-01-29 13:25:21.501072,5.501071898198751
step_onset_severe_high_baseline_goldendoodle_05,2026-01-29 12:55:36,2026-01-29 12:55:45.109755,9.109754865178742
step_onset_severe_high_baseline_goldendoodle_05,2026-01-29 11:31:07,2026-01-29 11:31:16.611551,9.611550635585376
step_onset_severe_high_baseline_goldendoodle_05,2026-01-29 11:40:55,2026-01-29 11:41:03.291838,8.291838055449675
step_onset_severe_high_baseline_goldendoodle_05,2026-01-29 15:39:23,2026-01-29 15:39:31.095520,8.095519797161598
step_onset_severe_high_baseline_goldendoodle_05,2026-01-29 18:39:08,2026-01-29 18:39:19.592693,11.592692730490878
step_onset_severe_high_baseline_goldendoodle_05,2026-01-29 18:05:22,2026-01-29 18:05:33.249745,11.249744774383663
step_onset_severe_high_baseline_goldendoodle_05,2026-01-29 19:12:18,2026-01-29 19:12:23.993517,5.9935168334249544
step_onset_severe_high_baseline_goldendoodle_05,2026-01-29 10:50:13,2026-01-29 10:50:20.460098,7.460098278632409
step_onset_severe_high_baseline_goldendoodle_05,2026-01-29 15:19:49,2026-01-29 15:19:58.131655,9.131655289544867
step_onset_severe_high_baseline_goldendoodle_05,2026-01-29 14:24:38,2026-01-29 14:24:44.610868,6.610867965793888
step_onset_severe_high_baseline_goldendoodle_05,2026-01-29 16:37:04,2026-01-29 16:37:14.626497,10.626497053702812
step_onset_severe_high_baseline_goldendoodle_05,2026-01-29 11:51:40,2026-01-29 11:51:49.252134,9.252133741011543
step_onset_severe_high_baseline_goldendoodle_05,2026-01-29 07:37:53,2026-01-29 07:37:59.257113,6.257113240072874
step_onset_severe_high_baseline_goldendoodle_05,2026-01-29 18:46:21,2026-01-29 18:46:26.886364,5.886364319285337
step_onset_severe_high_baseline_goldendoodle_05,2026-01-29 07:15:13,2026-01-29 07:15:23.768745,10.768745310908292
step_onset_severe_high_baseline_goldendoodle_05,2026-01-29 09:38:02,2026-01-29 09:38:10.092123,8.092123426446559
step_onset_severe_high_baseline_goldendoodle_05,2026-01-30 17:00:07,2026-01-30 17:00:15.787781,8.787781053527526
step_onset_severe_high_baseline_goldendoodle_05,2026-01-30 17:06:50,2026-01-30 17:06:59.024391,9.02439058300682
step_onset_severe_high_baseline_goldendoodle_05,2026-01-30 17:12:44,2026-01-30 17:12:50.285464,6.285464410358889
step_onset_severe_high_baseline_goldendoodle_05,2026-01-30 17:18:12,2026-01-30 17:18:17.934628,5.934627890208804
step_onset_severe_high_baseline_goldendoodle_05,2026-01-30 17:24:38,2026-01-30 17:24:43.761222,5.761221550986205
step_onset_severe_high_baseline_goldendoodle_05,2026-01-30 17:30:29,2026-01-30 17:30:35.361415,6.361414836445864
step_onset_severe_high_baseline_goldendoodle_05,2026-01-30 17:36:55,2026-01-30 17:37:01.498137,6.4981365166618845
step_onset_severe_high_baseline_goldendoodle_05,2026-01-30 17:42:39,2026-01-30 17:42:46.959275,7.959275160092844
step_onset_severe_high_baseline_goldendoodle_05,2026-01-30 17:48:09,2026-01-30 17:48:20.372134,11.372134224778577
step_onset_severe_high_baseline_goldendoodle_05,2026-01-30 17:54:33,2026-01-30 17:54:42.953349,9.95334933563922
step_onset_severe_high_baseline_goldendoodle_05,2026-01-30 17:59:08,2026-01-30 17:59:15.691920,7.6919196809288275
step_onset_severe_high_baseline_goldendoodle_05,2026-01-30 17:59:41,2026-01-30 17:59:48.983031,7.983031133941793
step_onset_severe_high_baseline_goldendoodle_05,2026-01-30 17:59:29,2026-01-30 17:59:38.673738,9.673738319453502
step_onset_severe_high_baseline_goldendoodle_05,2026-01-30 17:59:02,2026-01-30 17:59:12.421063,10.421063282550723
step_onset_severe_high_baseline_goldendoodle_05,2026-01-30 17:59:16,2026-01-30 17:59:21.706548,5.706547590472297
step_onset_severe_high_baseline_goldendoodle_05,2026-01-30 17:59:20,2026-01-30 17:59:27.215103,7.215102645542923
step_onset_severe_high_baseline_goldendoodle_05,2026-01-30 17:59:25,2026-01-30 17:59:31.158241,6.158240814795578
step_onset_severe_high_baseline_goldendoodle_05,2026-01-30 17:59:42,2026-01-30 17:59:49.914351,7.914350929145355
step_onset_severe_high_baseline_goldendoodle_05,2026-01-30 17:59:41,2026-01-30 17:59:46.269584,5.269584308890708
step_onset_severe_high_baseline_goldendoodle_05,2026-01-30 17:59:47,2026-01-30 17:59:52.705889,5.705889450023992
step_onset_severe_high_baseline_goldendoodle_05,2026-01-30 17:59:07,2026-01-30 17:59:16.617289,9.617288821409874
step_onset_severe_high_baseline_goldendoodle_05,2026-01-30 17:59:48,2026-01-30 17:59:55.329376,7.329376143991946
step_onset_severe_high_baseline_goldendoodle_05,2026-01-30 17:59:55,2026-01-30 18:00:05.857696,10.857695694853534
step_onset_severe_high_baseline_goldendoodle_05,2026-01-30 17:59:01,2026-01-30 17:59:12.166077,11.166076664698117
step_onset_severe_high_baseline_goldendoodle_05,2026-01-30 17:59:59,2026-01-30 18:00:05.003807,6.003807036950387
step_onset_severe_high_baseline_goldendoodle_05,2026-01-30 17:59:50,2026-01-30 18:00:00.716665,10.71666522122354
step_onset_severe_high_baseline_goldendoodle_05,2026-01-30 17:59:20,2026-01-30 17:59:26.880745,6.880745256680608
step_onset_severe_high_baseline_goldendoodle_05,2026-01-30 17:59:42,2026-01-30 17:59:53.527277,11.527276850454744
step_onset_severe_high_baseline_goldendoodle_05,2026-01-30 17:59:47,2026-01-30 17:59:54.555702,7.555701596375845
step_onset_severe_high_baseline_goldendoodle_05,2026-01-30 17:59:25,2026-01-30 17:59:34.128569,9.12856944596075
step_onset_severe_high_baseline_goldendoodle_05,2026-01-30 17:59:12,2026-01-30 17:59:18.097256,6.097255555152253
step_onset_severe_high_baseline_goldendoodle_05,2026-01-30 17:59:39,2026-01-30 17:59:44.671279,5.67127883311841
step_onset_severe_high_baseline_goldendoodle_05,2026-01-30 17:59:56,2026-01-30 18:00:04.440544,8.440543886698325
step_onset_severe_high_baseline_goldendoodle_05,2026-01-30 17:59:20,2026-01-30 17:59:26.876918,6.876918397871631
step_onset_severe_high_baseline_goldendoodle_05,2026-01-30 17:59:48,2026-01-30 17:59:53.029088,5.02908769660506
step_onset_severe_high_baseline_goldendoodle_05,2026-01-30 17:59:18,2026-01-30 17:59:23.235460,5.235459652973395
step_onset_severe_high_baseline_goldendoodle_05,2026-01-30 17:59:46,2026-01-30 17:59:54.064368,8.06436830841096
step_onset_severe_high_baseline_goldendoodle_05,2026-01-30 17:59:10,2026-01-30 17:59:16.696909,6.696909412220287
step_onset_severe_high_baseline_goldendoodle_05,2026-01-30 17:59:08,2026-01-30 17:59:17.785419,9.785419312633964
step_onset_severe_high_baseline_goldendoodle_05,2026-01-30 17:59:03,2026-01-30 17:59:13.402149,10.402149178904292
step_onset_severe_high_baseline_goldendoodle_05,2026-01-30 17:59:59,2026-01-30 18:00:04.669567,5.669566642482787
step_onset_severe_high_baseline_goldendoodle_05,2026-01-30 17:59:24,2026-01-30 17:59:29.222599,5.222598990888723
step_onset_severe_high_baseline_goldendoodle_05,2026-01-30 17:59:47,2026-01-30 17:59:52.107668,5.10766837020039
step_onset_severe_high_baseline_goldendoodle_05,2026-01-30 17:59:21,2026-01-30 17:59:27.831497,6.831496930345983
step_onset_severe_high_baseline_goldendoodle_05,2026-01-30 17:59:32,2026-01-30 17:59:40.226592,8.22659209543702
step_onset_severe_high_baseline_goldendoodle_05,2026-01-30 17:59:12,2026-01-30 17:59:18.617715,6.617714663151533
step_onset_severe_high_baseline_goldendoodle_05,2026-01-30 17:59:34,2026-01-30 17:59:41.235046,7.235046214357163
step_onset_severe_high_baseline_goldendoodle_05,2026-01-30 17:59:23,2026-01-30 17:59:33.589352,10.589351984863418
step_onset_severe_high_baseline_goldendoodle_05,2026-01-30 17:59:50,2026-01-30 17:59:58.179753,8.179752623671423
step_onset_severe_high_baseline_goldendoodle_05,2026-01-30 17:59:03,2026-01-30 17:59:13.579547,10.579546609888355
step_onset_severe_high_baseline_goldendoodle_05,2026-01-30 17:59:51,2026-01-30 17:59:59.017869,8.017868557988695
step_onset_severe_high_baseline_goldendoodle_05,2026-01-30 17:59:58,2026-01-30 18:00:04.389268,6.3892676684703895
step_onset_severe_high_baseline_goldendoodle_05,2026-01-30 17:59:46,2026-01-30 17:59:54.176797,8.176796634975934
step_onset_severe_high_baseline_goldendoodle_05,2026-01-30 17:59:04,2026-01-30 17:59:09.698640,5.698639517089838
step_onset_severe_high_baseline_goldendoodle_05,2026-01-30 17:59:04,2026-01-30 17:59:13.892997,9.892996556078556
step_onset_severe_high_baseline_goldendoodle_05,2026-01-30 17:59:17,2026-01-30 17:59:25.934490,8.934490331752905
step_onset_severe_high_baseline_goldendoodle_05,2026-01-30 08:28:12,2026-01-30 08:28:23.543703,11.543703317192819
step_onset_severe_high_baseline_goldendoodle_05,2026-01-30 17:24:23,2026-01-30 17:24:34.591271,11.591271247621409
step_onset_severe_high_baseline_goldendoodle_05,2026-01-30 06:55:33,2026-01-30 06:55:43.149573,10.149572679053419
step_onset_severe_high_baseline_goldendoodle_05,2026-01-30 18:33:49,2026-01-30 18:33:58.121929,9.12192933051262
step_onset_severe_high_baseline_goldendoodle_05,2026-01-30 17:07:30,2026-01-30 17:07:37.887167,7.887167001680512
step_onset_severe_high_baseline_goldendoodle_05,2026-01-30 10:14:58,2026-01-30 10:15:03.591694,5.59169372645432
step_onset_severe_high_baseline_goldendoodle_05,2026-01-30 10:28:12,2026-01-30 10:28:19.153711,7.153711125738979
step_onset_severe_high_baseline_goldendoodle_05,2026-01-30 18:13:28,2026-01-30 18:13:33.747418,5.747417516715986
step_onset_severe_high_baseline_goldendoodle_05,2026-01-30 09:45:51,2026-01-30 09:45:58.691998,7.691998313136594
step_onset_severe_high_baseline_goldendoodle_05,2026-01-30 15:33:28,2026-01-30 15:33:38.311578,10.31157810389277
step_onset_severe_high_baseline_goldendoodle_05,2026-01-30 06:31:08,2026-01-30 06:31:15.002874,7.002874289053482
step_onset_severe_high_baseline_goldendoodle_05,2026-01-30 07:45:50,2026-01-30 07:45:56.641982,6.6419819557127555
step_onset_severe_high_baseline_goldendoodle_05,2026-01-30 15:20:55,2026-01-30 15:21:00.735763,5.735762563538266
step_onset_severe_high_baseline_goldendoodle_05,2026-01-30 17:53:24,2026-01-30 17:53:31.010057,7.010056657305083
step_onset_severe_high_baseline_goldendoodle_05,2026-01-30 20:36:29,2026-01-30 20:36:38.039896,9.03989569901798
step_onset_severe_high_baseline_goldendoodle_05,2026-01-30 11:05:12,2026-01-30 11:05:22.131025,10.131025089226753
step_onset_severe_high_baseline_goldendoodle_05,2026-01-30 16:17:57,2026-01-30 16:18:06.669753,9.669752895377956
step_onset_severe_high_baseline_goldendoodle_05,2026-01-30 16:30:47,2026-01-30 16:30:53.824871,6.824870830630327
step_onset_severe_high_baseline_goldendoodle_05,2026-01-30 06:35:56,2026-01-30 06:36:05.342095,9.342094674147784
step_onset_severe_high_baseline_goldendoodle_05,2026-01-30 16:34:05,2026-01-30 16:34:15.802388,10.802388013696437
step_onset_severe_high_baseline_goldendoodle_05,2026-01-30 10:18:54,2026-01-30 10:19:01.065916,7.065916459761693
step_onset_severe_high_baseline_goldendoodle_05,2026-01-30 11:27:17,2026-01-30 11:27:23.983752,6.98375210081854
step_onset_severe_high_baseline_goldendoodle_05,2026-01-31 06:00:02,2026-01-31 06:00:10.203196,8.20319629439331
step_onset_severe_high_baseline_goldendoodle_05,2026-01-31 06:06:10,2026-01-31 06:06:18.786412,8.7864116230057
step_onset_severe_high_baseline_goldendoodle_05,2026-01-31 06:12:53,2026-01-31 06:13:00.652710,7.652710111331272
step_onset_severe_high_baseline_goldendoodle_05,2026-01-31 06:18:07,2026-01-31 06:18:14.874749,7.87474919187874
step_onset_severe_high_baseline_goldendoodle_05,2026-01-31 06:24:34,2026-01-31 06:24:39.176774,5.176774254958657
step_onset_severe_high_baseline_goldendoodle_05,2026-01-31 06:30:33,2026-01-31 06:30:39.247099,6.247099082696006
step_onset_severe_high_baseline_goldendoodle_05,2026-01-31 06:36:50,2026-01-31 06:37:01.531691,11.531691245821909
step_onset_severe_high_baseline_goldendoodle_05,2026-01-31 06:42:51,2026-01-31 06:43:02.240825,11.240824753130585
step_onset_severe_high_baseline_goldendoodle_05,2026-01-31 06:48:15,2026-01-31 06:48:25.252698,10.252697732325512
step_onset_severe_high_baseline_goldendoodle_05,2026-01-31 06:54:15,2026-01-31 06:54:21.423563,6.423563248110127
step_onset_severe_high_baseline_goldendoodle_05,2026-01-31 06:59:33,2026-01-31 06:59:44.540565,11.540565064070721
step_onset_severe_high_baseline_goldendoodle_05,2026-01-31 06:59:09,2026-01-31 06:59:19.517978,10.517977966585798
step_onset_severe_high_baseline_goldendoodle_05,2026-01-31 06:59:33,2026-01-31 06:59:40.456888,7.4568879497270535
step_onset_severe_high_baseline_goldendoodle_05,2026-01-31 06:59:28,2026-01-31 06:59:34.921082,6.921081876529799
step_onset_severe_high_baseline_goldendoodle_05,2026-01-31 06:59:06,2026-01-31 06:59:13.359469,7.359469305138021
step_onset_severe_high_baseline_goldendoodle_05,2026-01-31 06:59:59,2026-01-31 07:00:08.575705,9.575704921324748
step_onset_severe_high_baseline_goldendoodle_05,2026-01-31 06:59:10,2026-01-31 06:59:16.114854,6.114854443502447
step_onset_severe_high_baseline_goldendoodle_05,2026-01-31 06:59:49,2026-01-31 06:59:54.596118,5.5961178564764875
step_onset_severe_high_baseline_goldendoodle_05,2026-01-31 06:59:36,2026-01-31 06:59:41.981415,5.9814150457858215
step_onset_severe_high_baseline_goldendoodle_05,2026-01-31 06:59:13,2026-01-31 06:59:22.268355,9.268355194232003
step_onset_severe_high_baseline_goldendoodle_05,2026-01-31 06:59:02,2026-01-31 06:59:12.342356,10.34235612338531
step_onset_severe_high_baseline_goldendoodle_05,2026-01-31 06:59:50,2026-01-31 07:00:01.528399,11.528399412421937
step_onset_severe_high_baseline_goldendoodle_05,2026-01-31 06:59:17,2026-01-31 06:59:22.647652,5.64765205433471
step_onset_severe_high_baseline_goldendoodle_05,2026-01-31 06:59:22,2026-01-31 06:59:32.437604,10.437603993700657
step_onset_severe_high_baseline_goldendoodle_05,2026-01-31 06:59:30,2026-01-31 06:59:37.391030,7.3910300581705695
step_onset_severe_high_baseline_goldendoodle_05,2026-01-31 06:59:37,2026-01-31 06:59:47.763004,10.76300365254715
step_onset_severe_high_baseline_goldendoodle_05,2026-01-31 06:59:36,2026-01-31 06:59:42.019742,6.019742219076676
step_onset_severe_high_baseline_goldendoodle_05,2026-01-31 06:59:21,2026-01-31 06:59:27.816587,6.816586747406866
step_onset_severe_high_baseline_goldendoodle_05,2026-01-31 06:59:27,2026-01-31 06:59:34.449387,7.449386619298975
step_onset_severe_high_baseline_goldendoodle_05,2026-01-31 06:59:00,2026-01-31 06:59:10.265645,10.265645393843387
step_onset_severe_high_baseline_goldendoodle_05,2026-01-31 06:59:48,2026-01-31 06:59:59.232334,11.232333901605415
step_onset_severe_high_baseline_goldendoodle_05,2026-01-31 06:59:19,2026-01-31 06:59:24.431724,5.431723579088731
step_onset_severe_high_baseline_goldendoodle_05,2026-01-31 06:59:55,2026-01-31 07:00:00.880268,5.880267529609863
step_onset_severe_high_baseline_goldendoodle_05,2026-01-31 06:59:04,2026-01-31 06:59:15.286766,11.286766086216998
step_onset_severe_high_baseline_goldendoodle_05,2026-01-31 06:59:44,2026-01-31 06:59:54.199030,10.199029731163511
step_onset_severe_high_baseline_goldendoodle_05,2026-01-31 06:59:17,2026-01-31 06:59:24.555328,7.555328091534841
step_onset_severe_high_baseline_goldendoodle_05,2026-01-31 06:59:47,2026-01-31 06:59:54.724454,7.724453722131806
step_onset_severe_high_baseline_goldendoodle_05,2026-01-31 06:59:32,2026-01-31 06:59:40.103056,8.103056111162482
step_onset_severe_high_baseline_goldendoodle_05,2026-01-31 06:59:52,2026-01-31 07:00:03.510258,11.510257997414403
step_onset_severe_high_baseline_goldendoodle_05,2026-01-31 06:59:28,2026-01-31 06:59:38.380628,10.380627731423473
step_onset_severe_high_baseline_goldendoodle_05,2026-01-31 06:59:41,2026-01-31 06:59:52.297275,11.297275169492783
step_onset_severe_high_baseline_goldendoodle_05,2026-01-31 06:59:04,2026-01-31 06:59:09.874251,5.87425148533584
step_onset_severe_high_baseline_goldendoodle_05,2026-01-31 06:59:16,2026-01-31 06:59:27.435549,11.435548904560614
step_onset_severe_high_baseline_goldendoodle_05,2026-01-31 06:59:02,2026-01-31 06:59:12.751378,10.751378427931266
step_onset_severe_high_baseline_goldendoodle_05,2026-01-31 06:59:57,2026-01-31 07:00:05.414242,8.414241859596563
step_onset_severe_high_baseline_goldendoodle_05,2026-01-31 06:59:54,2026-01-31 07:00:05.607630,11.607629793285316
step_onset_severe_high_baseline_goldendoodle_05,2026-01-31 06:59:26,2026-01-31 06:59:34.389437,8.389436978811908
step_onset_severe_high_baseline_goldendoodle_05,2026-01-31 06:59:48,2026-01-31 06:59:56.938176,8.938175677999196
step_onset_severe_high_baseline_goldendoodle_05,2026-01-31 06:59:35,2026-01-31 06:59:40.735134,5.7351335633444975
step_onset_severe_high_baseline_goldendoodle_05,2026-01-31 06:59:46,2026-01-31 06:59:51.163056,5.163056407414411
step_onset_severe_high_baseline_goldendoodle_05,2026-01-31 06:59:52,2026-01-31 07:00:01.789820,9.789819821706843
step_onset_severe_high_baseline_goldendoodle_05,2026-01-31 06:59:47,2026-01-31 06:59:53.741007,6.741007266226597
step_onset_severe_high_baseline_goldendoodle_05,2026-01-31 06:59:34,2026-01-31 06:59:39.607865,5.607864873340694
step_onset_severe_high_baseline_goldendoodle_05,2026-01-31 06:59:51,2026-01-31 06:59:56.791751,5.791750943101265
step_onset_severe_high_baseline_goldendoodle_05,2026-01-31 06:59:38,2026-01-31 06:59:48.586210,10.586210136623732
step_onset_severe_high_baseline_goldendoodle_05,2026-01-31 06:59:50,2026-01-31 06:59:57.642521,7.642520603885517
step_onset_severe_high_baseline_goldendoodle_05,2026-01-31 06:59:22,2026-01-31 06:59:29.535588,7.535588494229873
step_onset_severe_high_baseline_goldendoodle_05,2026-01-31 06:59:48,2026-01-31 06:59:57.561233,9.5612331546387
step_onset_severe_high_baseline_goldendoodle_05,2026-01-31 06:59:28,2026-01-31 06:59:35.111449,7.111449137470268
step_onset_severe_high_baseline_goldendoodle_05,2026-01-31 06:59:12,2026-01-31 06:59:21.315105,9.31510546851238
step_onset_severe_high_baseline_goldendoodle_05,2026-01-31 06:59:47,2026-01-31 06:59:56.719747,9.719747257638353
step_onset_severe_high_baseline_goldendoodle_05,2026-01-31 06:59:49,2026-01-31 06:59:58.524777,9.524776543724236
step_onset_severe_high_baseline_goldendoodle_05,2026-01-31 06:59:06,2026-01-31 06:59:17.013282,11.013282103437257
step_onset_severe_high_baseline_goldendoodle_05,2026-01-31 06:59:19,2026-01-31 06:59:26.065206,7.065206436595456
step_onset_severe_high_baseline_goldendoodle_05,2026-01-31 06:59:29,2026-01-31 06:59:38.789849,9.789849322981945
step_onset_severe_high_baseline_goldendoodle_05,2026-01-31 06:59:46,2026-01-31 06:59:56.901803,10.901803433648153
step_onset_severe_high_baseline_goldendoodle_05,2026-01-31 06:59:16,2026-01-31 06:59:22.661193,6.6611934509393995
step_onset_severe_high_baseline_goldendoodle_05,2026-01-31 06:59:09,2026-01-31 06:59:18.286639,9.286639405927913
step_onset_severe_high_baseline_goldendoodle_05,2026-01-31 06:59:46,2026-01-31 06:59:51.862731,5.8627305210029315
step_onset_severe_high_baseline_goldendoodle_05,2026-01-31 06:59:06,2026-01-31 06:59:13.252132,7.252131502483146
step_onset_severe_high_baseline_goldendoodle_05,2026-01-31 06:59:12,2026-01-31 06:59:18.594644,6.594644079840309
step_onset_severe_high_baseline_goldendoodle_05,2026-01-31 06:59:34,2026-01-31 06:59:42.131164,8.131164116581923
step_onset_severe_high_baseline_goldendoodle_05,2026-01-31 06:59:31,2026-01-31 06:59:38.171469,7.171468645297478
step_onset_severe_high_baseline_goldendoodle_05,2026-01-31 06:59:24,2026-01-31 06:59:33.891570,9.891569785150503
step_onset_severe_high_baseline_goldendoodle_05,2026-01-31 19:46:56,2026-01-31 19:47:06.090679,10.090678999443305
step_onset_severe_high_baseline_goldendoodle_05,2026-01-31 17:48:58,2026-01-31 17:49:03.662670,5.6626700140146635
step_onset_severe_high_baseline_goldendoodle_05,2026-01-31 06:12:45,2026-01-31 06:12:53.632943,8.63294295639663
step_onset_severe_high_baseline_goldendoodle_05,2026-01-31 17:31:40,2026-01-31 17:31:48.470561,8.470561284595483
step_onset_severe_high_baseline_goldendoodle_05,2026-01-31 20:17:23,2026-01-31 20:17:32.044574,9.044573658987572
step_onset_severe_high_baseline_goldendoodle_05,2026-01-31 14:34:37,2026-01-31 14:34:45.237460,8.237459638129712
step_onset_severe_high_baseline_goldendoodle_05,2026-01-31 18:19:43,2026-01-31 18:19:48.018064,5.018064428984857
step_onset_severe_high_baseline_goldendoodle_05,2026-01-31 12:42:35,2026-01-31 12:42:41.184330,6.184330388415631
step_onset_severe_high_baseline_goldendoodle_05,2026-01-31 20:08:15,2026-01-31 20:08:25.663572,10.663572116817301
step_onset_severe_high_baseline_goldendoodle_05,2026-01-31 18:33:04,2026-01-31 18:33:09.015309,5.015309048269891
step_onset_severe_high_baseline_goldendoodle_05,2026-01-31 07:06:25,2026-01-31 07:06:32.421527,7.421527323431158
step_onset_severe_high_baseline_goldendoodle_05,2026-01-31 14:39:29,2026-01-31 14:39:35.270665,6.27066501124089
step_onset_severe_high_baseline_goldendoodle_05,2026-01-31 07:35:48,2026-01-31 07:35:59.516408,11.516408279080661
step_onset_severe_high_baseline_goldendoodle_05,2026-01-31 20:34:58,2026-01-31 20:35:08.278523,10.278523119327842
step_onset_severe_high_baseline_goldendoodle_05,2026-01-31 08:35:52,2026-01-31 08:35:58.587610,6.587609608126235
step_onset_severe_high_baseline_goldendoodle_05,2026-01-31 20:09:35,2026-01-31 20:09:44.165308,9.165308240267489
step_onset_severe_high_baseline_goldendoodle_05,2026-01-31 12:01:49,2026-01-31 12:01:58.414898,9.414897524897423
step_onset_severe_high_baseline_goldendoodle_05,2026-01-31 14:27:18,2026-01-31 14:27:24.047985,6.047985473492018
step_onset_severe_high_baseline_goldendoodle_05,2026-01-31 16:17:21,2026-01-31 16:17:28.560591,7.56059092600203
step_onset_severe_high_baseline_goldendoodle_05,2026-01-31 18:44:28,2026-01-31 18:44:33.093968,5.093967888926388
step_onset_severe_high_baseline_goldendoodle_05,2026-01-31 16:32:57,2026-01-31 16:33:05.887856,8.887855526149657
step_onset_severe_high_baseline_goldendoodle_05,2026-01-31 13:57:29,2026-01-31 13:57:35.240324,6.240323888757095
step_onset_severe_high_baseline_goldendoodle_05,2026-02-01 12:00:23,2026-02-01 12:00:34.614270,11.614269739005923
step_onset_severe_high_baseline_goldendoodle_05,2026-02-01 12:06:30,2026-02-01 12:06:35.735049,5.735049055780299
step_onset_severe_high_baseline_goldendoodle_05,2026-02-01 12:12:57,2026-02-01 12:13:04.553544,7.553544048355637
step_onset_severe_high_baseline_goldendoodle_05,2026-02-01 12:18:29,2026-02-01 12:18:40.322049,11.322048846332596
step_onset_severe_high_baseline_goldendoodle_05,2026-02-01 12:24:16,2026-02-01 12:24:23.978588,7.978588420105321
step_onset_severe_high_baseline_goldendoodle_05,2026-02-01 12:30:01,2026-02-01 12:30:05.980611,4.980610944696454
step_onset_severe_high_baseline_goldendoodle_05,2026-02-01 12:36:28,2026-02-01 12:36:37.214479,9.214478908748013
step_onset_severe_high_baseline_goldendoodle_05,2026-02-01 12:42:52,2026-02-01 12:43:02.984097,10.984097463498369
step_onset_severe_high_baseline_goldendoodle_05,2026-02-01 12:48:47,2026-02-01 12:48:56.697479,9.697478753576366
step_onset_severe_high_baseline_goldendoodle_05,2026-02-01 12:54:54,2026-02-01 12:55:00.461127,6.46112661029457
step_onset_severe_high_baseline_goldendoodle_05,2026-02-01 12:59:29,2026-02-01 12:59:38.413597,9.41359672821576
step_onset_severe_high_baseline_goldendoodle_05,2026-02-01 12:59:09,2026-02-01 12:59:18.452472,9.452471727090634
step_onset_severe_high_baseline_goldendoodle_05,2026-02-01 12:59:48,2026-02-01 12:59:56.465749,8.465749235402296
step_onset_severe_high_baseline_goldendoodle_05,2026-02-01 12:59:16,2026-02-01 12:59:22.764354,6.76435443008142
step_onset_severe_high_baseline_goldendoodle_05,2026-02-01 12:59:05,2026-02-01 12:59:11.486506,6.486505987973393
step_onset_severe_high_baseline_goldendoodle_05,2026-02-01 12:59:27,2026-02-01 12:59:32.498308,5.498307711963081
step_onset_severe_high_baseline_goldendoodle_05,2026-02-01 12:59:10,2026-02-01 12:59:17.372132,7.3721316724540635
step_onset_severe_high_baseline_goldendoodle_05,2026-02-01 12:59:52,2026-02-01 12:59:59.884432,7.884431857737057
step_onset_severe_high_baseline_goldendoodle_05,2026-02-01 12:59:10,2026-02-01 12:59:16.081674,6.081673694826642
step_onset_severe_high_baseline_goldendoodle_05,2026-02-01 12:59:04,2026-02-01 12:59:12.763956,8.763955712150354
step_onset_severe_high_baseline_goldendoodle_05,2026-02-01 12:59:42,2026-02-01 12:59:52.773028,10.773027998081206
step_onset_severe_high_baseline_goldendoodle_05,2026-02-01 12:59:57,2026-02-01 13:00:05.861952,8.861951693655678
step_onset_severe_high_baseline_goldendoodle_05,2026-02-01 12:59:34,2026-02-01 12:59:44.683196,10.68319584936968
step_onset_severe_high_baseline_goldendoodle_05,2026-02-01 12:59:09,2026-02-01 12:59:14.717236,5.717236325633116
step_onset_severe_high_baseline_goldendoodle_05,2026-02-01 12:59:23,2026-02-01 12:59:29.017975,6.017974889742371
step_onset_severe_high_baseline_goldendoodle_05,2026-02-01 12:59:04,2026-02-01 12:59:09.653078,5.653078103903708
step_onset_severe_high_baseline_goldendoodle_05,2026-02-01 12:59:40,2026-02-01 12:59:48.308540,8.308540211868806
step_onset_severe_high_baseline_goldendoodle_05,2026-02-01 12:59:55,2026-02-01 13:00:03.571705,8.571705251625737
step_onset_severe_high_baseline_goldendoodle_05,2026-02-01 12:59:39,2026-02-01 12:59:44.459138,5.459137750443151
step_onset_severe_high_baseline_goldendoodle_05,2026-02-01 12:59:21,2026-02-01 12:59:30.238587,9.23858722173704
step_onset_severe_high_baseline_goldendoodle_05,2026-02-01 12:59:57,2026-02-01 13:00:02.313716,5.313715934618622
step_onset_severe_high_baseline_goldendoodle_05,2026-02-01 12:59:24,2026-02-01 12:59:32.416533,8.416533062677583
step_onset_severe_high_baseline_goldendoodle_05,2026-02-01 12:59:08,2026-02-01 12:59:16.365982,8.365981834163653
step_onset_severe_high_baseline_goldendoodle_05,2026-02-01 12:59:33,2026-02-01 12:59:42.519281,9.519281271912563
step_onset_severe_high_baseline_goldendoodle_05,2026-02-01 12:59:56,2026-02-01 13:00:06.918835,10.91883544889263
step_onset_severe_high_baseline_goldendoodle_05,2026-02-01 12:59:19,2026-02-01 12:59:27.668803,8.6688027305199
step_onset_severe_high_baseline_goldendoodle_05,2026-02-01 12:59:28,2026-02-01 12:59:33.553471,5.553471143812419
step_onset_severe_high_baseline_goldendoodle_05,2026-02-01 12:59:34,2026-02-01 12:59:45.258167,11.25816660919564
step_onset_severe_high_baseline_goldendoodle_05,2026-02-01 12:59:06,2026-02-01 12:59:12.220199,6.220198819996106
step_onset_severe_high_baseline_goldendoodle_05,2026-02-01 12:59:02,2026-02-01 12:59:10.586864,8.586864187480534
step_onset_severe_high_baseline_goldendoodle_05,2026-02-01 12:59:36,2026-02-01 12:59:43.914067,7.914067484848778
step_onset_severe_high_baseline_goldendoodle_05,2026-02-01 12:59:17,2026-02-01 12:59:25.932488,8.932488210263914
step_onset_severe_high_baseline_goldendoodle_05,2026-02-01 12:59:57,2026-02-01 13:00:05.154420,8.154420492893095
step_onset_severe_high_baseline_goldendoodle_05,2026-02-01 12:59:44,2026-02-01 12:59:49.780908,5.7809075724645105
step_onset_severe_high_baseline_goldendoodle_05,2026-02-01 12:59:54,2026-02-01 13:00:05.017225,11.017225489706394
step_onset_severe_high_baseline_goldendoodle_05,2026-02-01 12:59:57,2026-02-01 13:00:02.951676,5.951675648367118
step_onset_severe_high_baseline_goldendoodle_05,2026-02-01 12:59:57,2026-02-01 13:00:07.154158,10.1541584136161
step_onset_severe_high_baseline_goldendoodle_05,2026-02-01 12:59:39,2026-02-01 12:59:46.948965,7.948965168973629
step_onset_severe_high_baseline_goldendoodle_05,2026-02-01 12:59:36,2026-02-01 12:59:47.243190,11.243189501607839
step_onset_severe_high_baseline_goldendoodle_05,2026-02-01 12:59:54,2026-02-01 12:59:59.228709,5.228708952222877
step_onset_severe_high_baseline_goldendoodle_05,2026-02-01 12:59:23,2026-02-01 12:59:28.684023,5.684023425534695
step_onset_severe_high_baseline_goldendoodle_05,2026-02-01 12:59:49,2026-02-01 13:00:00.389978,11.389978157677701
step_onset_severe_high_baseline_goldendoodle_05,2026-02-01 12:59:10,2026-02-01 12:59:20.595960,10.595960309982912
step_onset_severe_high_baseline_goldendoodle_05,2026-02-01 12:59:00,2026-02-01 12:59:07.655898,7.655898329280978
step_onset_severe_high_baseline_goldendoodle_05,2026-02-01 12:59:13,2026-02-01 12:59:22.291766,9.291766045058148
step_onset_severe_high_baseline_goldendoodle_05,2026-02-01 12:59:25,2026-02-01 12:59:30.084841,5.0848408152670395
step_onset_severe_high_baseline_goldendoodle_05,2026-02-01 12:59:39,2026-02-01 12:59:49.186475,10.186474839423893
step_onset_severe_high_baseline_goldendoodle_05,2026-02-01 12:59:47,2026-02-01 12:59:54.932901,7.9329010280075325
step_onset_severe_high_baseline_goldendoodle_05,2026-02-01 12:59:27,2026-02-01 12:59:36.120461,9.120461382564079
step_onset_severe_high_baseline_goldendoodle_05,2026-02-01 12:59:18,2026-02-01 12:59:27.003058,9.003058369712427
step_onset_severe_high_baseline_goldendoodle_05,2026-02-01 12:59:55,2026-02-01 13:00:03.211333,8.211333037189096
step_onset_severe_high_baseline_goldendoodle_05,2026-02-01 12:59:50,2026-02-01 13:00:01.218621,11.218620636273142
step_onset_severe_high_baseline_goldendoodle_05,2026-02-01 12:59:43,2026-02-01 12:59:49.941141,6.94114111957434
step_onset_severe_high_baseline_goldendoodle_05,2026-02-01 12:59:24,2026-02-01 12:59:31.281433,7.281432672000853
step_onset_severe_high_baseline_goldendoodle_05,2026-02-01 12:59:17,2026-02-01 12:59:28.610382,11.61038167882988
step_onset_severe_high_baseline_goldendoodle_05,2026-02-01 12:59:17,2026-02-01 12:59:22.909707,5.909707487812286
step_onset_severe_high_baseline_goldendoodle_05,2026-02-01 12:59:16,2026-02-01 12:59:26.920725,10.920724927285784
step_onset_severe_high_baseline_goldendoodle_05,2026-02-01 12:59:25,2026-02-01 12:59:35.269968,10.26996829162532
step_onset_severe_high_baseline_goldendoodle_05,2026-02-01 12:59:34,2026-02-01 12:59:41.526246,7.526246100319544
step_onset_severe_high_baseline_goldendoodle_05,2026-02-01 12:59:34,2026-02-01 12:59:45.589967,11.589967150189295
step_onset_severe_high_baseline_goldendoodle_05,2026-02-01 12:59:17,2026-02-01 12:59:22.068044,5.0680437273163825
step_onset_severe_high_baseline_goldendoodle_05,2026-02-01 12:59:55,2026-02-01 13:00:05.586560,10.586559850086665
step_onset_severe_high_baseline_goldendoodle_05,2026-02-01 12:59:17,2026-02-01 12:59:27.706689,10.706688894057216
step_onset_severe_high_baseline_goldendoodle_05,2026-02-01 12:59:56,2026-02-01 13:00:01.308926,5.308925629090207
step_onset_severe_high_baseline_goldendoodle_05,2026-02-01 12:59:39,2026-02-01 12:59:47.485329,8.485328811492321
step_onset_severe_high_baseline_goldendoodle_05,2026-02-01 12:59:41,2026-02-01 12:59:48.781731,7.7817311273600795
step_onset_severe_high_baseline_goldendoodle_05,2026-02-01 12:59:25,2026-02-01 12:59:35.456550,10.456549556199262
step_onset_severe_high_baseline_goldendoodle_05,2026-02-01 12:59:25,2026-02-01 12:59:35.182182,10.182182424069985
step_onset_severe_high_baseline_goldendoodle_05,2026-02-01 12:59:08,2026-02-01 12:59:16.473882,8.473881717646096
step_onset_severe_high_baseline_goldendoodle_05,2026-02-01 12:59:42,2026-02-01 12:59:51.341016,9.341016187745995
step_onset_severe_high_baseline_goldendoodle_05,2026-02-01 12:59:48,2026-02-01 12:59:59.029755,11.02975499439238
step_onset_severe_high_baseline_goldendoodle_05,2026-02-01 12:59:45,2026-02-01 12:59:51.032159,6.032159204721308
step_onset_severe_high_baseline_goldendoodle_05,2026-02-01 12:59:29,2026-02-01 12:59:38.189514,9.189514315934666
step_onset_severe_high_baseline_goldendoodle_05,2026-02-01 12:59:17,2026-02-01 12:59:25.327868,8.327867645520909
step_onset_severe_high_baseline_goldendoodle_05,2026-02-01 12:59:16,2026-02-01 12:59:24.405734,8.405734282898683
step_onset_severe_high_baseline_goldendoodle_05,2026-02-01 12:59:14,2026-02-01 12:59:20.295406,6.295405987362443
step_onset_severe_high_baseline_goldendoodle_05,2026-02-01 12:59:28,2026-02-01 12:59:36.605274,8.60527381809945
step_onset_severe_high_baseline_goldendoodle_05,2026-02-01 12:59:18,2026-02-01 12:59:23.373001,5.373001289305496
step_onset_severe_high_baseline_goldendoodle_05,2026-02-01 12:59:09,2026-02-01 12:59:17.169472,8.169471833507158
step_onset_severe_high_baseline_goldendoodle_05,2026-02-01 07:51:05,2026-02-01 07:51:12.938779,7.938779127538955
step_onset_severe_high_baseline_goldendoodle_05,2026-02-01 10:17:37,2026-02-01 10:17:47.510649,10.510648658508904
step_onset_severe_high_baseline_goldendoodle_05,2026-02-01 09:45:51,2026-02-01 09:45:59.210138,8.21013762679225
step_onset_severe_high_baseline_goldendoodle_05,2026-02-01 16:51:05,2026-02-01 16:51:10.710675,5.710674898082341
step_onset_severe_high_baseline_goldendoodle_05,2026-02-01 14:00:55,2026-02-01 14:01:05.187454,10.187453585912241
step_onset_severe_high_baseline_goldendoodle_05,2026-02-01 06:31:18,2026-02-01 06:31:27.450638,9.450638475936817
step_onset_severe_high_baseline_goldendoodle_05,2026-02-01 08:09:09,2026-02-01 08:09:14.101111,5.101111283236872
step_onset_severe_high_baseline_goldendoodle_05,2026-02-01 14:24:08,2026-02-01 14:24:13.533759,5.533758706407424
step_onset_severe_high_baseline_goldendoodle_05,2026-02-01 11:27:54,2026-02-01 11:28:00.384737,6.384737216215217
step_onset_severe_high_baseline_goldendoodle_05,2026-02-01 18:40:54,2026-02-01 18:40:59.556973,5.55697255341563
step_onset_severe_high_baseline_goldendoodle_05,2026-02-01 14:37:35,2026-02-01 14:37:42.304485,7.304484910282428
step_onset_severe_high_baseline_goldendoodle_05,2026-02-01 13:21:37,2026-02-01 13:21:44.406039,7.406038566509665
step_onset_severe_high_baseline_goldendoodle_05,2026-02-01 10:24:10,2026-02-01 10:24:17.694359,7.694358983068023
step_onset_severe_high_baseline_goldendoodle_05,2026-02-01 15:57:57,2026-02-01 15:58:02.929469,5.929468758015935
step_onset_severe_high_baseline_goldendoodle_05,2026-02-01 17:01:33,2026-02-01 17:01:38.131766,5.131766121822855
step_onset_severe_high_baseline_goldendoodle_05,2026-02-01 15:22:38,2026-02-01 15:22:46.044962,8.044962235673195
step_onset_severe_high_baseline_goldendoodle_05,2026-02-01 21:47:29,2026-02-01 21:47:38.685871,9.685871131175725
step_onset_severe_high_baseline_goldendoodle_05,2026-02-01 06:44:18,2026-02-01 06:44:25.566735,7.566734732129867
step_onset_severe_high_baseline_goldendoodle_05,2026-02-01 17:49:46,2026-02-01 17:49:55.397536,9.397535561786594
step_onset_severe_high_baseline_goldendoodle_05,2026-02-01 13:50:45,2026-02-01 13:50:56.459388,11.45938801330953
step_onset_severe_high_baseline_goldendoodle_05,2026-02-01 09:34:01,2026-02-01 09:34:08.989326,7.989326297847668
step_onset_severe_high_baseline_goldendoodle_05,2026-02-01 10:09:13,2026-02-01 10:09:19.587067,6.587067060047377
step_onset_severe_high_baseline_goldendoodle_05,2026-02-02 19:00:43,2026-02-02 19:00:52.454387,9.454387414688515
step_onset_severe_high_baseline_goldendoodle_05,2026-02-02 19:06:48,2026-02-02 19:06:59.532847,11.532847040470102
step_onset_severe_high_baseline_goldendoodle_05,2026-02-02 19:12:57,2026-02-02 19:13:06.733858,9.733857811681037
step_onset_severe_high_baseline_goldendoodle_05,2026-02-02 19:18:19,2026-02-02 19:18:27.643690,8.64368974161791
step_onset_severe_high_baseline_goldendoodle_05,2026-02-02 19:24:11,2026-02-02 19:24:21.296085,10.296085220898014
step_onset_severe_high_baseline_goldendoodle_05,2026-02-02 19:30:04,2026-02-02 19:30:13.361689,9.361689111836954
step_onset_severe_high_baseline_goldendoodle_05,2026-02-02 19:36:56,2026-02-02 19:37:07.534718,11.534718080368012
step_onset_severe_high_baseline_goldendoodle_05,2026-02-02 19:42:03,2026-02-02 19:42:12.741512,9.741512046417528
step_onset_severe_high_baseline_goldendoodle_05,2026-02-02 19:48:36,2026-02-02 19:48:44.977412,8.977412305107121
step_onset_severe_high_baseline_goldendoodle_05,2026-02-02 19:54:54,2026-02-02 19:55:04.207201,10.207200889753953
step_onset_severe_high_baseline_goldendoodle_05,2026-02-02 19:59:43,2026-02-02 19:59:49.365333,6.365332626137173
step_onset_severe_high_baseline_goldendoodle_05,2026-02-02 19:59:53,2026-02-02 20:00:01.939273,8.939272900233243
step_onset_severe_high_baseline_goldendoodle_05,2026-02-02 19:59:17,2026-02-02 19:59:24.112562,7.11256213062164
step_onset_severe_high_baseline_goldendoodle_05,2026-02-02 19:59:42,2026-02-02 19:59:49.426112,7.426112388582382
step_onset_severe_high_baseline_goldendoodle_05,2026-02-02 19:59:41,2026-02-02 19:59:51.903316,10.903315822337007
step_onset_severe_high_baseline_goldendoodle_05,2026-02-02 19:59:18,2026-02-02 19:59:23.397292,5.397292287619473
step_onset_severe_high_baseline_goldendoodle_05,2026-02-02 19:59:42,2026-02-02 19:59:48.018477,6.018476702964544
step_onset_severe_high_baseline_goldendoodle_05,2026-02-02 19:59:52,2026-02-02 19:59:59.317765,7.317765422790821
step_onset_severe_high_baseline_goldendoodle_05,2026-02-02 19:59:30,2026-02-02 19:59:35.439826,5.43982555137406
step_onset_severe_high_baseline_goldendoodle_05,2026-02-02 19:59:27,2026-02-02 19:59:37.730859,10.73085869565938
step_onset_severe_high_baseline_goldendoodle_05,2026-02-02 19:59:01,2026-02-02 19:59:09.435615,8.435614673573696
step_onset_severe_high_baseline_goldendoodle_05,2026-02-02 19:59:16,2026-02-02 19:59:25.044771,9.044771166904782
step_onset_severe_high_baseline_goldendoodle_05,2026-02-02 19:59:56,2026-02-02 20:00:01.082240,5.0822400780514725
step_onset_severe_high_baseline_goldendoodle_05,2026-02-02 19:59:08,2026-02-02 19:59:14.909568,6.909568061793585
step_onset_severe_high_baseline_goldendoodle_05,2026-02-02 19:59:51,2026-02-02 19:59:56.171410,5.171410445730881
step_onset_severe_high_baseline_goldendoodle_05,2026-02-02 19:59:53,2026-02-02 20:00:01.808257,8.808257272766328
step_onset_severe_high_baseline_goldendoodle_05,2026-02-02 19:59:11,2026-02-02 19:59:20.129764,9.129764177013103
step_onset_severe_high_baseline_goldendoodle_05,2026-02-02 19:59:05,2026-02-02 19:59:15.667495,10.667494661725229
step_onset_severe_high_baseline_goldendoodle_05,2026-02-02 19:59:47,2026-02-02 19:59:56.079191,9.079191190600234
step_onset_severe_high_baseline_goldendoodle_05,2026-02-02 19:59:52,2026-02-02 20:00:00.553211,8.553210574954457
step_onset_severe_high_baseline_goldendoodle_05,2026-02-02 19:59:47,2026-02-02 19:59:53.340438,6.340438448215825
step_onset_severe_high_baseline_goldendoodle_05,2026-02-02 19:59:13,2026-02-02 19:59:22.393972,9.393971694222625
step_onset_severe_high_baseline_goldendoodle_05,2026-02-02 19:59:33,2026-02-02 19:59:41.057947,8.057947076122161
step_onset_severe_high_baseline_goldendoodle_05,2026-02-02 19:59:56,2026-02-02 20:00:06.666168,10.666168260328007
step_onset_severe_high_baseline_goldendoodle_05,2026-02-02 19:59:10,2026-02-02 19:59:20.131843,10.131843102433914
step_onset_severe_high_baseline_goldendoodle_05,2026-02-02 19:59:08,2026-02-02 19:59:16.599764,8.599763504067077
step_onset_severe_high_baseline_goldendoodle_05,2026-02-02 19:59:40,2026-02-02 19:59:51.129409,11.12940945506577
step_onset_severe_high_baseline_goldendoodle_05,2026-02-02 19:59:08,2026-02-02 19:59:14.948876,6.948876229379802
step_onset_severe_high_baseline_goldendoodle_05,2026-02-02 19:59:09,2026-02-02 19:59:20.240153,11.240152563464068
step_onset_severe_high_baseline_goldendoodle_05,2026-02-02 19:59:02,2026-02-02 19:59:11.559075,9.559074764979894
step_onset_severe_high_baseline_goldendoodle_05,2026-02-02 19:59:47,2026-02-02 19:59:55.793362,8.793361877013494
step_onset_severe_high_baseline_goldendoodle_05,2026-02-02 19:59:22,2026-02-02 19:59:27.511410,5.511410190255554
step_onset_severe_high_baseline_goldendoodle_05,2026-02-02 19:59:10,2026-02-02 19:59:19.271309,9.271309411234357
step_onset_severe_high_baseline_goldendoodle_05,2026-02-02 19:59:36,2026-02-02 19:59:43.900472,7.900472198314554
step_onset_severe_high_baseline_goldendoodle_05,2026-02-02 19:59:16,2026-02-02 19:59:21.661594,5.661593727702324
step_onset_severe_high_baseline_goldendoodle_05,2026-02-02 19:59:14,2026-02-02 19:59:20.430739,6.430738559887273
step_onset_severe_high_baseline_goldendoodle_05,2026-02-02 19:59:35,2026-02-02 19:59:45.346051,10.346050984802991
step_onset_severe_high_baseline_goldendoodle_05,2026-02-02 19:59:49,2026-02-02 19:59:58.281953,9.281952843712562
step_onset_severe_high_baseline_goldendoodle_05,2026-02-02 19:59:44,2026-02-02 19:59:53.641431,9.64143055095066
step_onset_severe_high_baseline_goldendoodle_05,2026-02-02 19:59:35,2026-02-02 19:59:43.063918,8.063917834470057
step_onset_severe_high_baseline_goldendoodle_05,2026-02-02 19:59:24,2026-02-02 19:59:32.746915,8.746915108554214
step_onset_severe_high_baseline_goldendoodle_05,2026-02-02 19:59:33,2026-02-02 19:59:43.116379,10.116379264782212
step_onset_severe_high_baseline_goldendoodle_05,2026-02-02 19:59:08,2026-02-02 19:59:15.693157,7.6931572978407505
step_onset_severe_high_baseline_goldendoodle_05,2026-02-02 19:59:08,2026-02-02 19:59:18.144868,10.14486798243098
step_onset_severe_high_baseline_goldendoodle_05,2026-02-02 19:59:25,2026-02-02 19:59:33.420554,8.420554356195241
step_onset_severe_high_baseline_goldendoodle_05,2026-02-02 19:59:34,2026-02-02 19:59:41.552719,7.552719041826996
step_onset_severe_high_baseline_goldendoodle_05,2026-02-02 19:59:09,2026-02-02 19:59:14.874827,5.874826859364759
step_onset_severe_high_baseline_goldendoodle_05,2026-02-02 19:59:57,2026-02-02 20:00:04.864728,7.864728172513865
step_onset_severe_high_baseline_goldendoodle_05,2026-02-02 19:59:22,2026-02-02 19:59:30.680157,8.680156969306234
step_onset_severe_high_baseline_goldendoodle_05,2026-02-02 19:59:12,2026-02-02 19:59:22.019240,10.019240091556442
step_onset_severe_high_baseline_goldendoodle_05,2026-02-02 19:59:17,2026-02-02 19:59:26.687194,9.687193664490037
step_onset_severe_high_baseline_goldendoodle_05,2026-02-02 19:59:11,2026-02-02 19:59:21.190768,10.190768008280493
step_onset_severe_high_baseline_goldendoodle_05,2026-02-02 19:59:39,2026-02-02 19:59:45.266024,6.266023671079319
step_onset_severe_high_baseline_goldendoodle_05,2026-02-02 19:59:59,2026-02-02 20:00:09.494128,10.494127950258767
step_onset_severe_high_baseline_goldendoodle_05,2026-02-02 19:59:44,2026-02-02 19:59:54.419838,10.419838088883717
step_onset_severe_high_baseline_goldendoodle_05,2026-02-02 19:59:29,2026-02-02 19:59:35.543655,6.543655144143478
step_onset_severe_high_baseline_goldendoodle_05,2026-02-02 19:59:10,2026-02-02 19:59:18.996841,8.996840640515089
step_onset_severe_high_baseline_goldendoodle_05,2026-02-02 19:59:56,2026-02-02 20:00:05.030706,9.03070572659036
step_onset_severe_high_baseline_goldendoodle_05,2026-02-02 19:59:13,2026-02-02 19:59:19.757471,6.757470513586687
step_onset_severe_high_baseline_goldendoodle_05,2026-02-02 19:59:08,2026-02-02 19:59:16.930642,8.930641872266122
step_onset_severe_high_baseline_goldendoodle_05,2026-02-02 19:59:28,2026-02-02 19:59:37.872837,9.87283712969315
step_onset_severe_high_baseline_goldendoodle_05,2026-02-02 19:59:18,2026-02-02 19:59:27.578858,9.578858167867388
step_onset_severe_high_baseline_goldendoodle_05,2026-02-02 19:59:55,2026-02-02 20:00:03.842294,8.842293726667156
step_onset_severe_high_baseline_goldendoodle_05,2026-02-02 19:59:44,2026-02-02 19:59:53.785428,9.785428212635559
step_onset_severe_high_baseline_goldendoodle_05,2026-02-02 19:59:01,2026-02-02 19:59:07.040531,6.0405309907761
step_onset_severe_high_baseline_goldendoodle_05,2026-02-02 19:59:53,2026-02-02 20:00:02.058739,9.058738666814527
step_onset_severe_high_baseline_goldendoodle_05,2026-02-02 19:59:23,2026-02-02 19:59:29.811548,6.811548048571625
step_onset_severe_high_baseline_goldendoodle_05,2026-02-02 19:59:24,2026-02-02 19:59:30.080646,6.080646441360976
step_onset_severe_high_baseline_goldendoodle_05,2026-02-02 19:59:40,2026-02-02 19:59:48.184888,8.18488810249382
step_onset_severe_high_baseline_goldendoodle_05,2026-02-02 19:59:00,2026-02-02 19:59:10.342836,10.342836179110677
step_onset_severe_high_baseline_goldendoodle_05,2026-02-02 19:59:53,2026-02-02 19:59:58.594402,5.594402432010419
step_onset_severe_high_baseline_goldendoodle_05,2026-02-02 19:59:20,2026-02-02 19:59:30.154660,10.154659877227516
step_onset_severe_high_baseline_goldendoodle_05,2026-02-02 19:59:54,2026-02-02 19:59:59.917480,5.917480079201232
step_onset_severe_high_baseline_goldendoodle_05,2026-02-02 19:59:22,2026-02-02 19:59:32.841923,10.84192314069755
step_onset_severe_high_baseline_goldendoodle_05,2026-02-02 19:59:53,2026-02-02 19:59:59.443325,6.44332533460372
step_onset_severe_high_baseline_goldendoodle_05,2026-02-02 19:59:28,2026-02-02 19:59:33.870585,5.870585230767002
step_onset_severe_high_baseline_goldendoodle_05,2026-02-02 19:59:13,2026-02-02 19:59:23.593259,10.59325921475119
step_onset_severe_high_baseline_goldendoodle_05,2026-02-02 19:59:19,2026-02-02 19:59:28.556619,9.556619468782898
step_onset_severe_high_baseline_goldendoodle_05,2026-02-02 19:59:05,2026-02-02 19:59:14.391343,9.391343495784337
step_onset_severe_high_baseline_goldendoodle_05,2026-02-02 19:59:26,2026-02-02 19:59:32.396554,6.396554099885009
step_onset_severe_high_baseline_goldendoodle_05,2026-02-02 19:59:09,2026-02-02 19:59:17.100291,8.100290935000855
step_onset_severe_high_baseline_goldendoodle_05,2026-02-02 19:59:44,2026-02-02 19:59:52.688777,8.688776944988023
step_onset_severe_high_baseline_goldendoodle_05,2026-02-02 19:59:09,2026-02-02 19:59:19.410851,10.410850602503151
step_onset_severe_high_baseline_goldendoodle_05,2026-02-02 19:59:13,2026-02-02 19:59:23.747127,10.747126687437472
step_onset_severe_high_baseline_goldendoodle_05,2026-02-02 19:59:24,2026-02-02 19:59:31.600831,7.600831092227766
step_onset_severe_high_baseline_goldendoodle_05,2026-02-02 19:59:40,2026-02-02 19:59:50.645140,10.645140386773804
step_onset_severe_high_baseline_goldendoodle_05,2026-02-02 19:59:06,2026-02-02 19:59:16.205503,10.205503468273367
step_onset_severe_high_baseline_goldendoodle_05,2026-02-02 19:59:15,2026-02-02 19:59:22.133780,7.133780401047763
step_onset_severe_high_baseline_goldendoodle_05,2026-02-02 19:59:04,2026-02-02 19:59:14.071261,10.07126055504583
step_onset_severe_high_baseline_goldendoodle_05,2026-02-02 19:59:58,2026-02-02 20:00:04.055329,6.0553294865398914
step_onset_severe_high_baseline_goldendoodle_05,2026-02-02 19:15:57,2026-02-02 19:16:07.235002,10.23500207543438
step_onset_severe_high_baseline_goldendoodle_05,2026-02-02 15:05:18,2026-02-02 15:05:28.862928,10.86292797069025
step_onset_severe_high_baseline_goldendoodle_05,2026-02-02 06:20:49,2026-02-02 06:20:55.358226,6.358225527757114
step_onset_severe_high_baseline_goldendoodle_05,2026-02-02 12:57:39,2026-02-02 12:57:44.009232,5.009231660287639
step_onset_severe_high_baseline_goldendoodle_05,2026-02-02 20:46:11,2026-02-02 20:46:19.422185,8.422184851964396
step_onset_severe_high_baseline_goldendoodle_05,2026-02-02 11:06:00,2026-02-02 11:06:11.050718,11.050717600897844
step_onset_severe_high_baseline_goldendoodle_05,2026-02-02 11:32:39,2026-02-02 11:32:44.031364,5.031364155352208
step_onset_severe_high_baseline_goldendoodle_05,2026-02-02 19:53:48,2026-02-02 19:53:56.716553,8.716552806393803
step_onset_severe_high_baseline_goldendoodle_05,2026-02-02 16:35:23,2026-02-02 16:35:30.050308,7.050307931323329
step_onset_severe_high_baseline_goldendoodle_05,2026-02-02 18:26:05,2026-02-02 18:26:14.189298,9.189298481882997
step_onset_severe_high_baseline_goldendoodle_05,2026-02-02 18:17:42,2026-02-02 18:17:48.736587,6.7365871204053915
step_onset_severe_high_baseline_goldendoodle_05,2026-02-02 18:13:09,2026-02-02 18:13:16.470979,7.470978928645514
step_onset_severe_high_baseline_goldendoodle_05,2026-02-02 13:33:29,2026-02-02 13:33:36.883168,7.883168033047592
step_onset_severe_high_baseline_goldendoodle_05,2026-02-02 19:17:37,2026-02-02 19:17:47.203558,10.203557952786058
step_onset_severe_high_baseline_goldendoodle_05,2026-02-02 19:10:13,2026-02-02 19:10:23.469736,10.469735824564012
step_onset_severe_high_baseline_goldendoodle_05,2026-02-02 08:53:14,2026-02-02 08:53:23.907906,9.907905543239336
step_onset_severe_high_baseline_goldendoodle_05,2026-02-02 07:00:08,2026-02-02 07:00:13.761127,5.761127230222433
step_onset_severe_high_baseline_goldendoodle_05,2026-02-02 06:51:20,2026-02-02 06:51:28.804865,8.804865161988873
step_onset_severe_high_baseline_goldendoodle_05,2026-02-02 08:10:06,2026-02-02 08:10:12.728193,6.728192876264145
step_onset_severe_high_baseline_goldendoodle_05,2026-02-02 15:11:13,2026-02-02 15:11:19.293423,6.293423185615545
step_onset_severe_high_baseline_goldendoodle_05,2026-02-02 06:17:40,2026-02-02 06:17:48.339344,8.33934373694625
step_onset_severe_high_baseline_goldendoodle_05,2026-02-02 07:34:00,2026-02-02 07:34:11.289779,11.289779249149237
step_onset_severe_high_baseline_goldendoodle_05,2026-02-03 22:00:52,2026-02-03 22:01:03.289436,11.289435908093916
step_onset_severe_high_baseline_goldendoodle_05,2026-02-03 22:06:47,2026-02-03 22:06:54.458871,7.458870745920253
step_onset_severe_high_baseline_goldendoodle_05,2026-02-03 22:12:14,2026-02-03 22:12:23.353926,9.353925998722088
step_onset_severe_high_baseline_goldendoodle_05,2026-02-03 22:18:33,2026-02-03 22:18:39.215953,6.215953186811571
step_onset_severe_high_baseline_goldendoodle_05,2026-02-03 22:24:43,2026-02-03 22:24:49.748894,6.7488943132531105
step_onset_severe_high_baseline_goldendoodle_05,2026-02-03 22:30:59,2026-02-03 22:31:04.458328,5.458327756919189
step_onset_severe_high_baseline_goldendoodle_05,2026-02-03 22:36:54,2026-02-03 22:37:04.527875,10.527874865263078
step_onset_severe_high_baseline_goldendoodle_05,2026-02-03 22:42:59,2026-02-03 22:43:04.302870,5.302869557345845
step_onset_severe_high_baseline_goldendoodle_05,2026-02-03 22:48:34,2026-02-03 22:48:40.151895,6.151895159670223
step_onset_severe_high_baseline_goldendoodle_05,2026-02-03 22:54:36,2026-02-03 22:54:42.659333,6.659332791705405
step_onset_severe_high_baseline_goldendoodle_05,2026-02-03 22:59:16,2026-02-03 22:59:25.117997,9.117997255625935
step_onset_severe_high_baseline_goldendoodle_05,2026-02-03 22:59:26,2026-02-03 22:59:32.717343,6.717343427024295
step_onset_severe_high_baseline_goldendoodle_05,2026-02-03 22:59:38,2026-02-03 22:59:43.437771,5.437771286230382
step_onset_severe_high_baseline_goldendoodle_05,2026-02-03 22:59:56,2026-02-03 23:00:02.503745,6.503744856895695
step_onset_severe_high_baseline_goldendoodle_05,2026-02-03 22:59:03,2026-02-03 22:59:13.408796,10.408795618947064
step_onset_severe_high_baseline_goldendoodle_05,2026-02-03 22:59:11,2026-02-03 22:59:21.804034,10.804034076428586
step_onset_severe_high_baseline_goldendoodle_05,2026-02-03 22:59:33,2026-02-03 22:59:44.450618,11.450618286409407
step_onset_severe_high_baseline_goldendoodle_05,2026-02-03 20:31:31,2026-02-03 20:31:38.458652,7.4586517776593295
step_onset_severe_high_baseline_goldendoodle_05,2026-02-03 20:52:15,2026-02-03 20:52:20.888005,5.888005039899067
step_onset_severe_high_baseline_goldendoodle_05,2026-02-03 18:59:21,2026-02-03 18:59:29.445993,8.44599339101488
step_onset_severe_high_baseline_goldendoodle_05,2026-02-03 11:19:58,2026-02-03 11:20:09.322921,11.322921111400769
step_onset_severe_high_baseline_goldendoodle_05,2026-02-03 08:47:04,2026-02-03 08:47:10.162912,6.1629121319343465
step_onset_severe_high_baseline_goldendoodle_05,2026-02-03 16:12:34,2026-02-03 16:12:44.702974,10.702973989667143
step_onset_severe_high_baseline_goldendoodle_05,2026-02-03 20:15:42,2026-02-03 20:15:51.986647,9.986647317752707
step_onset_severe_high_baseline_goldendoodle_05,2026-02-03 17:43:04,2026-02-03 17:43:13.666060,9.666060424846787
step_onset_severe_high_baseline_goldendoodle_05,2026-02-03 17:00:41,2026-02-03 17:00:47.516964,6.516963840629713
step_onset_severe_high_baseline_goldendoodle_05,2026-02-03 10:22:24,2026-02-03 10:22:34.809405,10.80940502549967
step_onset_severe_high_baseline_goldendoodle_05,2026-02-03 19:56:01,2026-02-03 19:56:06.683793,5.683792574474564
step_onset_severe_high_baseline_goldendoodle_05,2026-02-03 13:00:28,2026-02-03 13:00:36.546113,8.546113366739991
step_onset_severe_high_baseline_goldendoodle_05,2026-02-03 13:09:52,2026-02-03 13:10:00.342053,8.342052822478738
step_onset_severe_high_baseline_goldendoodle_05,2026-02-03 13:58:52,2026-02-03 13:58:57.941859,5.941858634214773
step_onset_severe_high_baseline_goldendoodle_05,2026-02-03 21:09:56,2026-02-03 21:10:06.526793,10.526793391889111
step_onset_severe_high_baseline_goldendoodle_05,2026-02-03 15:09:59,2026-02-03 15:10:06.085081,7.085081120179975
step_onset_severe_high_baseline_goldendoodle_05,2026-02-03 11:57:49,2026-02-03 11:57:56.991255,7.99125530376851
step_onset_severe_high_baseline_goldendoodle_05,2026-02-03 06:33:36,2026-02-03 06:33:43.368548,7.368548167746372
step_onset_severe_high_baseline_goldendoodle_05,2026-02-03 10:29:42,2026-02-03 10:29:48.317114,6.317114140874416
step_onset_severe_high_baseline_goldendoodle_05,2026-02-03 10:23:54,2026-02-03 10:23:59.835864,5.835863807796368
step_onset_severe_high_baseline_goldendoodle_05,2026-02-03 07:06:42,2026-02-03 07:06:47.202036,5.202035621903086
step_onset_severe_high_baseline_goldendoodle_05,2026-02-03 08:10:50,2026-02-03 08:10:58.932440,8.932440293036176
step_onset_severe_high_baseline_goldendoodle_05,2026-02-04 23:00:56,2026-02-04 23:01:07.284842,11.2848422278394
step_onset_severe_high_baseline_goldendoodle_05,2026-02-04 23:06:09,2026-02-04 23:06:15.907891,6.9078906782776555
step_onset_severe_high_baseline_goldendoodle_05,2026-02-04 23:12:42,2026-02-04 23:12:53.587137,11.587137486894832
step_onset_severe_high_baseline_goldendoodle_05,2026-02-04 23:18:22,2026-02-04 23:18:28.185501,6.185500683901254
step_onset_severe_high_baseline_goldendoodle_05,2026-02-04 23:24:13,2026-02-04 23:24:18.143250,5.14325044930519
step_onset_severe_high_baseline_goldendoodle_05,2026-02-04 23:30:52,2026-02-04 23:31:02.276982,10.276982101759117
step_onset_severe_high_baseline_goldendoodle_05,2026-02-04 23:36:54,2026-02-04 23:37:04.747319,10.747318977776198
step_onset_severe_high_baseline_goldendoodle_05,2026-02-04 23:42:07,2026-02-04 23:42:12.105388,5.10538759185978
step_onset_severe_high_baseline_goldendoodle_05,2026-02-04 23:48:06,2026-02-04 23:48:11.485330,5.48533043175385
step_onset_severe_high_baseline_goldendoodle_05,2026-02-04 23:54:49,2026-02-04 23:54:56.654070,7.654069857788686
step_onset_severe_high_baseline_goldendoodle_05,2026-02-04 23:59:20,2026-02-04 23:59:27.824923,7.824923385813332
step_onset_severe_high_baseline_goldendoodle_05,2026-02-04 23:59:47,2026-02-04 23:59:53.565054,6.5650539281366225
step_onset_severe_high_baseline_goldendoodle_05,2026-02-04 23:59:22,2026-02-04 23:59:31.679981,9.679981292175919
step_onset_severe_high_baseline_goldendoodle_05,2026-02-04 23:59:07,2026-02-04 23:59:15.322682,8.322682096082548
step_onset_severe_high_baseline_goldendoodle_05,2026-02-04 23:59:00,2026-02-04 23:59:08.653308,8.653307609807289
step_onset_severe_high_baseline_goldendoodle_05,2026-02-04 23:59:32,2026-02-04 23:59:38.746222,6.746222283065478
step_onset_severe_high_baseline_goldendoodle_05,2026-02-04 23:59:42,2026-02-04 23:59:49.048551,7.04855126532723
step_onset_severe_high_baseline_goldendoodle_05,2026-02-04 23:59:41,2026-02-04 23:59:51.073554,10.073553578497329
step_onset_severe_high_baseline_goldendoodle_05,2026-02-04 23:59:50,2026-02-04 23:59:56.468150,6.4681504472311255
step_onset_severe_high_baseline_goldendoodle_05,2026-02-04 23:59:24,2026-02-04 23:59:31.701671,7.701670802060717
step_onset_severe_high_baseline_goldendoodle_05,2026-02-04 23:59:01,2026-02-04 23:59:08.598528,7.598527726261847
step_onset_severe_high_baseline_goldendoodle_05,2026-02-04 23:59:57,2026-02-05 00:00:02.962310,5.962310147144921
step_onset_severe_high_baseline_goldendoodle_05,2026-02-04 23:59:48,2026-02-04 23:59:54.925228,6.925227601591653
step_onset_severe_high_baseline_goldendoodle_05,2026-02-04 23:59:39,2026-02-04 23:59:49.621679,10.621678667624506
step_onset_severe_high_baseline_goldendoodle_05,2026-02-04 23:59:29,2026-02-04 23:59:35.863136,6.863136474178527
step_onset_severe_high_baseline_goldendoodle_05,2026-02-04 23:59:41,2026-02-04 23:59:46.252786,5.25278603678411
step_onset_severe_high_baseline_goldendoodle_05,2026-02-04 23:59:17,2026-02-04 23:59:28.174671,11.174670859694167
step_onset_severe_high_baseline_goldendoodle_05,2026-02-04 23:59:23,2026-02-04 23:59:33.683822,10.683821949049927
step_onset_severe_high_baseline_goldendoodle_05,2026-02-04 23:59:39,2026-02-04 23:59:45.725841,6.725841008141869
step_onset_severe_high_baseline_goldendoodle_05,2026-02-04 23:59:57,2026-02-05 00:00:05.888537,8.888537292730957
step_onset_severe_high_baseline_goldendoodle_05,2026-02-04 23:59:39,2026-02-04 23:59:48.033500,9.033499555997722
step_onset_severe_high_baseline_goldendoodle_05,2026-02-04 23:59:42,2026-02-04 23:59:48.207548,6.207548350242163
step_onset_severe_high_baseline_goldendoodle_05,2026-02-04 09:29:00,2026-02-04 09:29:05.174753,5.174752569922304
step_onset_severe_high_baseline_goldendoodle_05,2026-02-04 21:35:14,2026-02-04 21:35:24.073535,10.073535136582919
step_onset_severe_high_baseline_goldendoodle_05,2026-02-04 09:31:07,2026-02-04 09:31:14.297525,7.297524762307804
step_onset_severe_high_baseline_goldendoodle_05,2026-02-04 09:46:55,2026-02-04 09:47:02.381843,7.381843453721745
step_onset_severe_high_baseline_goldendoodle_05,2026-02-04 10:00:02,2026-02-04 10:00:09.030809,7.030808568200188
step_onset_severe_high_baseline_goldendoodle_05,2026-02-04 08:25:58,2026-02-04 08:26:04.121173,6.121172746957412
step_onset_severe_high_baseline_goldendoodle_05,2026-02-04 13:06:01,2026-02-04 13:06:10.780254,9.780254336267566
step_onset_severe_high_baseline_goldendoodle_05,2026-02-04 10:58:43,2026-02-04 10:58:49.550987,6.550986790640292
step_onset_severe_high_baseline_goldendoodle_05,2026-02-04 18:00:59,2026-02-04 18:01:09.535144,10.535143796176865
step_onset_severe_high_baseline_goldendoodle_05,2026-02-04 08:06:02,2026-02-04 08:06:11.659270,9.659269509701812
step_onset_severe_high_baseline_goldendoodle_05,2026-02-04 06:13:27,2026-02-04 06:13:35.605733,8.605733156933463
step_onset_severe_high_baseline_goldendoodle_05,2026-02-04 13:09:40,2026-02-04 13:09:47.190038,7.190037813440282
step_onset_severe_high_baseline_goldendoodle_05,2026-02-04 17:58:50,2026-02-04 17:58:55.547455,5.547455413959033
step_onset_severe_high_baseline_goldendoodle_05,2026-02-04 17:44:33,2026-02-04 17:44:43.650011,10.650011479079321
step_onset_severe_high_baseline_goldendoodle_05,2026-02-04 09:00:19,2026-02-04 09:00:28.927445,9.927444852819912
step_onset_severe_high_baseline_goldendoodle_05,2026-02-04 19:20:41,2026-02-04 19:20:51.141432,10.141431747132472
step_onset_severe_high_baseline_goldendoodle_05,2026-02-04 20:07:20,2026-02-04 20:07:30.104834,10.10483357544402
step_onset_severe_high_baseline_goldendoodle_05,2026-02-04 09:52:02,2026-02-04 09:52:12.438562,10.438561910863909
step_onset_severe_high_baseline_goldendoodle_05,2026-02-04 08:35:18,2026-02-04 08:35:25.707401,7.707400906347816
step_onset_severe_high_baseline_goldendoodle_05,2026-02-04 19:32:08,2026-02-04 19:32:15.625625,7.625625038446182
step_onset_severe_high_baseline_goldendoodle_05,2026-02-04 11:58:40,2026-02-04 11:58:50.072609,10.072609489843883
step_onset_severe_high_baseline_goldendoodle_05,2026-02-04 18:42:05,2026-02-04 18:42:11.971086,6.9710860322616615
step_onset_severe_high_baseline_goldendoodle_05,2026-02-05 02:00:34,2026-02-05 02:00:40.794156,6.794155554857083
step_onset_severe_high_baseline_goldendoodle_05,2026-02-05 02:06:01,2026-02-05 02:06:08.186305,7.1863045613773835
step_onset_severe_high_baseline_goldendoodle_05,2026-02-05 02:12:25,2026-02-05 02:12:31.412504,6.412503664553354
step_onset_severe_high_baseline_goldendoodle_05,2026-02-05 02:18:54,2026-02-05 02:18:59.139389,5.1393891657736726
step_onset_severe_high_baseline_goldendoodle_05,2026-02-05 02:24:38,2026-02-05 02:24:43.442535,5.442534730688115
step_onset_severe_high_baseline_goldendoodle_05,2026-02-05 02:30:01,2026-02-05 02:30:09.735550,8.735549845110654
step_onset_severe_high_baseline_goldendoodle_05,2026-02-05 02:36:40,2026-02-05 02:36:49.190244,9.190243525609292
step_onset_severe_high_baseline_goldendoodle_05,2026-02-05 02:42:33,2026-02-05 02:42:38.586307,5.586306585770155
step_onset_severe_high_baseline_goldendoodle_05,2026-02-05 02:48:20,2026-02-05 02:48:25.180730,5.180729783603931
step_onset_severe_high_baseline_goldendoodle_05,2026-02-05 02:54:40,2026-02-05 02:54:50.188795,10.188794603441588
step_onset_severe_high_baseline_goldendoodle_05,2026-02-05 02:59:47,2026-02-05 02:59:57.373672,10.373672302475196
step_onset_severe_high_baseline_goldendoodle_05,2026-02-05 02:59:30,2026-02-05 02:59:38.443852,8.443851792042858
step_onset_severe_high_baseline_goldendoodle_05,2026-02-05 02:59:00,2026-02-05 02:59:09.227709,9.227709049790587
step_onset_severe_high_baseline_goldendoodle_05,2026-02-05 02:59:43,2026-02-05 02:59:53.585441,10.585441180884905
step_onset_severe_high_baseline_goldendoodle_05,2026-02-05 02:59:48,2026-02-05 02:59:59.356458,11.356458027791206
step_onset_severe_high_baseline_goldendoodle_05,2026-02-05 02:59:54,2026-02-05 03:00:04.881334,10.881334022567529
step_onset_severe_high_baseline_goldendoodle_05,2026-02-05 02:59:24,2026-02-05 02:59:31.082202,7.082201585154949
step_onset_severe_high_baseline_goldendoodle_05,2026-02-05 02:59:38,2026-02-05 02:59:45.267550,7.267550230187551
step_onset_severe_high_baseline_goldendoodle_05,2026-02-05 02:59:31,2026-02-05 02:59:42.424414,11.424413586470633
step_onset_severe_high_baseline_goldendoodle_05,2026-02-05 02:59:51,2026-02-05 03:00:01.260068,10.260068104676094
step_onset_severe_high_baseline_goldendoodle_05,2026-02-05 02:59:34,2026-02-05 02:59:39.496108,5.496108460550314
step_onset_severe_high_baseline_goldendoodle_05,2026-02-05 02:59:51,2026-02-05 03:00:00.633778,9.633777920303604
step_onset_severe_high_baseline_goldendoodle_05,2026-02-05 02:59:09,2026-02-05 02:59:19.360793,10.360792622639428
step_onset_severe_high_baseline_goldendoodle_05,2026-02-05 02:59:45,2026-02-05 02:59:54.933797,9.933796540499406
step_onset_severe_high_baseline_goldendoodle_05,2026-02-05 02:59:54,2026-02-05 03:00:00.446582,6.446582442790645
step_onset_severe_high_baseline_goldendoodle_05,2026-02-05 02:59:22,2026-02-05 02:59:31.540576,9.54057579074863
step_onset_severe_high_baseline_goldendoodle_05,2026-02-05 02:59:57,2026-02-05 03:00:05.127750,8.127749573165834
step_onset_severe_high_baseline_goldendoodle_05,2026-02-05 02:59:14,2026-02-05 02:59:19.192178,5.192178032101417
step_onset_severe_high_baseline_goldendoodle_05,2026-02-05 02:59:00,2026-02-05 02:59:10.856335,10.85633522776073
step_onset_severe_high_baseline_goldendoodle_05,2026-02-05 02:59:48,2026-02-05 02:59:59.240470,11.240470482681612
step_onset_severe_high_baseline_goldendoodle_05,2026-02-05 02:59:28,2026-02-05 02:59:34.804644,6.804643878683464
step_onset_severe_high_baseline_goldendoodle_05,2026-02-05 02:59:26,2026-02-05 02:59:34.758921,8.758920913732439
step_onset_severe_high_baseline_goldendoodle_05,2026-02-05 02:59:29,2026-02-05 02:59:40.507969,11.507968834331987
step_onset_severe_high_baseline_goldendoodle_05,2026-02-05 02:59:57,2026-02-05 03:00:07.931599,10.931599121016045
step_onset_severe_high_baseline_goldendoodle_05,2026-02-05 02:59:18,2026-02-05 02:59:22.990492,4.990492101983727
step_onset_severe_high_baseline_goldendoodle_05,2026-02-05 02:59:22,2026-02-05 02:59:29.819472,7.819472013601
step_onset_severe_high_baseline_goldendoodle_05,2026-02-05 02:59:36,2026-02-05 02:59:42.365880,6.3658800170922065
step_onset_severe_high_baseline_goldendoodle_05,2026-02-05 02:59:18,2026-02-05 02:59:24.920349,6.920348825820658
step_onset_severe_high_baseline_goldendoodle_05,2026-02-05 02:59:49,2026-02-05 02:59:59.287145,10.28714453414698
step_onset_severe_high_baseline_goldendoodle_05,2026-02-05 02:59:22,2026-02-05 02:59:28.421642,6.421641981521073
step_onset_severe_high_baseline_goldendoodle_05,2026-02-05 02:59:14,2026-02-05 02:59:20.628861,6.628860577674627
step_onset_severe_high_baseline_goldendoodle_05,2026-02-05 02:59:44,2026-02-05 02:59:50.167533,6.1675334605091265
step_onset_severe_high_baseline_goldendoodle_05,2026-02-05 02:59:43,2026-02-05 02:59:53.297897,10.297896554976502
step_onset_severe_high_baseline_goldendoodle_05,2026-02-05 02:59:42,2026-02-05 02:59:49.336502,7.336501744752247
step_onset_severe_high_baseline_goldendoodle_05,2026-02-05 02:59:59,2026-02-05 03:00:04.322926,5.322925737386321
step_onset_severe_high_baseline_goldendoodle_05,2026-02-05 02:59:29,2026-02-05 02:59:37.718000,8.718000044494511
step_onset_severe_high_baseline_goldendoodle_05,2026-02-05 02:59:31,2026-02-05 02:59:41.525127,10.525127484647854
step_onset_severe_high_baseline_goldendoodle_05,2026-02-05 02:59:14,2026-02-05 02:59:24.076593,10.076593079847944
step_onset_severe_high_baseline_goldendoodle_05,2026-02-05 02:59:33,2026-02-05 02:59:40.104363,7.1043628726849555
step_onset_severe_high_baseline_goldendoodle_05,2026-02-05 02:59:33,2026-02-05 02:59:38.490963,5.490963361029264
step_onset_severe_high_baseline_goldendoodle_05,2026-02-05 02:59:23,2026-02-05 02:59:33.298206,10.298206424337629
step_onset_severe_high_baseline_goldendoodle_05,2026-02-05 02:59:00,2026-02-05 02:59:09.856070,9.856069669407853
step_onset_severe_high_baseline_goldendoodle_05,2026-02-05 02:59:05,2026-02-05 02:59:15.781864,10.781864239926392
step_onset_severe_high_baseline_goldendoodle_05,2026-02-05 02:59:42,2026-02-05 02:59:50.399652,8.399652374153787
step_onset_severe_high_baseline_goldendoodle_05,2026-02-05 02:59:49,2026-02-05 02:59:57.496587,8.496586655197602
step_onset_severe_high_baseline_goldendoodle_05,2026-02-05 02:59:59,2026-02-05 03:00:10.172560,11.17256035289313
step_onset_severe_high_baseline_goldendoodle_05,2026-02-05 02:59:02,2026-02-05 02:59:10.479207,8.479207146002304
step_onset_severe_high_baseline_goldendoodle_05,2026-02-05 02:59:54,2026-02-05 03:00:01.740810,7.740810436551276
step_onset_severe_high_baseline_goldendoodle_05,2026-02-05 02:59:40,2026-02-05 02:59:49.703432,9.703431523339855
step_onset_severe_high_baseline_goldendoodle_05,2026-02-05 02:59:00,2026-02-05 02:59:07.840789,7.84078855846674
step_onset_severe_high_baseline_goldendoodle_05,2026-02-05 02:59:37,2026-02-05 02:59:47.126607,10.126607453167514
step_onset_severe_high_baseline_goldendoodle_05,2026-02-05 02:59:36,2026-02-05 02:59:47.241226,11.241226150986787
step_onset_severe_high_baseline_goldendoodle_05,2026-02-05 02:59:28,2026-02-05 02:59:35.890480,7.890479813165251
step_onset_severe_high_baseline_goldendoodle_05,2026-02-05 02:59:45,2026-02-05 02:59:55.232527,10.232527090776587
step_onset_severe_high_baseline_goldendoodle_05,2026-02-05 02:59:57,2026-02-05 03:00:02.781586,5.781586423754347
step_onset_severe_high_baseline_goldendoodle_05,2026-02-05 02:59:20,2026-02-05 02:59:29.596035,9.5960352824753
step_onset_severe_high_baseline_goldendoodle_05,2026-02-05 02:59:54,2026-02-05 03:00:04.537519,10.537518560616666
step_onset_severe_high_baseline_goldendoodle_05,2026-02-05 02:59:16,2026-02-05 02:59:24.225237,8.225236756676265
step_onset_severe_high_baseline_goldendoodle_05,2026-02-05 02:59:20,2026-02-05 02:59:27.646898,7.646898064082718
step_onset_severe_high_baseline_goldendoodle_05,2026-02-05 02:59:20,2026-02-05 02:59:26.521979,6.521979490259651
step_onset_severe_high_baseline_goldendoodle_05,2026-02-05 02:59:19,2026-02-05 02:59:27.869346,8.869345695898962
step_onset_severe_high_baseline_goldendoodle_05,2026-02-05 15:00:44,2026-02-05 15:00:49.511238,5.511238156107095
step_onset_severe_high_baseline_goldendoodle_05,2026-02-05 18:56:35,2026-02-05 18:56:42.542224,7.542224470838572
step_onset_severe_high_baseline_goldendoodle_05,2026-02-05 18:06:43,2026-02-05 18:06:53.143411,10.143411006100605
step_onset_severe_high_baseline_goldendoodle_05,2026-02-05 07:36:17,2026-02-05 07:36:26.054062,9.054061793800589
step_onset_severe_high_baseline_goldendoodle_05,2026-02-05 12:05:51,2026-02-05 12:06:00.161181,9.16118095032404
step_onset_severe_high_baseline_goldendoodle_05,2026-02-05 14:31:41,2026-02-05 14:31:46.150715,5.150714932065221
step_onset_severe_high_baseline_goldendoodle_05,2026-02-05 11:08:15,2026-02-05 11:08:26.283466,11.283465711534934
step_onset_severe_high_baseline_goldendoodle_05,2026-02-05 10:38:50,2026-02-05 10:38:59.121170,9.121170172145568
step_onset_severe_high_baseline_goldendoodle_05,2026-02-05 19:27:10,2026-02-05 19:27:18.032550,8.032549893451861
step_onset_severe_high_baseline_goldendoodle_05,2026-02-05 08:02:19,2026-02-05 08:02:27.825220,8.825219570627175
step_onset_severe_high_baseline_goldendoodle_05,2026-02-05 07:34:15,2026-02-05 07:34:23.676577,8.676577186193878
step_onset_severe_high_baseline_goldendoodle_05,2026-02-05 12:32:08,2026-02-05 12:32:17.823110,9.823109851046206
step_onset_severe_high_baseline_goldendoodle_05,2026-02-05 09:29:17,2026-02-05 09:29:26.169991,9.169991406938562
step_onset_severe_high_baseline_goldendoodle_05,2026-02-05 16:22:31,2026-02-05 16:22:36.495063,5.495063176902097
step_onset_severe_high_baseline_goldendoodle_05,2026-02-05 12:45:40,2026-02-05 12:45:48.968391,8.968390883927503
step_onset_severe_high_baseline_goldendoodle_05,2026-02-05 20:22:20,2026-02-05 20:22:25.812573,5.812573299313215
step_onset_severe_high_baseline_goldendoodle_05,2026-02-05 06:37:46,2026-02-05 06:37:51.842954,5.842954378958573
step_onset_severe_high_baseline_goldendoodle_05,2026-02-05 16:02:11,2026-02-05 16:02:17.746619,6.7466192115698735
step_onset_severe_high_baseline_goldendoodle_05,2026-02-05 06:48:11,2026-02-05 06:48:20.836377,9.83637681064479
step_onset_severe_high_baseline_goldendoodle_05,2026-02-05 21:32:12,2026-02-05 21:32:19.810896,7.810896285651415
step_onset_severe_high_baseline_goldendoodle_05,2026-02-05 19:12:44,2026-02-05 19:12:53.611595,9.61159511579822
step_onset_severe_high_baseline_goldendoodle_05,2026-02-05 17:49:27,2026-02-05 17:49:37.052828,10.05282819494328
step_onset_severe_high_baseline_goldendoodle_05,2026-02-06 01:00:17,2026-02-06 01:00:23.707737,6.707737206260435
step_onset_severe_high_baseline_goldendoodle_05,2026-02-06 01:06:29,2026-02-06 01:06:37.303683,8.303683143029637
step_onset_severe_high_baseline_goldendoodle_05,2026-02-06 01:12:51,2026-02-06 01:12:56.276190,5.276189926270692
step_onset_severe_high_baseline_goldendoodle_05,2026-02-06 01:18:09,2026-02-06 01:18:14.750892,5.750891737540491
step_onset_severe_high_baseline_goldendoodle_05,2026-02-06 01:24:32,2026-02-06 01:24:41.616944,9.616944359146775
step_onset_severe_high_baseline_goldendoodle_05,2026-02-06 01:30:33,2026-02-06 01:30:43.061422,10.061422220446243
step_onset_severe_high_baseline_goldendoodle_05,2026-02-06 01:36:14,2026-02-06 01:36:24.002981,10.00298128245406
step_onset_severe_high_baseline_goldendoodle_05,2026-02-06 01:42:09,2026-02-06 01:42:14.524857,5.524856567453814
step_onset_severe_high_baseline_goldendoodle_05,2026-02-06 01:48:36,2026-02-06 01:48:46.863485,10.863484886856941
step_onset_severe_high_baseline_goldendoodle_05,2026-02-06 01:54:44,2026-02-06 01:54:49.203268,5.203267885606093
step_onset_severe_high_baseline_goldendoodle_05,2026-02-06 01:59:03,2026-02-06 01:59:13.650351,10.650350720004376
step_onset_severe_high_baseline_goldendoodle_05,2026-02-06 01:59:58,2026-02-06 02:00:08.751263,10.75126281472628
step_onset_severe_high_baseline_goldendoodle_05,2026-02-06 01:59:21,2026-02-06 01:59:29.286100,8.286099729578643
step_onset_severe_high_baseline_goldendoodle_05,2026-02-06 01:59:04,2026-02-06 01:59:14.311235,10.311234664334124
step_onset_severe_high_baseline_goldendoodle_05,2026-02-06 01:59:50,2026-02-06 01:59:58.488151,8.488151338134237
step_onset_severe_high_baseline_goldendoodle_05,2026-02-06 01:59:10,2026-02-06 01:59:19.224313,9.224313407945164
step_onset_severe_high_baseline_goldendoodle_05,2026-02-06 01:59:32,2026-02-06 01:59:43.188363,11.188362507807495
step_onset_severe_high_baseline_goldendoodle_05,2026-02-06 09:23:20,2026-02-06 09:23:29.188492,9.188491961815558
step_onset_severe_high_baseline_goldendoodle_05,2026-02-06 06:48:12,2026-02-06 06:48:17.729075,5.729074500148926
step_onset_severe_high_baseline_goldendoodle_05,2026-02-06 09:31:56,2026-02-06 09:32:06.069536,10.069535778539892
step_onset_severe_high_baseline_goldendoodle_05,2026-02-06 19:15:05,2026-02-06 19:15:10.091537,5.091536878590843
step_onset_severe_high_baseline_goldendoodle_05,2026-02-06 08:53:17,2026-02-06 08:53:26.764044,9.76404405936828
step_onset_severe_high_baseline_goldendoodle_05,2026-02-06 13:03:18,2026-02-06 13:03:23.033988,5.033987925633615
step_onset_severe_high_baseline_goldendoodle_05,2026-02-06 10:49:57,2026-02-06 10:50:06.975925,9.975925144199712
step_onset_severe_high_baseline_goldendoodle_05,2026-02-06 12:11:13,2026-02-06 12:11:20.629602,7.629602080707809
step_onset_severe_high_baseline_goldendoodle_05,2026-02-06 17:38:10,2026-02-06 17:38:19.665221,9.665220971828923
step_onset_severe_high_baseline_goldendoodle_05,2026-02-06 07:24:12,2026-02-06 07:24:22.022802,10.022802380621489
step_onset_severe_high_baseline_goldendoodle_05,2026-02-06 19:57:07,2026-02-06 19:57:12.801784,5.801784277704858
step_onset_severe_high_baseline_goldendoodle_05,2026-02-06 12:49:45,2026-02-06 12:49:51.350868,6.350867511994439
step_onset_severe_high_baseline_goldendoodle_05,2026-02-06 09:09:37,2026-02-06 09:09:43.457808,6.457808312656248
step_onset_severe_high_baseline_goldendoodle_05,2026-02-06 09:39:54,2026-02-06 09:39:59.559771,5.559770904304461
step_onset_severe_high_baseline_goldendoodle_05,2026-02-06 16:21:56,2026-02-06 16:22:06.341204,10.341204061370096
step_onset_severe_high_baseline_goldendoodle_05,2026-02-06 14:32:44,2026-02-06 14:32:50.162976,6.162975653994139
step_onset_severe_high_baseline_goldendoodle_05,2026-02-06 12:47:03,2026-02-06 12:47:09.835059,6.8350594862112075
step_onset_severe_high_baseline_goldendoodle_05,2026-02-06 14:51:09,2026-02-06 14:51:17.089376,8.089376089518721
step_onset_severe_high_baseline_goldendoodle_05,2026-02-06 20:48:31,2026-02-06 20:48:42.025339,11.025338833813521
step_onset_severe_high_baseline_goldendoodle_05,2026-02-06 19:02:32,2026-02-06 19:02:43.563245,11.563245391339358
step_onset_severe_high_baseline_goldendoodle_05,2026-02-06 18:00:59,2026-02-06 18:01:04.408848,5.408848362820051
step_onset_severe_high_baseline_goldendoodle_05,2026-02-06 18:21:50,2026-02-06 18:22:00.065861,10.065861391573266
step_onset_severe_high_baseline_goldendoodle_05,2026-02-07 15:33:46,2026-02-07 15:33:52.046941,6.046940570956242
step_onset_severe_high_baseline_goldendoodle_05,2026-02-07 18:07:39,2026-02-07 18:07:46.353875,7.353874695853671
step_onset_severe_high_baseline_goldendoodle_05,2026-02-07 19:58:21,2026-02-07 19:58:31.032497,10.032496600638254
step_onset_severe_high_baseline_goldendoodle_05,2026-02-07 21:23:54,2026-02-07 21:24:04.836585,10.836585019403921
step_onset_severe_high_baseline_goldendoodle_05,2026-02-07 07:17:12,2026-02-07 07:17:18.052762,6.052761742711563
step_onset_severe_high_baseline_goldendoodle_05,2026-02-07 19:24:00,2026-02-07 19:24:09.313875,9.31387482786562
step_onset_severe_high_baseline_goldendoodle_05,2026-02-07 08:39:51,2026-02-07 08:40:00.370720,9.370719940811723
step_onset_severe_high_baseline_goldendoodle_05,2026-02-07 08:17:05,2026-02-07 08:17:11.535932,6.535931889485401
step_onset_severe_high_baseline_goldendoodle_05,2026-02-07 07:11:34,2026-02-07 07:11:40.478572,6.478571963327399
step_onset_severe_high_baseline_goldendoodle_05,2026-02-07 14:13:35,2026-02-07 14:13:46.575683,11.575683180925674
step_onset_severe_high_baseline_goldendoodle_05,2026-02-07 16:45:16,2026-02-07 16:45:26.001302,10.001302079948097
step_onset_severe_high_baseline_goldendoodle_05,2026-02-07 13:46:20,2026-02-07 13:46:28.856597,8.856597261640323
step_onset_severe_high_baseline_goldendoodle_05,2026-02-07 21:00:35,2026-02-07 21:00:42.317298,7.317297958569359
step_onset_severe_high_baseline_goldendoodle_05,2026-02-07 02:27:13,2026-02-07 02:27:22.386835,9.38683522445743
step_onset_severe_high_baseline_goldendoodle_05,2026-02-07 09:25:20,2026-02-07 09:25:28.205898,8.20589814746566
step_onset_severe_high_baseline_goldendoodle_05,2026-02-08 12:00:42,2026-02-08 12:00:50.401417,8.401416717329194
step_onset_severe_high_baseline_goldendoodle_05,2026-02-08 12:06:33,2026-02-08 12:06:40.404388,7.404388279011153
step_onset_severe_high_baseline_goldendoodle_05,2026-02-08 12:12:47,2026-02-08 12:12:52.173545,5.173544992722193
step_onset_severe_high_baseline_goldendoodle_05,2026-02-08 12:18:15,2026-02-08 12:18:20.480733,5.480733109928124
step_onset_severe_high_baseline_goldendoodle_05,2026-02-08 12:24:19,2026-02-08 12:24:28.615832,9.615831773581329
step_onset_severe_high_baseline_goldendoodle_05,2026-02-08 12:30:34,2026-02-08 12:30:44.252850,10.252849911274023
step_onset_severe_high_baseline_goldendoodle_05,2026-02-08 12:36:49,2026-02-08 12:36:55.351676,6.3516764259947776
step_onset_severe_high_baseline_goldendoodle_05,2026-02-08 12:42:25,2026-02-08 12:42:33.771468,8.771467534309384
step_onset_severe_high_baseline_goldendoodle_05,2026-02-08 12:48:31,2026-02-08 12:48:36.121837,5.121836583025793
step_onset_severe_high_baseline_goldendoodle_05,2026-02-08 12:54:15,2026-02-08 12:54:23.619489,8.619489387579918
step_onset_severe_high_baseline_goldendoodle_05,2026-02-08 12:59:04,2026-02-08 12:59:10.461110,6.461110153549606
step_onset_severe_high_baseline_goldendoodle_05,2026-02-08 12:59:48,2026-02-08 12:59:57.989569,9.989568797179436
step_onset_severe_high_baseline_goldendoodle_05,2026-02-08 12:59:37,2026-02-08 12:59:43.243539,6.243538864327374
step_onset_severe_high_baseline_goldendoodle_05,2026-02-08 12:59:27,2026-02-08 12:59:35.993043,8.993043216905098
step_onset_severe_high_baseline_goldendoodle_05,2026-02-08 12:59:15,2026-02-08 12:59:23.961012,8.961012376486906
step_onset_severe_high_baseline_goldendoodle_05,2026-02-08 12:59:09,2026-02-08 12:59:15.459740,6.459740051954277
step_onset_severe_high_baseline_goldendoodle_05,2026-02-08 12:59:31,2026-02-08 12:59:42.199426,11.199426280639244
step_onset_severe_high_baseline_goldendoodle_05,2026-02-08 12:59:30,2026-02-08 12:59:41.274226,11.274226150216878
step_onset_severe_high_baseline_goldendoodle_05,2026-02-08 12:59:51,2026-02-08 13:00:01.814796,10.814795962646096
step_onset_severe_high_baseline_goldendoodle_05,2026-02-08 12:59:53,2026-02-08 12:59:58.959324,5.9593242667115165
step_onset_severe_high_baseline_goldendoodle_05,2026-02-08 12:59:07,2026-02-08 12:59:17.071066,10.071066011644453
step_onset_severe_high_baseline_goldendoodle_05,2026-02-08 12:59:54,2026-02-08 13:00:01.300019,7.300019371517816
step_onset_severe_high_baseline_goldendoodle_05,2026-02-08 12:59:31,2026-02-08 12:59:41.776195,10.776195192885783
step_onset_severe_high_baseline_goldendoodle_05,2026-02-08 12:59:40,2026-02-08 12:59:49.404845,9.404845108340378
step_onset_severe_high_baseline_goldendoodle_05,2026-02-08 12:59:13,2026-02-08 12:59:21.390218,8.390217658204966
step_onset_severe_high_baseline_goldendoodle_05,2026-02-08 12:59:15,2026-02-08 12:59:23.620136,8.620136325241932
step_onset_severe_high_baseline_goldendoodle_05,2026-02-08 12:59:17,2026-02-08 12:59:25.385134,8.385133596982907
step_onset_severe_high_baseline_goldendoodle_05,2026-02-08 12:59:17,2026-02-08 12:59:27.688153,10.688152970275413
step_onset_severe_high_baseline_goldendoodle_05,2026-02-08 12:59:32,2026-02-08 12:59:40.178761,8.178761032095332
step_onset_severe_high_baseline_goldendoodle_05,2026-02-08 12:59:07,2026-02-08 12:59:15.819234,8.819233893866976
step_onset_severe_high_baseline_goldendoodle_05,2026-02-08 12:59:42,2026-02-08 12:59:51.946242,9.946242110100926
step_onset_severe_high_baseline_goldendoodle_05,2026-02-08 12:59:53,2026-02-08 13:00:02.539692,9.539691851971096
step_onset_severe_high_baseline_goldendoodle_05,2026-02-08 12:59:17,2026-02-08 12:59:24.664386,7.664386219453276
step_onset_severe_high_baseline_goldendoodle_05,2026-02-08 12:59:49,2026-02-08 12:59:54.360876,5.3608755092167115
step_onset_severe_high_baseline_goldendoodle_05,2026-02-08 12:59:37,2026-02-08 12:59:43.206378,6.206377535380272
step_onset_severe_high_baseline_goldendoodle_05,2026-02-08 12:59:26,2026-02-08 12:59:33.036453,7.036452743027301
step_onset_severe_high_baseline_goldendoodle_05,2026-02-08 12:59:03,2026-02-08 12:59:12.795912,9.795912036849696
step_onset_severe_high_baseline_goldendoodle_05,2026-02-08 12:59:08,2026-02-08 12:59:16.107821,8.107820854910349
step_onset_severe_high_baseline_goldendoodle_05,2026-02-08 12:59:35,2026-02-08 12:59:42.544285,7.544284746377351
step_onset_severe_high_baseline_goldendoodle_05,2026-02-08 12:59:30,2026-02-08 12:59:38.226805,8.226804574200807
step_onset_severe_high_baseline_goldendoodle_05,2026-02-08 12:59:28,2026-02-08 12:59:33.423090,5.423089733837691
step_onset_severe_high_baseline_goldendoodle_05,2026-02-08 12:59:42,2026-02-08 12:59:51.899013,9.899012613016785
step_onset_severe_high_baseline_goldendoodle_05,2026-02-08 12:59:07,2026-02-08 12:59:12.966185,5.966185263141371
step_onset_severe_high_baseline_goldendoodle_05,2026-02-08 12:59:37,2026-02-08 12:59:42.227790,5.227789927460005
step_onset_severe_high_baseline_goldendoodle_05,2026-02-08 07:24:39,2026-02-08 07:24:50.134442,11.134442420987867
step_onset_severe_high_baseline_goldendoodle_05,2026-02-08 07:47:59,2026-02-08 07:48:05.797272,6.797272110317905
step_onset_severe_high_baseline_goldendoodle_05,2026-02-08 10:46:52,2026-02-08 10:46:59.868620,7.868620445649592
step_onset_severe_high_baseline_goldendoodle_05,2026-02-08 10:00:49,2026-02-08 10:00:59.973869,10.973868721031685
step_onset_severe_high_baseline_goldendoodle_05,2026-02-08 18:26:10,2026-02-08 18:26:17.104330,7.1043297853419975
step_onset_severe_high_baseline_goldendoodle_05,2026-02-08 16:12:51,2026-02-08 16:12:57.043207,6.043207037552946
step_onset_severe_high_baseline_goldendoodle_05,2026-02-08 07:15:31,2026-02-08 07:15:36.856074,5.856074375530122
step_onset_severe_high_baseline_goldendoodle_05,2026-02-08 14:25:58,2026-02-08 14:26:07.387678,9.387678267843672
step_onset_severe_high_baseline_goldendoodle_05,2026-02-08 19:20:18,2026-02-08 19:20:28.178224,10.178223625572958
step_onset_severe_high_baseline_goldendoodle_05,2026-02-08 12:35:24,2026-02-08 12:35:32.819517,8.81951693116735
step_onset_severe_high_baseline_goldendoodle_05,2026-02-08 15:39:10,2026-02-08 15:39:16.882885,6.882884841086119
step_onset_severe_high_baseline_goldendoodle_05,2026-02-08 07:45:05,2026-02-08 07:45:15.276931,10.276931467346234
step_onset_severe_high_baseline_goldendoodle_05,2026-02-08 19:09:16,2026-02-08 19:09:25.726163,9.726163082743952
step_onset_severe_high_baseline_goldendoodle_05,2026-02-08 09:17:42,2026-02-08 09:17:49.993490,7.993489587756202
step_onset_severe_high_baseline_goldendoodle_05,2026-02-08 21:23:56,2026-02-08 21:24:07.157800,11.157799645621035
step_onset_severe_high_baseline_goldendoodle_05,2026-02-08 09:55:23,2026-02-08 09:55:31.792251,8.792250775222776
step_onset_severe_high_baseline_goldendoodle_05,2026-02-08 21:21:34,2026-02-08 21:21:44.145776,10.145775995224207
step_onset_severe_high_baseline_goldendoodle_05,2026-02-08 07:19:11,2026-02-08 07:19:21.077273,10.077272791044669
step_onset_severe_high_baseline_goldendoodle_05,2026-02-08 06:43:55,2026-02-08 06:44:02.087692,7.087691767911381
step_onset_severe_high_baseline_goldendoodle_05,2026-02-08 17:06:59,2026-02-08 17:07:06.931109,7.931108798079776
step_onset_severe_high_baseline_goldendoodle_05,2026-02-08 19:28:47,2026-02-08 19:28:57.060299,10.060298999049577
step_onset_severe_high_baseline_goldendoodle_05,2026-02-08 13:50:02,2026-02-08 13:50:09.330825,7.330825402264333
step_onset_severe_high_baseline_goldendoodle_05,2026-02-09 15:00:06,2026-02-09 15:00:11.206893,5.206892541027904
step_onset_severe_high_baseline_goldendoodle_05,2026-02-09 15:06:25,2026-02-09 15:06:31.524963,6.524962588729776
step_onset_severe_high_baseline_goldendoodle_05,2026-02-09 15:12:22,2026-02-09 15:12:31.503977,9.503977270607662
step_onset_severe_high_baseline_goldendoodle_05,2026-02-09 15:18:22,2026-02-09 15:18:29.489469,7.489469181044699
step_onset_severe_high_baseline_goldendoodle_05,2026-02-09 15:24:13,2026-02-09 15:24:22.620395,9.620395305252321
step_onset_severe_high_baseline_goldendoodle_05,2026-02-09 15:30:16,2026-02-09 15:30:24.547438,8.54743756490023
step_onset_severe_high_baseline_goldendoodle_05,2026-02-09 15:36:45,2026-02-09 15:36:52.145264,7.145263582421119
step_onset_severe_high_baseline_goldendoodle_05,2026-02-09 15:42:37,2026-02-09 15:42:46.103654,9.103654121460279
step_onset_severe_high_baseline_goldendoodle_05,2026-02-09 15:48:23,2026-02-09 15:48:28.187267,5.187266507762816
step_onset_severe_high_baseline_goldendoodle_05,2026-02-09 15:54:21,2026-02-09 15:54:31.356732,10.356731633388529
step_onset_severe_high_baseline_goldendoodle_05,2026-02-09 15:59:34,2026-02-09 15:59:43.499928,9.499927895126628
step_onset_severe_high_baseline_goldendoodle_05,2026-02-09 15:59:59,2026-02-09 16:00:04.214836,5.214835726902306
step_onset_severe_high_baseline_goldendoodle_05,2026-02-09 15:59:34,2026-02-09 15:59:39.232996,5.2329956522322165
step_onset_severe_high_baseline_goldendoodle_05,2026-02-09 15:59:02,2026-02-09 15:59:07.353546,5.353545653947473
step_onset_severe_high_baseline_goldendoodle_05,2026-02-09 15:59:57,2026-02-09 16:00:03.393016,6.3930161013106455
step_onset_severe_high_baseline_goldendoodle_05,2026-02-09 15:59:36,2026-02-09 15:59:41.573188,5.573188333004354
step_onset_severe_high_baseline_goldendoodle_05,2026-02-09 15:59:54,2026-02-09 16:00:02.193897,8.193896812951998
step_onset_severe_high_baseline_goldendoodle_05,2026-02-09 15:59:00,2026-02-09 15:59:08.566460,8.566460393495344
step_onset_severe_high_baseline_goldendoodle_05,2026-02-09 15:59:24,2026-02-09 15:59:32.100984,8.100984299473783
step_onset_severe_high_baseline_goldendoodle_05,2026-02-09 15:59:08,2026-02-09 15:59:14.336234,6.336234016207809
step_onset_severe_high_baseline_goldendoodle_05,2026-02-09 15:59:06,2026-02-09 15:59:15.479390,9.479389657667637
step_onset_severe_high_baseline_goldendoodle_05,2026-02-09 15:59:32,2026-02-09 15:59:37.591523,5.591523109898705
step_onset_severe_high_baseline_goldendoodle_05,2026-02-09 15:59:59,2026-02-09 16:00:06.295121,7.295121141238728
step_onset_severe_high_baseline_goldendoodle_05,2026-02-09 15:59:09,2026-02-09 15:59:16.548154,7.548154131452149
step_onset_severe_high_baseline_goldendoodle_05,2026-02-09 15:59:40,2026-02-09 15:59:48.362852,8.362851975497543
step_onset_severe_high_baseline_goldendoodle_05,2026-02-09 15:59:18,2026-02-09 15:59:27.926128,9.9261278264216
step_onset_severe_high_baseline_goldendoodle_05,2026-02-09 15:59:18,2026-02-09 15:59:29.046662,11.04666156948132
step_onset_severe_high_baseline_goldendoodle_05,2026-02-09 15:59:03,2026-02-09 15:59:13.763906,10.763906089291842
step_onset_severe_high_baseline_goldendoodle_05,2026-02-09 15:59:46,2026-02-09 15:59:53.346754,7.346753528441256
step_onset_severe_high_baseline_goldendoodle_05,2026-02-09 15:59:15,2026-02-09 15:59:25.920364,10.920363828962241
step_onset_severe_high_baseline_goldendoodle_05,2026-02-09 15:59:50,2026-02-09 16:00:00.854966,10.85496611065682
step_onset_severe_high_baseline_goldendoodle_05,2026-02-09 15:59:15,2026-02-09 15:59:26.436569,11.436568797801955
step_onset_severe_high_baseline_goldendoodle_05,2026-02-09 15:59:40,2026-02-09 15:59:47.142168,7.142168440884737
step_onset_severe_high_baseline_goldendoodle_05,2026-02-09 15:59:40,2026-02-09 15:59:47.066439,7.066438960307938
step_onset_severe_high_baseline_goldendoodle_05,2026-02-09 15:59:09,2026-02-09 15:59:15.592783,6.592783116116879
step_onset_severe_high_baseline_goldendoodle_05,2026-02-09 15:59:30,2026-02-09 15:59:36.485906,6.48590550366101
step_onset_severe_high_baseline_goldendoodle_05,2026-02-09 15:59:38,2026-02-09 15:59:45.803941,7.803941329307033
step_onset_severe_high_baseline_goldendoodle_05,2026-02-09 15:59:43,2026-02-09 15:59:50.429458,7.4294581508663455
step_onset_severe_high_baseline_goldendoodle_05,2026-02-09 15:59:20,2026-02-09 15:59:30.509592,10.509591564621989
step_onset_severe_high_baseline_goldendoodle_05,2026-02-09 15:59:31,2026-02-09 15:59:40.649515,9.649515329245865
step_onset_severe_high_baseline_goldendoodle_05,2026-02-09 15:59:16,2026-02-09 15:59:22.679850,6.679849817856747
step_onset_severe_high_baseline_goldendoodle_05,2026-02-09 15:59:40,2026-02-09 15:59:51.191174,11.191174140909311
step_onset_severe_high_baseline_goldendoodle_05,2026-02-09 15:59:23,2026-02-09 15:59:29.716668,6.716668080250536
step_onset_severe_high_baseline_goldendoodle_05,2026-02-09 15:59:05,2026-02-09 15:59:12.422238,7.4222381181657555
step_onset_severe_high_baseline_goldendoodle_05,2026-02-09 15:59:40,2026-02-09 15:59:49.543659,9.543659237498597
step_onset_severe_high_baseline_goldendoodle_05,2026-02-09 15:59:05,2026-02-09 15:59:10.299259,5.299258969373161
step_onset_severe_high_baseline_goldendoodle_05,2026-02-09 15:59:31,2026-02-09 15:59:38.070585,7.070585166941532
step_onset_severe_high_baseline_goldendoodle_05,2026-02-09 15:59:37,2026-02-09 15:59:46.417677,9.417677163349236
step_onset_severe_high_baseline_goldendoodle_05,2026-02-09 15:59:20,2026-02-09 15:59:27.581570,7.581569798427873
step_onset_severe_high_baseline_goldendoodle_05,2026-02-09 15:59:29,2026-02-09 15:59:37.332323,8.332322744236574
step_onset_severe_high_baseline_goldendoodle_05,2026-02-09 15:59:12,2026-02-09 15:59:22.638527,10.638526586001813
step_onset_severe_high_baseline_goldendoodle_05,2026-02-09 15:59:04,2026-02-09 15:59:10.114837,6.1148367118933376
step_onset_severe_high_baseline_goldendoodle_05,2026-02-09 15:59:25,2026-02-09 15:59:35.210865,10.210865420449402
step_onset_severe_high_baseline_goldendoodle_05,2026-02-09 15:59:45,2026-02-09 15:59:55.011741,10.011741476393357
step_onset_severe_high_baseline_goldendoodle_05,2026-02-09 15:59:17,2026-02-09 15:59:23.366780,6.366780130846751
step_onset_severe_high_baseline_goldendoodle_05,2026-02-09 15:59:13,2026-02-09 15:59:19.491146,6.491146469665019
step_onset_severe_high_baseline_goldendoodle_05,2026-02-09 15:59:00,2026-02-09 15:59:09.249756,9.24975551848258
step_onset_severe_high_baseline_goldendoodle_05,2026-02-09 15:59:13,2026-02-09 15:59:20.598505,7.5985046933686435
step_onset_severe_high_baseline_goldendoodle_05,2026-02-09 15:59:40,2026-02-09 15:59:45.053573,5.053572543721311
step_onset_severe_high_baseline_goldendoodle_05,2026-02-09 15:59:46,2026-02-09 15:59:53.656503,7.656503464400659
step_onset_severe_high_baseline_goldendoodle_05,2026-02-09 15:59:21,2026-02-09 15:59:30.428647,9.428647164448094
step_onset_severe_high_baseline_goldendoodle_05,2026-02-09 15:59:55,2026-02-09 16:00:06.563743,11.563743146332783
step_onset_severe_high_baseline_goldendoodle_05,2026-02-09 15:59:07,2026-02-09 15:59:12.019801,5.019800969728669
step_onset_severe_high_baseline_goldendoodle_05,2026-02-09 15:59:59,2026-02-09 16:00:06.173363,7.173363383605611
step_onset_severe_high_baseline_goldendoodle_05,2026-02-09 15:59:21,2026-02-09 15:59:31.829656,10.829656080221156
step_onset_severe_high_baseline_goldendoodle_05,2026-02-09 15:59:15,2026-02-09 15:59:24.974036,9.974036248110686
step_onset_severe_high_baseline_goldendoodle_05,2026-02-09 15:59:28,2026-02-09 15:59:36.243519,8.243519054147113
step_onset_severe_high_baseline_goldendoodle_05,2026-02-09 15:59:33,2026-02-09 15:59:39.485602,6.4856023231626985
step_onset_severe_high_baseline_goldendoodle_05,2026-02-09 15:59:08,2026-02-09 15:59:19.424866,11.424866489108592
step_onset_severe_high_baseline_goldendoodle_05,2026-02-09 15:59:38,2026-02-09 15:59:47.472722,9.472721651816723
step_onset_severe_high_baseline_goldendoodle_05,2026-02-09 15:59:46,2026-02-09 15:59:54.144554,8.144554272470044
step_onset_severe_high_baseline_goldendoodle_05,2026-02-09 15:59:03,2026-02-09 15:59:08.224961,5.224961208487311
step_onset_severe_high_baseline_goldendoodle_05,2026-02-09 15:59:49,2026-02-09 15:59:55.701875,6.701874804357237
step_onset_severe_high_baseline_goldendoodle_05,2026-02-09 15:59:18,2026-02-09 15:59:23.673126,5.6731263741012645
step_onset_severe_high_baseline_goldendoodle_05,2026-02-09 15:59:45,2026-02-09 15:59:50.794287,5.794286738317933
step_onset_severe_high_baseline_goldendoodle_05,2026-02-09 15:59:11,2026-02-09 15:59:20.223091,9.223090532430373
step_onset_severe_high_baseline_goldendoodle_05,2026-02-09 15:59:09,2026-02-09 15:59:15.213929,6.213928758877985
step_onset_severe_high_baseline_goldendoodle_05,2026-02-09 15:59:36,2026-02-09 15:59:47.324111,11.324111109265639
step_onset_severe_high_baseline_goldendoodle_05,2026-02-09 15:59:32,2026-02-09 15:59:40.236822,8.2368216799444
step_onset_severe_high_baseline_goldendoodle_05,2026-02-09 15:59:21,2026-02-09 15:59:28.349132,7.349131529987186
step_onset_severe_high_baseline_goldendoodle_05,2026-02-09 15:59:27,2026-02-09 15:59:36.367248,9.367247919473447
step_onset_severe_high_baseline_goldendoodle_05,2026-02-09 15:59:22,2026-02-09 15:59:32.626901,10.626901222781484
step_onset_severe_high_baseline_goldendoodle_05,2026-02-09 15:59:18,2026-02-09 15:59:23.952685,5.9526850451354365
step_onset_severe_high_baseline_goldendoodle_05,2026-02-09 20:14:46,2026-02-09 20:14:52.703420,6.7034197163544995
step_onset_severe_high_baseline_goldendoodle_05,2026-02-09 12:19:21,2026-02-09 12:19:26.129601,5.129601330387394
step_onset_severe_high_baseline_goldendoodle_05,2026-02-09 14:35:33,2026-02-09 14:35:39.400559,6.400559358310462
step_onset_severe_high_baseline_goldendoodle_05,2026-02-09 13:17:20,2026-02-09 13:17:29.669610,9.669610358315296
step_onset_severe_high_baseline_goldendoodle_05,2026-02-09 17:43:08,2026-02-09 17:43:13.714389,5.714388902169281
step_onset_severe_high_baseline_goldendoodle_05,2026-02-09 15:48:54,2026-02-09 15:48:59.648086,5.648085743727786
step_onset_severe_high_baseline_goldendoodle_05,2026-02-09 18:49:58,2026-02-09 18:50:07.643930,9.643929647825908
step_onset_severe_high_baseline_goldendoodle_05,2026-02-09 11:01:06,2026-02-09 11:01:15.504014,9.504013710937201
step_onset_severe_high_baseline_goldendoodle_05,2026-02-09 10:29:25,2026-02-09 10:29:31.919058,6.919057871606478
step_onset_severe_high_baseline_goldendoodle_05,2026-02-09 10:17:01,2026-02-09 10:17:09.761970,8.76196973939931
step_onset_severe_high_baseline_goldendoodle_05,2026-02-09 09:43:39,2026-02-09 09:43:47.401625,8.401625317916874
step_onset_severe_high_baseline_goldendoodle_05,2026-02-09 21:47:19,2026-02-09 21:47:24.981946,5.981945843386107
step_onset_severe_high_baseline_goldendoodle_05,2026-02-09 07:49:25,2026-02-09 07:49:31.111665,6.111664792297345
step_onset_severe_high_baseline_goldendoodle_05,2026-02-09 07:00:54,2026-02-09 07:00:59.596040,5.596039571676153
step_onset_severe_high_baseline_goldendoodle_05,2026-02-09 14:47:03,2026-02-09 14:47:08.136617,5.136617452020411
step_onset_severe_high_baseline_goldendoodle_05,2026-02-09 07:21:44,2026-02-09 07:21:53.007239,9.00723915046073
step_onset_severe_high_baseline_goldendoodle_05,2026-02-09 13:32:16,2026-02-09 13:32:27.167465,11.167464840106712
step_onset_severe_high_baseline_goldendoodle_05,2026-02-09 19:12:43,2026-02-09 19:12:53.350722,10.350721521530604
step_onset_severe_high_baseline_goldendoodle_05,2026-02-09 10:57:42,2026-02-09 10:57:49.585276,7.585275965304359
step_onset_severe_high_baseline_goldendoodle_05,2026-02-09 19:28:18,2026-02-09 19:28:29.543544,11.543543520326196
step_onset_severe_high_baseline_goldendoodle_05,2026-02-09 21:08:24,2026-02-09 21:08:32.146780,8.14678019791146
step_onset_severe_high_baseline_goldendoodle_05,2026-02-09 12:16:36,2026-02-09 12:16:44.093751,8.093751026600842
