pet_id,date,valid_wear_hours
chronic_high_severe_goldendoodle_start_01,2026-01-01,20.7
chronic_high_severe_goldendoodle_start_01,2026-01-02,16.61
chronic_high_severe_goldendoodle_start_01,2026-01-03,20.32
chronic_high_severe_goldendoodle_start_01,2026-01-04,21.1
chronic_high_severe_goldendoodle_start_01,2026-01-05,21.14
chronic_high_severe_goldendoodle_start_01,2026-01-06,20.18
chronic_high_severe_goldendoodle_start_01,2026-01-07,20.42
chronic_high_severe_goldendoodle_start_01,2026-01-08,17.97
chronic_high_severe_goldendoodle_start_01,2026-01-09,20.56
chronic_high_severe_goldendoodle_start_01,2026-01-10,17.41
chronic_high_severe_goldendoodle_start_01,2026-01-11,16.46
chronic_high_severe_goldendoodle_start_01,2026-01-12,17.7
chronic_high_severe_goldendoodle_start_01,2026-01-13,16.79
chronic_high_severe_goldendoodle_start_01,2026-01-14,16.7
chronic_high_severe_goldendoodle_start_01,2026-01-15,16.83
chronic_high_severe_goldendoodle_start_01,2026-01-16,22.37
chronic_high_severe_goldendoodle_start_01,2026-01-17,21.66
chronic_high_severe_goldendoodle_start_01,2026-01-18,16.74
chronic_high_severe_goldendoodle_start_01,2026-01-19,21.38
chronic_high_severe_goldendoodle_start_01,2026-01-20,21.95
chronic_high_severe_goldendoodle_start_01,2026-01-21,19.56
chronic_high_severe_goldendoodle_start_01,2026-01-22,22.11
chronic_high_severe_goldendoodle_start_01,2026-01-23,17.9
chronic_high_severe_goldendoodle_start_01,2026-01-24,17.39
chronic_high_severe_goldendoodle_start_01,2026-01-25,20.28
chronic_high_severe_goldendoodle_start_01,2026-01-26,18.85
chronic_high_severe_goldendoodle_start_01,2026-01-27,17.29
chronic_high_severe_goldendoodle_start_01,2026-01-28,20.98
chronic_high_severe_goldendoodle_start_01,2026-01-29,16.85
chronic_high_severe_goldendoodle_start_01,2026-01-30,19.83
chronic_high_severe_goldendoodle_start_01,2026-01-31,20.46
chronic_high_severe_goldendoodle_start_01,2026-02-01,16.33
chronic_high_severe_goldendoodle_start_01,2026-02-02,17.65
chronic_high_severe_goldendoodle_start_01,2026-02-03,21.55
chronic_high_severe_goldendoodle_start_01,2026-02-04,20.36
chronic_high_mild_boundary_bichon_02,2026-01-01,17.57
chronic_high_mild_boundary_bichon_02,2026-01-02,22.25
chronic_high_mild_boundary_bichon_02,2026-01-03,18.53
chronic_high_mild_boundary_bichon_02,2026-01-04,22.48
chronic_high_mild_boundary_bichon_02,2026-01-05,17.17
chronic_high_mild_boundary_bichon_02,2026-01-06,22.33
chronic_high_mild_boundary_bichon_02,2026-01-07,22.29
chronic_high_mild_boundary_bichon_02,2026-01-08,22.42
chronic_high_mild_boundary_bichon_02,2026-01-09,20.68
chronic_high_mild_boundary_bichon_02,2026-01-10,22.44
chronic_high_mild_boundary_bichon_02,2026-01-11,21.44
chronic_high_mild_boundary_bichon_02,2026-01-12,17.01
chronic_high_mild_boundary_bichon_02,2026-01-13,21.93
chronic_high_mild_boundary_bichon_02,2026-01-14,16.96
chronic_high_mild_boundary_bichon_02,2026-01-15,20.13
chronic_high_mild_boundary_bichon_02,2026-01-16,16.2
chronic_high_mild_boundary_bichon_02,2026-01-17,19.75
chronic_high_mild_boundary_bichon_02,2026-01-18,17.5
chronic_high_mild_boundary_bichon_02,2026-01-19,17.96
chronic_high_mild_boundary_bichon_02,2026-01-20,22.83
chronic_high_mild_boundary_bichon_02,2026-01-21,21.76
chronic_high_mild_boundary_bichon_02,2026-01-22,19.65
chronic_high_mild_boundary_bichon_02,2026-01-23,21.47
chronic_high_mild_boundary_bichon_02,2026-01-24,20.97
chronic_high_mild_boundary_bichon_02,2026-01-25,16.57
chronic_high_mild_boundary_bichon_02,2026-01-26,20.81
chronic_high_mild_boundary_bichon_02,2026-01-27,21.78
chronic_high_mild_boundary_bichon_02,2026-01-28,18.81
chronic_high_mild_boundary_bichon_02,2026-01-29,18.69
chronic_high_mild_boundary_bichon_02,2026-01-30,16.15
chronic_high_mild_boundary_bichon_02,2026-01-31,22.0
chronic_high_mild_boundary_bichon_02,2026-02-01,20.39
step_onset_mild_late_maltese_03,2026-01-01,19.31
step_onset_mild_late_maltese_03,2026-01-02,19.02
step_onset_mild_late_maltese_03,2026-01-03,16.4
step_onset_mild_late_maltese_03,2026-01-04,16.77
step_onset_mild_late_maltese_03,2026-01-05,19.9
step_onset_mild_late_maltese_03,2026-01-06,22.53
step_onset_mild_late_maltese_03,2026-01-07,16.83
step_onset_mild_late_maltese_03,2026-01-08,20.22
step_onset_mild_late_maltese_03,2026-01-09,18.81
step_onset_mild_late_maltese_03,2026-01-10,21.48
step_onset_mild_late_maltese_03,2026-01-11,21.71
step_onset_mild_late_maltese_03,2026-01-12,19.89
step_onset_mild_late_maltese_03,2026-01-13,17.25
step_onset_mild_late_maltese_03,2026-01-14,19.31
step_onset_mild_late_maltese_03,2026-01-15,21.22
step_onset_mild_late_maltese_03,2026-01-16,17.17
step_onset_mild_late_maltese_03,2026-01-17,18.85
step_onset_mild_late_maltese_03,2026-01-18,22.49
step_onset_mild_late_maltese_03,2026-01-19,19.11
step_onset_mild_late_maltese_03,2026-01-20,17.53
step_onset_mild_late_maltese_03,2026-01-21,16.6
step_onset_mild_late_maltese_03,2026-01-22,16.46
step_onset_mild_late_maltese_03,2026-01-23,18.63
step_onset_mild_late_maltese_03,2026-01-24,20.16
step_onset_mild_late_maltese_03,2026-01-25,17.11
step_onset_mild_late_maltese_03,2026-01-26,19.04
step_onset_mild_late_maltese_03,2026-01-27,19.63
step_onset_mild_late_maltese_03,2026-01-28,16.73
step_onset_mild_late_maltese_03,2026-01-29,19.67
step_onset_mild_late_maltese_03,2026-01-30,16.28
step_onset_mild_late_maltese_03,2026-01-31,20.94
step_onset_mild_late_maltese_03,2026-02-01,18.87
step_onset_mild_late_maltese_03,2026-02-02,22.88
step_onset_mild_late_maltese_03,2026-02-03,17.34
step_onset_mild_late_maltese_03,2026-02-04,22.86
step_onset_mild_late_maltese_03,2026-02-05,16.73
step_onset_mild_late_maltese_03,2026-02-06,21.59
step_onset_mild_late_maltese_03,2026-02-07,20.71
step_onset_mild_late_maltese_03,2026-02-08,21.76
step_onset_mild_late_maltese_03,2026-02-09,18.8
step_onset_mild_late_maltese_03,2026-02-10,16.77
step_onset_mild_late_maltese_03,2026-02-11,19.81
step_onset_mild_late_maltese_03,2026-02-12,20.97
step_onset_mild_late_maltese_03,2026-02-13,16.78
step_onset_mild_late_maltese_03,2026-02-14,18.74
step_onset_moderate_early_tugou_04,2026-01-01,20.24
step_onset_moderate_early_tugou_04,2026-01-02,22.03
step_onset_moderate_early_tugou_04,2026-01-03,21.02
step_onset_moderate_early_tugou_04,2026-01-04,18.96
step_onset_moderate_early_tugou_04,2026-01-05,17.07
step_onset_moderate_early_tugou_04,2026-01-06,18.99
step_onset_moderate_early_tugou_04,2026-01-07,22.97
step_onset_moderate_early_tugou_04,2026-01-08,17.86
step_onset_moderate_early_tugou_04,2026-01-09,21.54
step_onset_moderate_early_tugou_04,2026-01-10,21.95
step_onset_moderate_early_tugou_04,2026-01-11,16.96
step_onset_moderate_early_tugou_04,2026-01-12,16.65
step_onset_moderate_early_tugou_04,2026-01-13,17.52
step_onset_moderate_early_tugou_04,2026-01-14,21.34
step_onset_moderate_early_tugou_04,2026-01-15,17.89
step_onset_moderate_early_tugou_04,2026-01-16,16.6
step_onset_moderate_early_tugou_04,2026-01-17,19.94
step_onset_moderate_early_tugou_04,2026-01-18,16.46
step_onset_moderate_early_tugou_04,2026-01-19,21.09
step_onset_moderate_early_tugou_04,2026-01-20,19.37
step_onset_moderate_early_tugou_04,2026-01-21,20.6
step_onset_moderate_early_tugou_04,2026-01-22,21.09
step_onset_moderate_early_tugou_04,2026-01-23,16.41
step_onset_moderate_early_tugou_04,2026-01-24,20.39
step_onset_moderate_early_tugou_04,2026-01-25,19.89
step_onset_moderate_early_tugou_04,2026-01-26,20.45
step_onset_moderate_early_tugou_04,2026-01-27,19.88
step_onset_moderate_early_tugou_04,2026-01-28,19.58
step_onset_moderate_early_tugou_04,2026-01-29,20.51
step_onset_moderate_early_tugou_04,2026-01-30,22.94
step_onset_severe_high_baseline_goldendoodle_05,2026-01-01,19.08
step_onset_severe_high_baseline_goldendoodle_05,2026-01-02,16.4
step_onset_severe_high_baseline_goldendoodle_05,2026-01-03,16.45
step_onset_severe_high_baseline_goldendoodle_05,2026-01-04,21.49
step_onset_severe_high_baseline_goldendoodle_05,2026-01-05,19.04
step_onset_severe_high_baseline_goldendoodle_05,2026-01-06,16.73
step_onset_severe_high_baseline_goldendoodle_05,2026-01-07,17.29
step_onset_severe_high_baseline_goldendoodle_05,2026-01-08,19.88
step_onset_severe_high_baseline_goldendoodle_05,2026-01-09,18.08
step_onset_severe_high_baseline_goldendoodle_05,2026-01-10,20.96
step_onset_severe_high_baseline_goldendoodle_05,2026-01-11,19.47
step_onset_severe_high_baseline_goldendoodle_05,2026-01-12,18.63
step_onset_severe_high_baseline_goldendoodle_05,2026-01-13,19.78
step_onset_severe_high_baseline_goldendoodle_05,2026-01-14,20.2
step_onset_severe_high_baseline_goldendoodle_05,2026-01-15,18.97
step_onset_severe_high_baseline_goldendoodle_05,2026-01-16,18.4
step_onset_severe_high_baseline_goldendoodle_05,2026-01-17,20.97
step_onset_severe_high_baseline_goldendoodle_05,2026-01-18,22.77
step_onset_severe_high_baseline_goldendoodle_05,2026-01-19,20.86
step_onset_severe_high_baseline_goldendoodle_05,2026-01-20,19.99
step_onset_severe_high_baseline_goldendoodle_05,2026-01-21,17.65
step_onset_severe_high_baseline_goldendoodle_05,2026-01-22,16.79
step_onset_severe_high_baseline_goldendoodle_05,2026-01-23,19.7
step_onset_severe_high_baseline_goldendoodle_05,2026-01-24,19.51
step_onset_severe_high_baseline_goldendoodle_05,2026-01-25,21.19
step_onset_severe_high_baseline_goldendoodle_05,2026-01-26,22.01
step_onset_severe_high_baseline_goldendoodle_05,2026-01-27,22.97
step_onset_severe_high_baseline_goldendoodle_05,2026-01-28,22.27
step_onset_severe_high_baseline_goldendoodle_05,2026-01-29,16.34
step_onset_severe_high_baseline_goldendoodle_05,2026-01-30,16.57
step_onset_severe_high_baseline_goldendoodle_05,2026-01-31,22.56
step_onset_severe_high_baseline_goldendoodle_05,2026-02-01,17.07
step_onset_severe_high_baseline_goldendoodle_05,2026-02-02,22.22
step_onset_severe_high_baseline_goldendoodle_05,2026-02-03,17.76
step_onset_severe_high_baseline_goldendoodle_05,2026-02-04,16.53
step_onset_severe_high_baseline_goldendoodle_05,2026-02-05,16.15
step_onset_severe_high_baseline_goldendoodle_05,2026-02-06,21.59
step_onset_severe_high_baseline_goldendoodle_05,2026-02-07,19.78
step_onset_severe_high_baseline_goldendoodle_05,2026-02-08,17.48
step_onset_severe_high_baseline_goldendoodle_05,2026-02-09,19.44
step_onset_severe_low_baseline_maltese_06,2026-01-01,16.73
step_onset_severe_low_baseline_maltese_06,2026-01-02,21.5
step_onset_severe_low_baseline_maltese_06,2026-01-03,17.53
step_onset_severe_low_baseline_maltese_06,2026-01-04,17.89
step_onset_severe_low_baseline_maltese_06,2026-01-05,18.55
step_onset_severe_low_baseline_maltese_06,2026-01-06,17.68
step_onset_severe_low_baseline_maltese_06,2026-01-07,19.99
step_onset_severe_low_baseline_maltese_06,2026-01-08,20.22
step_onset_severe_low_baseline_maltese_06,2026-01-09,21.81
step_onset_severe_low_baseline_maltese_06,2026-01-10,21.15
step_onset_severe_low_baseline_maltese_06,2026-01-11,21.31
step_onset_severe_low_baseline_maltese_06,2026-01-12,17.59
step_onset_severe_low_baseline_maltese_06,2026-01-13,20.56
step_onset_severe_low_baseline_maltese_06,2026-01-14,21.72
step_onset_severe_low_baseline_maltese_06,2026-01-15,19.64
step_onset_severe_low_baseline_maltese_06,2026-01-16,20.1
step_onset_severe_low_baseline_maltese_06,2026-01-17,22.31
step_onset_severe_low_baseline_maltese_06,2026-01-18,18.19
step_onset_severe_low_baseline_maltese_06,2026-01-19,19.98
step_onset_severe_low_baseline_maltese_06,2026-01-20,16.1
step_onset_severe_low_baseline_maltese_06,2026-01-21,21.5
step_onset_severe_low_baseline_maltese_06,2026-01-22,17.93
step_onset_severe_low_baseline_maltese_06,2026-01-23,21.99
step_onset_severe_low_baseline_maltese_06,2026-01-24,16.25
step_onset_severe_low_baseline_maltese_06,2026-01-25,20.41
step_onset_severe_low_baseline_maltese_06,2026-01-26,16.34
step_onset_severe_low_baseline_maltese_06,2026-01-27,19.79
step_onset_severe_low_baseline_maltese_06,2026-01-28,20.79
step_onset_severe_low_baseline_maltese_06,2026-01-29,18.24
step_onset_severe_low_baseline_maltese_06,2026-01-30,22.85
step_onset_severe_low_baseline_maltese_06,2026-01-31,18.66
step_onset_severe_low_baseline_maltese_06,2026-02-01,17.29
step_onset_severe_low_baseline_maltese_06,2026-02-02,17.59
step_onset_severe_low_baseline_maltese_06,2026-02-03,17.97
step_onset_severe_low_baseline_maltese_06,2026-02-04,16.28
step_onset_severe_low_baseline_maltese_06,2026-02-05,19.23
step_onset_severe_low_baseline_maltese_06,2026-02-06,20.35
step_onset_severe_low_baseline_maltese_06,2026-02-07,17.98
step_onset_severe_low_baseline_maltese_06,2026-02-08,16.5
step_onset_severe_low_baseline_maltese_06,2026-02-09,16.71
step_onset_boundary_2x_bichon_07,2026-01-01,19.8
step_onset_boundary_2x_bichon_07,2026-01-02,21.24
step_onset_boundary_2x_bichon_07,2026-01-03,18.17
step_onset_boundary_2x_bichon_07,2026-01-04,19.91
step_onset_boundary_2x_bichon_07,2026-01-05,21.93
step_onset_boundary_2x_bichon_07,2026-01-06,16.2
step_onset_boundary_2x_bichon_07,2026-01-07,18.6
step_onset_boundary_2x_bichon_07,2026-01-08,20.39
step_onset_boundary_2x_bichon_07,2026-01-09,21.12
step_onset_boundary_2x_bichon_07,2026-01-10,17.13
step_onset_boundary_2x_bichon_07,2026-01-11,18.36
step_onset_boundary_2x_bichon_07,2026-01-12,20.79
step_onset_boundary_2x_bichon_07,2026-01-13,19.79
step_onset_boundary_2x_bichon_07,2026-01-14,21.45
step_onset_boundary_2x_bichon_07,2026-01-15,21.54
step_onset_boundary_2x_bichon_07,2026-01-16,18.4
step_onset_boundary_2x_bichon_07,2026-01-17,21.31
step_onset_boundary_2x_bichon_07,2026-01-18,18.53
step_onset_boundary_2x_bichon_07,2026-01-19,17.75
step_onset_boundary_2x_bichon_07,2026-01-20,17.13
step_onset_boundary_2x_bichon_07,2026-01-21,22.85
step_onset_boundary_2x_bichon_07,2026-01-22,18.28
step_onset_boundary_2x_bichon_07,2026-01-23,22.78
step_onset_boundary_2x_bichon_07,2026-01-24,22.52
step_onset_boundary_2x_bichon_07,2026-01-25,19.19
step_onset_boundary_2x_bichon_07,2026-01-26,21.89
step_onset_boundary_2x_bichon_07,2026-01-27,16.52
step_onset_boundary_2x_bichon_07,2026-01-28,22.19
step_onset_boundary_2x_bichon_07,2026-01-29,22.15
step_onset_boundary_2x_bichon_07,2026-01-30,17.55
step_onset_boundary_2x_bichon_07,2026-01-31,21.86
step_onset_boundary_2x_bichon_07,2026-02-01,20.38
step_onset_boundary_2x_bichon_07,2026-02-02,17.28
step_onset_boundary_2x_bichon_07,2026-02-03,20.26
step_onset_boundary_2x_bichon_07,2026-02-04,21.9
step_onset_boundary_2x_bichon_07,2026-02-05,17.63
step_onset_boundary_3x_tugou_08,2026-01-01,7.53
step_onset_boundary_3x_tugou_08,2026-01-02,16.4
step_onset_boundary_3x_tugou_08,2026-01-03,17.99
step_onset_boundary_3x_tugou_08,2026-01-04,20.26
step_onset_boundary_3x_tugou_08,2026-01-05,19.24
step_onset_boundary_3x_tugou_08,2026-01-06,8.54
step_onset_boundary_3x_tugou_08,2026-01-07,19.35
step_onset_boundary_3x_tugou_08,2026-01-08,17.25
step_onset_boundary_3x_tugou_08,2026-01-09,19.01
step_onset_boundary_3x_tugou_08,2026-01-10,19.61
step_onset_boundary_3x_tugou_08,2026-01-11,5.58
step_onset_boundary_3x_tugou_08,2026-01-12,19.27
step_onset_boundary_3x_tugou_08,2026-01-13,18.09
step_onset_boundary_3x_tugou_08,2026-01-14,16.32
step_onset_boundary_3x_tugou_08,2026-01-15,19.93
step_onset_boundary_3x_tugou_08,2026-01-16,2.66
step_onset_boundary_3x_tugou_08,2026-01-17,18.67
step_onset_boundary_3x_tugou_08,2026-01-18,22.03
step_onset_boundary_3x_tugou_08,2026-01-19,20.34
step_onset_boundary_3x_tugou_08,2026-01-20,20.16
step_onset_boundary_3x_tugou_08,2026-01-21,8.19
step_onset_boundary_3x_tugou_08,2026-01-22,22.11
step_onset_boundary_3x_tugou_08,2026-01-23,20.01
step_onset_boundary_3x_tugou_08,2026-01-24,18.19
step_onset_boundary_3x_tugou_08,2026-01-25,16.81
step_onset_boundary_3x_tugou_08,2026-01-26,8.55
step_onset_boundary_3x_tugou_08,2026-01-27,20.56
step_onset_boundary_3x_tugou_08,2026-01-28,21.64
step_onset_boundary_3x_tugou_08,2026-01-29,18.45
step_onset_boundary_3x_tugou_08,2026-01-30,17.77
step_onset_boundary_3x_tugou_08,2026-01-31,3.45
step_onset_boundary_3x_tugou_08,2026-02-01,18.91
step_onset_boundary_3x_tugou_08,2026-02-02,20.86
step_onset_boundary_3x_tugou_08,2026-02-03,18.63
step_onset_boundary_3x_tugou_08,2026-02-04,18.65
step_onset_boundary_3x_tugou_08,2026-02-05,2.91
step_onset_boundary_3x_tugou_08,2026-02-06,21.62
step_onset_boundary_3x_tugou_08,2026-02-07,16.23
chronic_high_severe_sparse_history_maltese_09,2026-01-01,16.21
chronic_high_severe_sparse_history_maltese_09,2026-01-02,22.3
chronic_high_severe_sparse_history_maltese_09,2026-01-03,21.49
chronic_high_severe_sparse_history_maltese_09,2026-01-04,16.57
chronic_high_severe_sparse_history_maltese_09,2026-01-05,22.88
chronic_high_severe_sparse_history_maltese_09,2026-01-06,21.38
chronic_high_severe_sparse_history_maltese_09,2026-01-07,22.91
chronic_high_severe_sparse_history_maltese_09,2026-01-08,19.67
chronic_high_severe_sparse_history_maltese_09,2026-01-09,17.43
step_onset_mild_night_focused_goldendoodle_10,2026-01-01,18.95
step_onset_mild_night_focused_goldendoodle_10,2026-01-02,16.28
step_onset_mild_night_focused_goldendoodle_10,2026-01-03,17.9
step_onset_mild_night_focused_goldendoodle_10,2026-01-04,22.92
step_onset_mild_night_focused_goldendoodle_10,2026-01-05,22.42
step_onset_mild_night_focused_goldendoodle_10,2026-01-06,21.01
step_onset_mild_night_focused_goldendoodle_10,2026-01-07,20.18
step_onset_mild_night_focused_goldendoodle_10,2026-01-08,16.54
step_onset_mild_night_focused_goldendoodle_10,2026-01-09,21.82
step_onset_mild_night_focused_goldendoodle_10,2026-01-10,17.22
step_onset_mild_night_focused_goldendoodle_10,2026-01-11,17.45
step_onset_mild_night_focused_goldendoodle_10,2026-01-12,19.47
step_onset_mild_night_focused_goldendoodle_10,2026-01-13,17.76
step_onset_mild_night_focused_goldendoodle_10,2026-01-14,16.14
step_onset_mild_night_focused_goldendoodle_10,2026-01-15,18.58
step_onset_mild_night_focused_goldendoodle_10,2026-01-16,17.23
step_onset_mild_night_focused_goldendoodle_10,2026-01-17,18.23
step_onset_mild_night_focused_goldendoodle_10,2026-01-18,18.54
step_onset_mild_night_focused_goldendoodle_10,2026-01-19,17.49
step_onset_mild_night_focused_goldendoodle_10,2026-01-20,21.27
step_onset_mild_night_focused_goldendoodle_10,2026-01-21,17.72
step_onset_mild_night_focused_goldendoodle_10,2026-01-22,21.74
step_onset_mild_night_focused_goldendoodle_10,2026-01-23,21.53
step_onset_mild_night_focused_goldendoodle_10,2026-01-24,18.81
step_onset_mild_night_focused_goldendoodle_10,2026-01-25,22.62
step_onset_mild_night_focused_goldendoodle_10,2026-01-26,22.21
step_onset_mild_night_focused_goldendoodle_10,2026-01-27,18.61
step_onset_mild_night_focused_goldendoodle_10,2026-01-28,20.16
step_onset_mild_night_focused_goldendoodle_10,2026-01-29,20.28
step_onset_mild_night_focused_goldendoodle_10,2026-01-30,17.01
step_onset_mild_night_focused_goldendoodle_10,2026-01-31,17.87
step_onset_mild_night_focused_goldendoodle_10,2026-02-01,17.41
step_onset_mild_night_focused_goldendoodle_10,2026-02-02,18.29
step_onset_mild_night_focused_goldendoodle_10,2026-02-03,22.62
step_onset_moderate_loose_collar_tugou_11,2026-01-01,22.44
step_onset_moderate_loose_collar_tugou_11,2026-01-02,19.38
step_onset_moderate_loose_collar_tugou_11,2026-01-03,9.58
step_onset_moderate_loose_collar_tugou_11,2026-01-04,18.99
step_onset_moderate_loose_collar_tugou_11,2026-01-05,16.96
step_onset_moderate_loose_collar_tugou_11,2026-01-06,16.38
step_onset_moderate_loose_collar_tugou_11,2026-01-07,22.66
step_onset_moderate_loose_collar_tugou_11,2026-01-08,20.79
step_onset_moderate_loose_collar_tugou_11,2026-01-09,21.56
step_onset_moderate_loose_collar_tugou_11,2026-01-10,11.01
step_onset_moderate_loose_collar_tugou_11,2026-01-11,21.16
step_onset_moderate_loose_collar_tugou_11,2026-01-12,19.62
step_onset_moderate_loose_collar_tugou_11,2026-01-13,19.93
step_onset_moderate_loose_collar_tugou_11,2026-01-14,22.12
step_onset_moderate_loose_collar_tugou_11,2026-01-15,20.22
step_onset_moderate_loose_collar_tugou_11,2026-01-16,17.96
step_onset_moderate_loose_collar_tugou_11,2026-01-17,13.01
step_onset_moderate_loose_collar_tugou_11,2026-01-18,17.06
step_onset_moderate_loose_collar_tugou_11,2026-01-19,16.64
step_onset_moderate_loose_collar_tugou_11,2026-01-20,19.25
step_onset_moderate_loose_collar_tugou_11,2026-01-21,19.37
step_onset_moderate_loose_collar_tugou_11,2026-01-22,22.93
step_onset_moderate_loose_collar_tugou_11,2026-01-23,16.75
step_onset_moderate_loose_collar_tugou_11,2026-01-24,9.2
step_onset_moderate_loose_collar_tugou_11,2026-01-25,18.35
step_onset_moderate_loose_collar_tugou_11,2026-01-26,19.62
step_onset_moderate_loose_collar_tugou_11,2026-01-27,18.3
step_onset_moderate_loose_collar_tugou_11,2026-01-28,17.39
step_onset_moderate_loose_collar_tugou_11,2026-01-29,19.63
step_onset_moderate_loose_collar_tugou_11,2026-01-30,17.41
step_onset_moderate_loose_collar_tugou_11,2026-01-31,10.15
step_onset_moderate_loose_collar_tugou_11,2026-02-01,21.23
step_onset_moderate_loose_collar_tugou_11,2026-02-02,17.71
chronic_high_moderate_off_body_bichon_12,2026-01-01,16.61
chronic_high_moderate_off_body_bichon_12,2026-01-02,18.49
chronic_high_moderate_off_body_bichon_12,2026-01-03,19.69
chronic_high_moderate_off_body_bichon_12,2026-01-04,0.0
chronic_high_moderate_off_body_bichon_12,2026-01-05,0.0
chronic_high_moderate_off_body_bichon_12,2026-01-06,17.26
chronic_high_moderate_off_body_bichon_12,2026-01-07,20.84
chronic_high_moderate_off_body_bichon_12,2026-01-08,19.27
chronic_high_moderate_off_body_bichon_12,2026-01-09,19.07
chronic_high_moderate_off_body_bichon_12,2026-01-10,18.95
chronic_high_moderate_off_body_bichon_12,2026-01-11,19.86
chronic_high_moderate_off_body_bichon_12,2026-01-12,20.9
chronic_high_moderate_off_body_bichon_12,2026-01-13,0.0
chronic_high_moderate_off_body_bichon_12,2026-01-14,0.0
chronic_high_moderate_off_body_bichon_12,2026-01-15,17.23
chronic_high_moderate_off_body_bichon_12,2026-01-16,16.48
chronic_high_moderate_off_body_bichon_12,2026-01-17,19.09
chronic_high_moderate_off_body_bichon_12,2026-01-18,18.34
chronic_high_moderate_off_body_bichon_12,2026-01-19,21.72
chronic_high_moderate_off_body_bichon_12,2026-01-20,22.49
chronic_high_moderate_off_body_bichon_12,2026-01-21,16.81
chronic_high_moderate_off_body_bichon_12,2026-01-22,0.0
chronic_high_moderate_off_body_bichon_12,2026-01-23,0.0
chronic_high_moderate_off_body_bichon_12,2026-01-24,22.86
chronic_high_moderate_off_body_bichon_12,2026-01-25,21.9
chronic_high_moderate_off_body_bichon_12,2026-01-26,17.27
chronic_high_moderate_off_body_bichon_12,2026-01-27,22.01
chronic_high_moderate_off_body_bichon_12,2026-01-28,18.19
chronic_high_moderate_off_body_bichon_12,2026-01-29,17.08
chronic_high_moderate_off_body_bichon_12,2026-01-30,21.83
chronic_high_moderate_off_body_bichon_12,2026-01-31,0.0
step_onset_severe_late_clustered_goldendoodle_13,2026-01-01,18.88
step_onset_severe_late_clustered_goldendoodle_13,2026-01-02,16.91
step_onset_severe_late_clustered_goldendoodle_13,2026-01-03,17.81
step_onset_severe_late_clustered_goldendoodle_13,2026-01-04,18.0
step_onset_severe_late_clustered_goldendoodle_13,2026-01-05,20.84
step_onset_severe_late_clustered_goldendoodle_13,2026-01-06,18.41
step_onset_severe_late_clustered_goldendoodle_13,2026-01-07,19.75
step_onset_severe_late_clustered_goldendoodle_13,2026-01-08,22.13
step_onset_severe_late_clustered_goldendoodle_13,2026-01-09,17.18
step_onset_severe_late_clustered_goldendoodle_13,2026-01-10,21.25
step_onset_severe_late_clustered_goldendoodle_13,2026-01-11,22.71
step_onset_severe_late_clustered_goldendoodle_13,2026-01-12,20.88
step_onset_severe_late_clustered_goldendoodle_13,2026-01-13,20.19
step_onset_severe_late_clustered_goldendoodle_13,2026-01-14,22.23
step_onset_severe_late_clustered_goldendoodle_13,2026-01-15,20.87
step_onset_severe_late_clustered_goldendoodle_13,2026-01-16,17.86
step_onset_severe_late_clustered_goldendoodle_13,2026-01-17,22.19
step_onset_severe_late_clustered_goldendoodle_13,2026-01-18,21.72
step_onset_severe_late_clustered_goldendoodle_13,2026-01-19,21.88
step_onset_severe_late_clustered_goldendoodle_13,2026-01-20,16.83
step_onset_severe_late_clustered_goldendoodle_13,2026-01-21,17.09
step_onset_severe_late_clustered_goldendoodle_13,2026-01-22,21.81
step_onset_severe_late_clustered_goldendoodle_13,2026-01-23,22.84
step_onset_severe_late_clustered_goldendoodle_13,2026-01-24,17.95
step_onset_severe_late_clustered_goldendoodle_13,2026-01-25,22.76
step_onset_severe_late_clustered_goldendoodle_13,2026-01-26,22.32
step_onset_severe_late_clustered_goldendoodle_13,2026-01-27,21.53
step_onset_severe_late_clustered_goldendoodle_13,2026-01-28,18.72
step_onset_severe_late_clustered_goldendoodle_13,2026-01-29,19.71
step_onset_severe_late_clustered_goldendoodle_13,2026-01-30,21.34
step_onset_severe_late_clustered_goldendoodle_13,2026-01-31,17.81
step_onset_severe_late_clustered_goldendoodle_13,2026-02-01,18.33
step_onset_severe_late_clustered_goldendoodle_13,2026-02-02,20.94
step_onset_severe_late_clustered_goldendoodle_13,2026-02-03,19.1
step_onset_severe_late_clustered_goldendoodle_13,2026-02-04,19.53
step_onset_severe_late_clustered_goldendoodle_13,2026-02-05,22.97
step_onset_severe_late_clustered_goldendoodle_13,2026-02-06,21.95
step_onset_severe_late_clustered_goldendoodle_13,2026-02-07,21.42
step_onset_severe_late_clustered_goldendoodle_13,2026-02-08,17.73
step_onset_severe_late_clustered_goldendoodle_13,2026-02-09,17.88
step_onset_severe_late_clustered_goldendoodle_13,2026-02-10,16.44
step_onset_severe_late_clustered_goldendoodle_13,2026-02-11,19.55
step_onset_severe_late_clustered_goldendoodle_13,2026-02-12,19.14
step_onset_severe_late_clustered_goldendoodle_13,2026-02-13,22.83
step_onset_severe_late_clustered_goldendoodle_13,2026-02-14,18.82
step_onset_severe_late_clustered_goldendoodle_13,2026-02-15,22.79
step_onset_severe_late_clustered_goldendoodle_13,2026-02-16,19.17
step_onset_severe_late_clustered_goldendoodle_13,2026-02-17,17.49
step_onset_severe_late_clustered_goldendoodle_13,2026-02-18,19.82
step_onset_severe_late_clustered_goldendoodle_13,2026-02-19,19.93
step_onset_boundary_1_5x_early_maltese_14,2026-01-01,21.36
step_onset_boundary_1_5x_early_maltese_14,2026-01-02,19.51
step_onset_boundary_1_5x_early_maltese_14,2026-01-03,19.19
step_onset_boundary_1_5x_early_maltese_14,2026-01-04,16.28
step_onset_boundary_1_5x_early_maltese_14,2026-01-05,16.34
step_onset_boundary_1_5x_early_maltese_14,2026-01-06,17.55
step_onset_boundary_1_5x_early_maltese_14,2026-01-07,23.0
step_onset_boundary_1_5x_early_maltese_14,2026-01-08,18.86
step_onset_boundary_1_5x_early_maltese_14,2026-01-09,22.11
step_onset_boundary_1_5x_early_maltese_14,2026-01-10,17.33
step_onset_boundary_1_5x_early_maltese_14,2026-01-11,22.83
step_onset_boundary_1_5x_early_maltese_14,2026-01-12,22.73
step_onset_boundary_1_5x_early_maltese_14,2026-01-13,20.35
step_onset_boundary_1_5x_early_maltese_14,2026-01-14,18.22
step_onset_boundary_1_5x_early_maltese_14,2026-01-15,21.32
step_onset_boundary_1_5x_early_maltese_14,2026-01-16,21.77
step_onset_boundary_1_5x_early_maltese_14,2026-01-17,22.34
step_onset_boundary_1_5x_early_maltese_14,2026-01-18,17.8
step_onset_boundary_1_5x_early_maltese_14,2026-01-19,22.09
step_onset_boundary_1_5x_early_maltese_14,2026-01-20,21.76
step_onset_boundary_1_5x_early_maltese_14,2026-01-21,20.51
step_onset_boundary_1_5x_early_maltese_14,2026-01-22,17.34
step_onset_boundary_1_5x_early_maltese_14,2026-01-23,16.4
step_onset_boundary_1_5x_early_maltese_14,2026-01-24,16.75
step_onset_boundary_1_5x_early_maltese_14,2026-01-25,18.3
step_onset_boundary_1_5x_early_maltese_14,2026-01-26,21.88
step_onset_boundary_1_5x_early_maltese_14,2026-01-27,20.42
step_onset_boundary_1_5x_early_maltese_14,2026-01-28,18.61
step_onset_boundary_1_5x_early_maltese_14,2026-01-29,17.49
step_onset_boundary_1_5x_early_maltese_14,2026-01-30,18.48
ramp_slow_mild_goldendoodle_01,2026-01-01,21.41
ramp_slow_mild_goldendoodle_01,2026-01-02,21.68
ramp_slow_mild_goldendoodle_01,2026-01-03,19.16
ramp_slow_mild_goldendoodle_01,2026-01-04,20.21
ramp_slow_mild_goldendoodle_01,2026-01-05,19.12
ramp_slow_mild_goldendoodle_01,2026-01-06,17.56
ramp_slow_mild_goldendoodle_01,2026-01-07,16.84
ramp_slow_mild_goldendoodle_01,2026-01-08,20.67
ramp_slow_mild_goldendoodle_01,2026-01-09,18.91
ramp_slow_mild_goldendoodle_01,2026-01-10,19.69
ramp_slow_mild_goldendoodle_01,2026-01-11,20.27
ramp_slow_mild_goldendoodle_01,2026-01-12,16.09
ramp_slow_mild_goldendoodle_01,2026-01-13,21.12
ramp_slow_mild_goldendoodle_01,2026-01-14,20.85
ramp_slow_mild_goldendoodle_01,2026-01-15,17.87
ramp_slow_mild_goldendoodle_01,2026-01-16,17.53
ramp_slow_mild_goldendoodle_01,2026-01-17,21.68
ramp_slow_mild_goldendoodle_01,2026-01-18,16.92
ramp_slow_mild_goldendoodle_01,2026-01-19,19.84
ramp_slow_mild_goldendoodle_01,2026-01-20,21.24
ramp_slow_mild_goldendoodle_01,2026-01-21,16.82
ramp_slow_mild_goldendoodle_01,2026-01-22,20.98
ramp_slow_mild_goldendoodle_01,2026-01-23,18.65
ramp_slow_mild_goldendoodle_01,2026-01-24,17.79
ramp_slow_mild_goldendoodle_01,2026-01-25,20.6
ramp_slow_mild_goldendoodle_01,2026-01-26,21.77
ramp_slow_mild_goldendoodle_01,2026-01-27,21.04
ramp_slow_mild_goldendoodle_01,2026-01-28,21.33
ramp_slow_mild_goldendoodle_01,2026-01-29,20.75
ramp_slow_mild_goldendoodle_01,2026-01-30,18.89
ramp_slow_mild_goldendoodle_01,2026-01-31,17.76
ramp_slow_mild_goldendoodle_01,2026-02-01,22.7
ramp_slow_mild_goldendoodle_01,2026-02-02,18.29
ramp_slow_mild_goldendoodle_01,2026-02-03,21.44
ramp_slow_mild_goldendoodle_01,2026-02-04,20.88
ramp_slow_mild_goldendoodle_01,2026-02-05,16.32
ramp_slow_mild_goldendoodle_01,2026-02-06,16.92
ramp_slow_mild_goldendoodle_01,2026-02-07,20.08
ramp_slow_mild_goldendoodle_01,2026-02-08,20.49
ramp_slow_mild_goldendoodle_01,2026-02-09,22.77
ramp_slow_mild_goldendoodle_01,2026-02-10,16.12
ramp_slow_mild_goldendoodle_01,2026-02-11,21.34
ramp_slow_mild_goldendoodle_01,2026-02-12,22.67
ramp_slow_mild_goldendoodle_01,2026-02-13,21.17
ramp_slow_mild_goldendoodle_01,2026-02-14,21.02
ramp_fast_severe_tianyuan_01,2026-01-01,19.2
ramp_fast_severe_tianyuan_01,2026-01-02,20.16
ramp_fast_severe_tianyuan_01,2026-01-03,20.98
ramp_fast_severe_tianyuan_01,2026-01-04,16.09
ramp_fast_severe_tianyuan_01,2026-01-05,22.23
ramp_fast_severe_tianyuan_01,2026-01-06,22.71
ramp_fast_severe_tianyuan_01,2026-01-07,21.85
ramp_fast_severe_tianyuan_01,2026-01-08,16.74
ramp_fast_severe_tianyuan_01,2026-01-09,20.35
ramp_fast_severe_tianyuan_01,2026-01-10,17.08
ramp_fast_severe_tianyuan_01,2026-01-11,20.55
ramp_fast_severe_tianyuan_01,2026-01-12,19.16
ramp_fast_severe_tianyuan_01,2026-01-13,19.93
ramp_fast_severe_tianyuan_01,2026-01-14,17.71
ramp_fast_severe_tianyuan_01,2026-01-15,18.73
ramp_fast_severe_tianyuan_01,2026-01-16,22.24
ramp_fast_severe_tianyuan_01,2026-01-17,22.11
ramp_fast_severe_tianyuan_01,2026-01-18,21.74
ramp_fast_severe_tianyuan_01,2026-01-19,22.31
ramp_fast_severe_tianyuan_01,2026-01-20,16.26
ramp_fast_severe_tianyuan_01,2026-01-21,16.13
ramp_fast_severe_tianyuan_01,2026-01-22,18.91
ramp_fast_severe_tianyuan_01,2026-01-23,18.94
ramp_fast_severe_tianyuan_01,2026-01-24,22.14
ramp_fast_severe_tianyuan_01,2026-01-25,16.16
ramp_fast_severe_tianyuan_01,2026-01-26,21.21
ramp_fast_severe_tianyuan_01,2026-01-27,16.05
ramp_fast_severe_tianyuan_01,2026-01-28,16.58
ramp_fast_severe_tianyuan_01,2026-01-29,19.28
ramp_fast_severe_tianyuan_01,2026-01-30,18.12
ramp_fast_severe_tianyuan_01,2026-01-31,18.29
ramp_fast_severe_tianyuan_01,2026-02-01,21.45
ramp_fast_severe_tianyuan_01,2026-02-02,21.08
ramp_fast_severe_tianyuan_01,2026-02-03,19.07
ramp_fast_severe_tianyuan_01,2026-02-04,22.64
ramp_fast_severe_tianyuan_01,2026-02-05,19.86
ramp_fast_severe_tianyuan_01,2026-02-06,18.45
ramp_fast_severe_tianyuan_01,2026-02-07,17.08
ramp_medium_moderate_bichon_01,2026-01-01,6.65
ramp_medium_moderate_bichon_01,2026-01-02,20.28
ramp_medium_moderate_bichon_01,2026-01-03,18.95
ramp_medium_moderate_bichon_01,2026-01-04,18.97
ramp_medium_moderate_bichon_01,2026-01-05,22.05
ramp_medium_moderate_bichon_01,2026-01-06,2.53
ramp_medium_moderate_bichon_01,2026-01-07,16.56
ramp_medium_moderate_bichon_01,2026-01-08,18.25
ramp_medium_moderate_bichon_01,2026-01-09,20.05
ramp_medium_moderate_bichon_01,2026-01-10,16.31
ramp_medium_moderate_bichon_01,2026-01-11,2.91
ramp_medium_moderate_bichon_01,2026-01-12,21.15
ramp_medium_moderate_bichon_01,2026-01-13,22.58
ramp_medium_moderate_bichon_01,2026-01-14,17.61
ramp_medium_moderate_bichon_01,2026-01-15,16.65
ramp_medium_moderate_bichon_01,2026-01-16,4.06
ramp_medium_moderate_bichon_01,2026-01-17,19.23
ramp_medium_moderate_bichon_01,2026-01-18,18.26
ramp_medium_moderate_bichon_01,2026-01-19,22.26
ramp_medium_moderate_bichon_01,2026-01-20,16.58
ramp_medium_moderate_bichon_01,2026-01-21,3.38
ramp_medium_moderate_bichon_01,2026-01-22,22.47
ramp_medium_moderate_bichon_01,2026-01-23,18.29
ramp_medium_moderate_bichon_01,2026-01-24,21.61
ramp_medium_moderate_bichon_01,2026-01-25,18.9
ramp_medium_moderate_bichon_01,2026-01-26,6.29
ramp_medium_moderate_bichon_01,2026-01-27,21.51
ramp_medium_moderate_bichon_01,2026-01-28,20.99
ramp_medium_moderate_bichon_01,2026-01-29,21.6
ramp_medium_moderate_bichon_01,2026-01-30,16.53
ramp_medium_moderate_bichon_01,2026-01-31,2.36
ramp_medium_moderate_bichon_01,2026-02-01,22.12
ramp_medium_moderate_bichon_01,2026-02-02,16.65
ramp_medium_moderate_bichon_01,2026-02-03,22.98
ramp_medium_moderate_bichon_01,2026-02-04,22.01
ramp_medium_moderate_bichon_01,2026-02-05,4.17
ramp_medium_moderate_bichon_01,2026-02-06,16.32
ramp_medium_moderate_bichon_01,2026-02-07,16.95
ramp_medium_moderate_bichon_01,2026-02-08,20.39
ramp_medium_moderate_bichon_01,2026-02-09,22.91
ramp_medium_moderate_bichon_01,2026-02-10,6.44
ramp_medium_moderate_bichon_01,2026-02-11,22.94
ramp_slow_severe_maltese_01,2026-01-01,17.57
ramp_slow_severe_maltese_01,2026-01-02,18.29
ramp_slow_severe_maltese_01,2026-01-03,8.15
ramp_slow_severe_maltese_01,2026-01-04,19.47
ramp_slow_severe_maltese_01,2026-01-05,19.77
ramp_slow_severe_maltese_01,2026-01-06,20.18
ramp_slow_severe_maltese_01,2026-01-07,21.25
ramp_slow_severe_maltese_01,2026-01-08,20.34
ramp_slow_severe_maltese_01,2026-01-09,18.65
ramp_slow_severe_maltese_01,2026-01-10,13.17
ramp_slow_severe_maltese_01,2026-01-11,20.01
ramp_slow_severe_maltese_01,2026-01-12,20.26
ramp_slow_severe_maltese_01,2026-01-13,16.63
ramp_slow_severe_maltese_01,2026-01-14,20.06
ramp_slow_severe_maltese_01,2026-01-15,16.89
ramp_slow_severe_maltese_01,2026-01-16,18.9
ramp_slow_severe_maltese_01,2026-01-17,10.13
ramp_slow_severe_maltese_01,2026-01-18,16.12
ramp_slow_severe_maltese_01,2026-01-19,16.75
ramp_slow_severe_maltese_01,2026-01-20,17.52
ramp_slow_severe_maltese_01,2026-01-21,17.32
ramp_slow_severe_maltese_01,2026-01-22,22.55
ramp_slow_severe_maltese_01,2026-01-23,18.55
ramp_slow_severe_maltese_01,2026-01-24,11.92
ramp_slow_severe_maltese_01,2026-01-25,20.12
ramp_slow_severe_maltese_01,2026-01-26,18.53
ramp_slow_severe_maltese_01,2026-01-27,18.73
ramp_slow_severe_maltese_01,2026-01-28,22.19
ramp_slow_severe_maltese_01,2026-01-29,20.54
ramp_slow_severe_maltese_01,2026-01-30,20.32
ramp_slow_severe_maltese_01,2026-01-31,13.71
ramp_slow_severe_maltese_01,2026-02-01,17.21
ramp_slow_severe_maltese_01,2026-02-02,20.33
ramp_slow_severe_maltese_01,2026-02-03,22.72
ramp_slow_severe_maltese_01,2026-02-04,18.57
ramp_slow_severe_maltese_01,2026-02-05,18.6
ramp_slow_severe_maltese_01,2026-02-06,16.06
ramp_slow_severe_maltese_01,2026-02-07,9.54
ramp_slow_severe_maltese_01,2026-02-08,19.2
ramp_slow_severe_maltese_01,2026-02-09,22.13
ramp_slow_severe_maltese_01,2026-02-10,17.09
ramp_slow_severe_maltese_01,2026-02-11,22.19
ramp_slow_severe_maltese_01,2026-02-12,16.34
ramp_slow_severe_maltese_01,2026-02-13,22.81
ramp_slow_severe_maltese_01,2026-02-14,8.84
ramp_slow_severe_maltese_01,2026-02-15,22.26
ramp_slow_severe_maltese_01,2026-02-16,19.88
ramp_slow_severe_maltese_01,2026-02-17,22.15
ramp_slow_severe_maltese_01,2026-02-18,19.6
ramp_slow_severe_maltese_01,2026-02-19,16.01
ramp_border_1_5_goldendoodle_02,2026-01-01,18.13
ramp_border_1_5_goldendoodle_02,2026-01-02,18.39
ramp_border_1_5_goldendoodle_02,2026-01-03,18.7
ramp_border_1_5_goldendoodle_02,2026-01-04,19.23
ramp_border_1_5_goldendoodle_02,2026-01-05,20.61
ramp_border_1_5_goldendoodle_02,2026-01-06,19.0
ramp_border_1_5_goldendoodle_02,2026-01-07,17.22
ramp_border_1_5_goldendoodle_02,2026-01-08,22.66
ramp_border_1_5_goldendoodle_02,2026-01-09,22.78
ramp_border_1_5_goldendoodle_02,2026-01-10,18.8
ramp_border_1_5_goldendoodle_02,2026-01-11,21.33
ramp_border_1_5_goldendoodle_02,2026-01-12,18.93
ramp_border_1_5_goldendoodle_02,2026-01-13,17.87
ramp_border_1_5_goldendoodle_02,2026-01-14,16.87
ramp_border_1_5_goldendoodle_02,2026-01-15,22.06
ramp_border_1_5_goldendoodle_02,2026-01-16,22.93
ramp_border_1_5_goldendoodle_02,2026-01-17,21.16
ramp_border_1_5_goldendoodle_02,2026-01-18,18.25
ramp_border_1_5_goldendoodle_02,2026-01-19,21.99
ramp_border_1_5_goldendoodle_02,2026-01-20,21.26
ramp_border_1_5_goldendoodle_02,2026-01-21,16.18
ramp_border_1_5_goldendoodle_02,2026-01-22,20.25
ramp_border_1_5_goldendoodle_02,2026-01-23,21.13
ramp_border_1_5_goldendoodle_02,2026-01-24,22.97
ramp_border_1_5_goldendoodle_02,2026-01-25,17.22
ramp_border_1_5_goldendoodle_02,2026-01-26,17.11
ramp_border_1_5_goldendoodle_02,2026-01-27,17.23
ramp_border_1_5_goldendoodle_02,2026-01-28,22.47
ramp_border_1_5_goldendoodle_02,2026-01-29,20.34
ramp_border_1_5_goldendoodle_02,2026-01-30,16.43
ramp_border_1_5_goldendoodle_02,2026-01-31,21.45
ramp_border_1_5_goldendoodle_02,2026-02-01,20.45
ramp_border_1_5_goldendoodle_02,2026-02-02,20.57
ramp_border_1_5_goldendoodle_02,2026-02-03,22.87
ramp_border_1_5_goldendoodle_02,2026-02-04,19.33
ramp_border_1_5_goldendoodle_02,2026-02-05,20.09
ramp_border_3_0_tianyuan_02,2026-01-01,18.34
ramp_border_3_0_tianyuan_02,2026-01-02,17.59
ramp_border_3_0_tianyuan_02,2026-01-03,22.52
ramp_border_3_0_tianyuan_02,2026-01-04,19.6
ramp_border_3_0_tianyuan_02,2026-01-05,18.42
ramp_border_3_0_tianyuan_02,2026-01-06,20.65
ramp_border_3_0_tianyuan_02,2026-01-07,17.09
ramp_border_3_0_tianyuan_02,2026-01-08,20.33
ramp_border_3_0_tianyuan_02,2026-01-09,21.7
ramp_border_3_0_tianyuan_02,2026-01-10,19.15
ramp_border_3_0_tianyuan_02,2026-01-11,16.5
ramp_border_3_0_tianyuan_02,2026-01-12,18.44
ramp_border_3_0_tianyuan_02,2026-01-13,20.97
ramp_border_3_0_tianyuan_02,2026-01-14,19.94
ramp_border_3_0_tianyuan_02,2026-01-15,17.08
ramp_border_3_0_tianyuan_02,2026-01-16,18.67
ramp_border_3_0_tianyuan_02,2026-01-17,22.99
ramp_border_3_0_tianyuan_02,2026-01-18,21.13
ramp_border_3_0_tianyuan_02,2026-01-19,20.05
ramp_border_3_0_tianyuan_02,2026-01-20,18.48
ramp_border_3_0_tianyuan_02,2026-01-21,19.92
ramp_border_3_0_tianyuan_02,2026-01-22,17.78
ramp_border_3_0_tianyuan_02,2026-01-23,21.84
ramp_border_3_0_tianyuan_02,2026-01-24,21.72
ramp_border_3_0_tianyuan_02,2026-01-25,20.42
ramp_border_3_0_tianyuan_02,2026-01-26,19.91
ramp_border_3_0_tianyuan_02,2026-01-27,22.43
ramp_border_3_0_tianyuan_02,2026-01-28,18.12
ramp_border_3_0_tianyuan_02,2026-01-29,18.51
ramp_border_3_0_tianyuan_02,2026-01-30,18.39
ramp_border_3_0_tianyuan_02,2026-01-31,17.95
ramp_border_3_0_tianyuan_02,2026-02-01,21.39
ramp_border_3_0_tianyuan_02,2026-02-02,16.72
ramp_border_3_0_tianyuan_02,2026-02-03,20.71
ramp_border_3_0_tianyuan_02,2026-02-04,19.4
ramp_border_3_0_tianyuan_02,2026-02-05,22.23
ramp_border_3_0_tianyuan_02,2026-02-06,17.42
ramp_border_3_0_tianyuan_02,2026-02-07,16.28
ramp_border_3_0_tianyuan_02,2026-02-08,16.31
ramp_border_3_0_tianyuan_02,2026-02-09,18.49
decline_fast_recovery_bichon_02,2026-01-01,20.65
decline_fast_recovery_bichon_02,2026-01-02,21.92
decline_fast_recovery_bichon_02,2026-01-03,19.75
decline_fast_recovery_bichon_02,2026-01-04,22.08
decline_fast_recovery_bichon_02,2026-01-05,20.99
decline_fast_recovery_bichon_02,2026-01-06,18.69
decline_fast_recovery_bichon_02,2026-01-07,17.1
decline_fast_recovery_bichon_02,2026-01-08,19.68
decline_fast_recovery_bichon_02,2026-01-09,17.95
decline_fast_recovery_bichon_02,2026-01-10,19.44
decline_fast_recovery_bichon_02,2026-01-11,21.13
decline_fast_recovery_bichon_02,2026-01-12,21.14
decline_fast_recovery_bichon_02,2026-01-13,20.1
decline_fast_recovery_bichon_02,2026-01-14,17.47
decline_fast_recovery_bichon_02,2026-01-15,22.85
decline_fast_recovery_bichon_02,2026-01-16,21.93
decline_fast_recovery_bichon_02,2026-01-17,19.93
decline_fast_recovery_bichon_02,2026-01-18,20.47
decline_fast_recovery_bichon_02,2026-01-19,16.71
decline_fast_recovery_bichon_02,2026-01-20,19.85
decline_fast_recovery_bichon_02,2026-01-21,22.99
decline_fast_recovery_bichon_02,2026-01-22,20.96
decline_fast_recovery_bichon_02,2026-01-23,21.86
decline_fast_recovery_bichon_02,2026-01-24,20.13
decline_fast_recovery_bichon_02,2026-01-25,17.63
decline_fast_recovery_bichon_02,2026-01-26,16.45
decline_fast_recovery_bichon_02,2026-01-27,21.11
decline_fast_recovery_bichon_02,2026-01-28,17.06
decline_fast_recovery_bichon_02,2026-01-29,19.7
decline_fast_recovery_bichon_02,2026-01-30,21.18
decline_fast_recovery_bichon_02,2026-01-31,19.01
decline_fast_recovery_bichon_02,2026-02-01,20.24
decline_fast_recovery_bichon_02,2026-02-02,16.69
decline_fast_recovery_bichon_02,2026-02-03,22.26
decline_fast_recovery_bichon_02,2026-02-04,22.6
decline_fast_recovery_bichon_02,2026-02-05,21.23
decline_fast_recovery_bichon_02,2026-02-06,17.18
decline_fast_recovery_bichon_02,2026-02-07,16.34
decline_fast_recovery_bichon_02,2026-02-08,22.04
decline_fast_recovery_bichon_02,2026-02-09,19.54
decline_slow_recovery_maltese_02,2026-01-01,16.1
decline_slow_recovery_maltese_02,2026-01-02,17.34
decline_slow_recovery_maltese_02,2026-01-03,17.39
decline_slow_recovery_maltese_02,2026-01-04,18.46
decline_slow_recovery_maltese_02,2026-01-05,21.68
decline_slow_recovery_maltese_02,2026-01-06,16.39
decline_slow_recovery_maltese_02,2026-01-07,18.45
decline_slow_recovery_maltese_02,2026-01-08,18.13
decline_slow_recovery_maltese_02,2026-01-09,20.45
decline_moderate_recovery_goldendoodle_03,2026-01-01,21.2
decline_moderate_recovery_goldendoodle_03,2026-01-02,21.63
decline_moderate_recovery_goldendoodle_03,2026-01-03,18.19
decline_moderate_recovery_goldendoodle_03,2026-01-04,18.05
decline_moderate_recovery_goldendoodle_03,2026-01-05,22.06
decline_moderate_recovery_goldendoodle_03,2026-01-06,16.5
decline_moderate_recovery_goldendoodle_03,2026-01-07,20.33
decline_moderate_recovery_goldendoodle_03,2026-01-08,16.53
decline_moderate_recovery_goldendoodle_03,2026-01-09,21.74
decline_moderate_recovery_goldendoodle_03,2026-01-10,16.91
decline_moderate_recovery_goldendoodle_03,2026-01-11,21.61
decline_moderate_recovery_goldendoodle_03,2026-01-12,22.46
decline_moderate_recovery_goldendoodle_03,2026-01-13,21.86
decline_moderate_recovery_goldendoodle_03,2026-01-14,18.77
decline_moderate_recovery_goldendoodle_03,2026-01-15,21.79
decline_moderate_recovery_goldendoodle_03,2026-01-16,21.38
decline_moderate_recovery_goldendoodle_03,2026-01-17,21.29
decline_moderate_recovery_goldendoodle_03,2026-01-18,20.76
decline_moderate_recovery_goldendoodle_03,2026-01-19,20.82
decline_moderate_recovery_goldendoodle_03,2026-01-20,18.97
decline_moderate_recovery_goldendoodle_03,2026-01-21,22.52
decline_moderate_recovery_goldendoodle_03,2026-01-22,16.41
decline_moderate_recovery_goldendoodle_03,2026-01-23,16.14
decline_moderate_recovery_goldendoodle_03,2026-01-24,18.82
decline_moderate_recovery_goldendoodle_03,2026-01-25,18.5
decline_moderate_recovery_goldendoodle_03,2026-01-26,21.29
decline_moderate_recovery_goldendoodle_03,2026-01-27,16.18
decline_moderate_recovery_goldendoodle_03,2026-01-28,22.97
decline_moderate_recovery_goldendoodle_03,2026-01-29,16.39
decline_moderate_recovery_goldendoodle_03,2026-01-30,20.1
decline_moderate_recovery_goldendoodle_03,2026-01-31,20.18
decline_moderate_recovery_goldendoodle_03,2026-02-01,22.16
decline_moderate_recovery_goldendoodle_03,2026-02-02,17.6
decline_moderate_recovery_goldendoodle_03,2026-02-03,22.27
decline_moderate_recovery_goldendoodle_03,2026-02-04,17.05
decline_moderate_recovery_goldendoodle_03,2026-02-05,18.01
decline_moderate_recovery_goldendoodle_03,2026-02-06,20.55
decline_moderate_recovery_goldendoodle_03,2026-02-07,18.81
decline_moderate_recovery_goldendoodle_03,2026-02-08,20.25
decline_moderate_recovery_goldendoodle_03,2026-02-09,16.19
decline_moderate_recovery_goldendoodle_03,2026-02-10,19.94
decline_moderate_recovery_goldendoodle_03,2026-02-11,22.94
decline_border_1_3_tianyuan_03,2026-01-01,21.59
decline_border_1_3_tianyuan_03,2026-01-02,21.07
decline_border_1_3_tianyuan_03,2026-01-03,19.37
decline_border_1_3_tianyuan_03,2026-01-04,22.49
decline_border_1_3_tianyuan_03,2026-01-05,18.93
decline_border_1_3_tianyuan_03,2026-01-06,17.15
decline_border_1_3_tianyuan_03,2026-01-07,20.18
decline_border_1_3_tianyuan_03,2026-01-08,20.26
decline_border_1_3_tianyuan_03,2026-01-09,18.55
decline_border_1_3_tianyuan_03,2026-01-10,21.45
decline_border_1_3_tianyuan_03,2026-01-11,21.26
decline_border_1_3_tianyuan_03,2026-01-12,18.48
decline_border_1_3_tianyuan_03,2026-01-13,21.01
decline_border_1_3_tianyuan_03,2026-01-14,17.52
decline_border_1_3_tianyuan_03,2026-01-15,20.8
decline_border_1_3_tianyuan_03,2026-01-16,21.19
decline_border_1_3_tianyuan_03,2026-01-17,22.32
decline_border_1_3_tianyuan_03,2026-01-18,17.99
decline_border_1_3_tianyuan_03,2026-01-19,17.02
decline_border_1_3_tianyuan_03,2026-01-20,18.6
decline_border_1_3_tianyuan_03,2026-01-21,21.27
decline_border_1_3_tianyuan_03,2026-01-22,16.02
decline_border_1_3_tianyuan_03,2026-01-23,16.87
decline_border_1_3_tianyuan_03,2026-01-24,20.37
decline_border_1_3_tianyuan_03,2026-01-25,18.07
decline_border_1_3_tianyuan_03,2026-01-26,18.84
decline_border_1_3_tianyuan_03,2026-01-27,16.56
decline_border_1_3_tianyuan_03,2026-01-28,20.86
decline_border_1_3_tianyuan_03,2026-01-29,18.13
decline_border_1_3_tianyuan_03,2026-01-30,21.31
decline_border_1_3_tianyuan_03,2026-01-31,18.34
decline_border_1_3_tianyuan_03,2026-02-01,17.56
decline_border_1_3_tianyuan_03,2026-02-02,20.61
decline_border_1_3_tianyuan_03,2026-02-03,17.13
decline_border_1_3_tianyuan_03,2026-02-04,21.99
decline_border_1_3_tianyuan_03,2026-02-05,21.81
decline_border_1_3_tianyuan_03,2026-02-06,22.62
decline_border_1_3_tianyuan_03,2026-02-07,19.48
ramp_high_baseline_bichon_03,2026-01-01,21.0
ramp_high_baseline_bichon_03,2026-01-02,18.22
ramp_high_baseline_bichon_03,2026-01-03,16.17
ramp_high_baseline_bichon_03,2026-01-04,0.0
ramp_high_baseline_bichon_03,2026-01-05,0.0
ramp_high_baseline_bichon_03,2026-01-06,18.44
ramp_high_baseline_bichon_03,2026-01-07,21.18
ramp_high_baseline_bichon_03,2026-01-08,22.02
ramp_high_baseline_bichon_03,2026-01-09,21.4
ramp_high_baseline_bichon_03,2026-01-10,22.0
ramp_high_baseline_bichon_03,2026-01-11,20.34
ramp_high_baseline_bichon_03,2026-01-12,20.16
ramp_high_baseline_bichon_03,2026-01-13,0.0
ramp_high_baseline_bichon_03,2026-01-14,0.0
ramp_high_baseline_bichon_03,2026-01-15,21.5
ramp_high_baseline_bichon_03,2026-01-16,22.01
ramp_high_baseline_bichon_03,2026-01-17,16.55
ramp_high_baseline_bichon_03,2026-01-18,22.46
ramp_high_baseline_bichon_03,2026-01-19,21.99
ramp_high_baseline_bichon_03,2026-01-20,17.75
ramp_high_baseline_bichon_03,2026-01-21,16.14
ramp_high_baseline_bichon_03,2026-01-22,0.0
ramp_high_baseline_bichon_03,2026-01-23,0.0
ramp_high_baseline_bichon_03,2026-01-24,19.26
ramp_high_baseline_bichon_03,2026-01-25,19.79
ramp_high_baseline_bichon_03,2026-01-26,22.4
ramp_high_baseline_bichon_03,2026-01-27,21.76
ramp_high_baseline_bichon_03,2026-01-28,16.42
ramp_high_baseline_bichon_03,2026-01-29,17.88
ramp_high_baseline_bichon_03,2026-01-30,17.74
ramp_high_baseline_bichon_03,2026-01-31,0.0
ramp_high_baseline_bichon_03,2026-02-01,0.0
ramp_high_baseline_bichon_03,2026-02-02,16.05
ramp_high_baseline_bichon_03,2026-02-03,20.17
ramp_high_baseline_bichon_03,2026-02-04,17.52
ramp_high_baseline_bichon_03,2026-02-05,19.74
ramp_high_baseline_bichon_03,2026-02-06,20.99
decline_incomplete_maltese_03,2026-01-01,19.34
decline_incomplete_maltese_03,2026-01-02,18.12
decline_incomplete_maltese_03,2026-01-03,21.92
decline_incomplete_maltese_03,2026-01-04,18.88
decline_incomplete_maltese_03,2026-01-05,18.8
decline_incomplete_maltese_03,2026-01-06,20.31
decline_incomplete_maltese_03,2026-01-07,17.62
decline_incomplete_maltese_03,2026-01-08,19.92
decline_incomplete_maltese_03,2026-01-09,21.34
decline_incomplete_maltese_03,2026-01-10,22.54
decline_incomplete_maltese_03,2026-01-11,16.73
decline_incomplete_maltese_03,2026-01-12,22.94
decline_incomplete_maltese_03,2026-01-13,18.53
decline_incomplete_maltese_03,2026-01-14,18.37
decline_incomplete_maltese_03,2026-01-15,20.62
decline_incomplete_maltese_03,2026-01-16,16.12
decline_incomplete_maltese_03,2026-01-17,19.58
decline_incomplete_maltese_03,2026-01-18,18.75
decline_incomplete_maltese_03,2026-01-19,16.14
decline_incomplete_maltese_03,2026-01-20,17.09
decline_incomplete_maltese_03,2026-01-21,22.97
decline_incomplete_maltese_03,2026-01-22,16.95
decline_incomplete_maltese_03,2026-01-23,19.35
decline_incomplete_maltese_03,2026-01-24,21.21
decline_incomplete_maltese_03,2026-01-25,20.5
decline_incomplete_maltese_03,2026-01-26,19.5
decline_incomplete_maltese_03,2026-01-27,21.02
decline_incomplete_maltese_03,2026-01-28,20.06
decline_incomplete_maltese_03,2026-01-29,16.91
decline_incomplete_maltese_03,2026-01-30,22.98
decline_incomplete_maltese_03,2026-01-31,17.75
decline_incomplete_maltese_03,2026-02-01,19.45
decline_incomplete_maltese_03,2026-02-02,18.8
decline_incomplete_maltese_03,2026-02-03,18.77
decline_incomplete_maltese_03,2026-02-04,20.11
decline_incomplete_maltese_03,2026-02-05,19.66
ramp_chronic_transition_goldendoodle_04,2026-01-01,18.05
ramp_chronic_transition_goldendoodle_04,2026-01-02,22.75
ramp_chronic_transition_goldendoodle_04,2026-01-03,16.95
ramp_chronic_transition_goldendoodle_04,2026-01-04,21.25
ramp_chronic_transition_goldendoodle_04,2026-01-05,21.2
ramp_chronic_transition_goldendoodle_04,2026-01-06,17.74
ramp_chronic_transition_goldendoodle_04,2026-01-07,16.92
ramp_chronic_transition_goldendoodle_04,2026-01-08,19.64
ramp_chronic_transition_goldendoodle_04,2026-01-09,22.16
ramp_chronic_transition_goldendoodle_04,2026-01-10,18.16
ramp_chronic_transition_goldendoodle_04,2026-01-11,20.71
ramp_chronic_transition_goldendoodle_04,2026-01-12,22.19
ramp_chronic_transition_goldendoodle_04,2026-01-13,17.43
ramp_chronic_transition_goldendoodle_04,2026-01-14,22.42
ramp_chronic_transition_goldendoodle_04,2026-01-15,17.81
ramp_chronic_transition_goldendoodle_04,2026-01-16,17.08
ramp_chronic_transition_goldendoodle_04,2026-01-17,18.41
ramp_chronic_transition_goldendoodle_04,2026-01-18,16.77
ramp_chronic_transition_goldendoodle_04,2026-01-19,17.69
ramp_chronic_transition_goldendoodle_04,2026-01-20,17.1
ramp_chronic_transition_goldendoodle_04,2026-01-21,18.71
ramp_chronic_transition_goldendoodle_04,2026-01-22,19.98
ramp_chronic_transition_goldendoodle_04,2026-01-23,16.34
ramp_chronic_transition_goldendoodle_04,2026-01-24,18.57
ramp_chronic_transition_goldendoodle_04,2026-01-25,18.58
ramp_chronic_transition_goldendoodle_04,2026-01-26,19.88
ramp_chronic_transition_goldendoodle_04,2026-01-27,18.08
ramp_chronic_transition_goldendoodle_04,2026-01-28,18.83
ramp_chronic_transition_goldendoodle_04,2026-01-29,18.7
ramp_chronic_transition_goldendoodle_04,2026-01-30,18.98
ramp_chronic_transition_goldendoodle_04,2026-01-31,22.25
ramp_chronic_transition_goldendoodle_04,2026-02-01,22.72
ramp_chronic_transition_goldendoodle_04,2026-02-02,19.07
ramp_chronic_transition_goldendoodle_04,2026-02-03,22.6
ramp_chronic_transition_goldendoodle_04,2026-02-04,22.1
ramp_chronic_transition_goldendoodle_04,2026-02-05,17.36
ramp_chronic_transition_goldendoodle_04,2026-02-06,18.47
ramp_chronic_transition_goldendoodle_04,2026-02-07,17.85
ramp_chronic_transition_goldendoodle_04,2026-02-08,19.47
ramp_chronic_transition_goldendoodle_04,2026-02-09,20.54
ramp_chronic_transition_goldendoodle_04,2026-02-10,18.53
ramp_chronic_transition_goldendoodle_04,2026-02-11,19.68
ramp_chronic_transition_goldendoodle_04,2026-02-12,22.42
ramp_chronic_transition_goldendoodle_04,2026-02-13,18.15
ramp_chronic_transition_goldendoodle_04,2026-02-14,20.68
ramp_chronic_transition_goldendoodle_04,2026-02-15,18.78
ramp_chronic_transition_goldendoodle_04,2026-02-16,17.81
ramp_chronic_transition_goldendoodle_04,2026-02-17,18.66
cold_start_sparse_history_stable_01,2026-01-01,21.04
cold_start_sparse_history_stable_01,2026-01-02,16.6
cold_start_sparse_history_stable_01,2026-01-03,20.12
cold_start_sparse_history_stable_01,2026-01-04,22.22
cold_start_sparse_history_stable_01,2026-01-05,16.4
cold_start_sparse_history_stable_01,2026-01-06,17.84
cold_start_sparse_history_stable_01,2026-01-07,22.56
cold_start_sparse_history_stable_01,2026-01-08,17.84
cold_start_sparse_history_step_onset_02,2026-01-01,21.92
cold_start_sparse_history_step_onset_02,2026-01-02,20.79
cold_start_sparse_history_step_onset_02,2026-01-03,22.88
cold_start_sparse_history_step_onset_02,2026-01-04,18.59
cold_start_sparse_history_step_onset_02,2026-01-05,16.42
cold_start_sparse_history_step_onset_02,2026-01-06,16.51
cold_start_sparse_history_step_onset_02,2026-01-07,21.95
cold_start_sparse_history_step_onset_02,2026-01-08,19.97
cold_start_sparse_history_step_onset_02,2026-01-09,17.74
loose_days_false_signal_healthy_dog_03,2026-01-01,19.3
loose_days_false_signal_healthy_dog_03,2026-01-02,22.57
loose_days_false_signal_healthy_dog_03,2026-01-03,13.26
loose_days_false_signal_healthy_dog_03,2026-01-04,16.87
loose_days_false_signal_healthy_dog_03,2026-01-05,20.81
loose_days_false_signal_healthy_dog_03,2026-01-06,19.57
loose_days_false_signal_healthy_dog_03,2026-01-07,21.87
loose_days_false_signal_healthy_dog_03,2026-01-08,17.62
loose_days_false_signal_healthy_dog_03,2026-01-09,16.72
loose_days_false_signal_healthy_dog_03,2026-01-10,11.04
loose_days_false_signal_healthy_dog_03,2026-01-11,18.38
loose_days_false_signal_healthy_dog_03,2026-01-12,17.37
loose_days_false_signal_healthy_dog_03,2026-01-13,20.7
loose_days_false_signal_healthy_dog_03,2026-01-14,18.63
loose_days_false_signal_healthy_dog_03,2026-01-15,22.69
loose_days_false_signal_healthy_dog_03,2026-01-16,16.09
loose_days_false_signal_healthy_dog_03,2026-01-17,12.28
loose_days_false_signal_healthy_dog_03,2026-01-18,19.45
loose_days_false_signal_healthy_dog_03,2026-01-19,19.67
loose_days_false_signal_healthy_dog_03,2026-01-20,19.86
loose_days_false_signal_healthy_dog_03,2026-01-21,20.67
loose_days_false_signal_healthy_dog_03,2026-01-22,21.64
loose_days_false_signal_healthy_dog_03,2026-01-23,22.69
loose_days_false_signal_healthy_dog_03,2026-01-24,12.24
loose_days_false_signal_healthy_dog_03,2026-01-25,21.9
loose_days_false_signal_healthy_dog_03,2026-01-26,16.73
loose_days_false_signal_healthy_dog_03,2026-01-27,22.99
loose_days_false_signal_healthy_dog_03,2026-01-28,18.95
loose_days_false_signal_healthy_dog_03,2026-01-29,21.39
loose_days_false_signal_healthy_dog_03,2026-01-30,21.32
loose_days_false_signal_healthy_dog_03,2026-01-31,11.24
loose_days_false_signal_healthy_dog_03,2026-02-01,18.04
loose_days_false_signal_healthy_dog_03,2026-02-02,16.28
loose_days_false_signal_healthy_dog_03,2026-02-03,16.1
loose_days_false_signal_healthy_dog_03,2026-02-04,17.1
off_body_gap_masking_ramp_onset_04,2026-01-01,18.31
off_body_gap_masking_ramp_onset_04,2026-01-02,22.72
off_body_gap_masking_ramp_onset_04,2026-01-03,20.69
off_body_gap_masking_ramp_onset_04,2026-01-04,0.0
off_body_gap_masking_ramp_onset_04,2026-01-05,0.0
off_body_gap_masking_ramp_onset_04,2026-01-06,22.2
off_body_gap_masking_ramp_onset_04,2026-01-07,18.24
off_body_gap_masking_ramp_onset_04,2026-01-08,19.0
off_body_gap_masking_ramp_onset_04,2026-01-09,16.55
off_body_gap_masking_ramp_onset_04,2026-01-10,18.01
off_body_gap_masking_ramp_onset_04,2026-01-11,22.85
off_body_gap_masking_ramp_onset_04,2026-01-12,22.94
off_body_gap_masking_ramp_onset_04,2026-01-13,0.0
off_body_gap_masking_ramp_onset_04,2026-01-14,0.0
off_body_gap_masking_ramp_onset_04,2026-01-15,17.66
off_body_gap_masking_ramp_onset_04,2026-01-16,18.0
off_body_gap_masking_ramp_onset_04,2026-01-17,21.55
off_body_gap_masking_ramp_onset_04,2026-01-18,22.72
off_body_gap_masking_ramp_onset_04,2026-01-19,20.23
off_body_gap_masking_ramp_onset_04,2026-01-20,21.51
off_body_gap_masking_ramp_onset_04,2026-01-21,22.41
off_body_gap_masking_ramp_onset_04,2026-01-22,0.0
off_body_gap_masking_ramp_onset_04,2026-01-23,0.0
off_body_gap_masking_ramp_onset_04,2026-01-24,19.69
off_body_gap_masking_ramp_onset_04,2026-01-25,16.49
off_body_gap_masking_ramp_onset_04,2026-01-26,21.0
off_body_gap_masking_ramp_onset_04,2026-01-27,18.0
off_body_gap_masking_ramp_onset_04,2026-01-28,22.17
off_body_gap_masking_ramp_onset_04,2026-01-29,22.54
off_body_gap_masking_ramp_onset_04,2026-01-30,21.86
off_body_gap_masking_ramp_onset_04,2026-01-31,0.0
off_body_gap_masking_ramp_onset_04,2026-02-01,0.0
off_body_gap_masking_ramp_onset_04,2026-02-02,17.77
off_body_gap_masking_ramp_onset_04,2026-02-03,21.18
off_body_gap_masking_ramp_onset_04,2026-02-04,22.59
off_body_gap_masking_ramp_onset_04,2026-02-05,16.58
off_body_gap_masking_ramp_onset_04,2026-02-06,22.08
off_body_gap_masking_ramp_onset_04,2026-02-07,16.29
off_body_gap_masking_ramp_onset_04,2026-02-08,17.02
off_body_gap_masking_ramp_onset_04,2026-02-09,0.0
partial_wear_borderline_severity_05,2026-01-01,8.95
partial_wear_borderline_severity_05,2026-01-02,22.26
partial_wear_borderline_severity_05,2026-01-03,16.08
partial_wear_borderline_severity_05,2026-01-04,18.43
partial_wear_borderline_severity_05,2026-01-05,21.67
partial_wear_borderline_severity_05,2026-01-06,4.83
partial_wear_borderline_severity_05,2026-01-07,19.37
partial_wear_borderline_severity_05,2026-01-08,22.33
partial_wear_borderline_severity_05,2026-01-09,21.28
partial_wear_borderline_severity_05,2026-01-10,19.08
partial_wear_borderline_severity_05,2026-01-11,6.43
partial_wear_borderline_severity_05,2026-01-12,20.18
partial_wear_borderline_severity_05,2026-01-13,22.23
partial_wear_borderline_severity_05,2026-01-14,17.45
partial_wear_borderline_severity_05,2026-01-15,18.54
partial_wear_borderline_severity_05,2026-01-16,3.66
partial_wear_borderline_severity_05,2026-01-17,17.05
partial_wear_borderline_severity_05,2026-01-18,17.5
partial_wear_borderline_severity_05,2026-01-19,18.94
partial_wear_borderline_severity_05,2026-01-20,20.68
partial_wear_borderline_severity_05,2026-01-21,5.86
partial_wear_borderline_severity_05,2026-01-22,19.12
partial_wear_borderline_severity_05,2026-01-23,22.32
partial_wear_borderline_severity_05,2026-01-24,21.43
partial_wear_borderline_severity_05,2026-01-25,22.67
partial_wear_borderline_severity_05,2026-01-26,4.48
partial_wear_borderline_severity_05,2026-01-27,18.87
partial_wear_borderline_severity_05,2026-01-28,19.88
partial_wear_borderline_severity_05,2026-01-29,19.03
partial_wear_borderline_severity_05,2026-01-30,19.19
partial_wear_borderline_severity_05,2026-01-31,4.6
partial_wear_borderline_severity_05,2026-02-01,18.36
loose_days_masking_true_spike_06,2026-01-01,21.71
loose_days_masking_true_spike_06,2026-01-02,20.38
loose_days_masking_true_spike_06,2026-01-03,10.1
loose_days_masking_true_spike_06,2026-01-04,21.78
loose_days_masking_true_spike_06,2026-01-05,20.15
loose_days_masking_true_spike_06,2026-01-06,17.82
loose_days_masking_true_spike_06,2026-01-07,16.67
loose_days_masking_true_spike_06,2026-01-08,16.67
loose_days_masking_true_spike_06,2026-01-09,21.65
loose_days_masking_true_spike_06,2026-01-10,10.8
loose_days_masking_true_spike_06,2026-01-11,17.24
loose_days_masking_true_spike_06,2026-01-12,20.15
loose_days_masking_true_spike_06,2026-01-13,19.47
loose_days_masking_true_spike_06,2026-01-14,22.91
loose_days_masking_true_spike_06,2026-01-15,20.51
loose_days_masking_true_spike_06,2026-01-16,17.13
loose_days_masking_true_spike_06,2026-01-17,8.49
loose_days_masking_true_spike_06,2026-01-18,21.14
loose_days_masking_true_spike_06,2026-01-19,20.85
loose_days_masking_true_spike_06,2026-01-20,21.06
loose_days_masking_true_spike_06,2026-01-21,16.01
loose_days_masking_true_spike_06,2026-01-22,18.68
loose_days_masking_true_spike_06,2026-01-23,17.3
loose_days_masking_true_spike_06,2026-01-24,11.11
loose_days_masking_true_spike_06,2026-01-25,21.85
loose_days_masking_true_spike_06,2026-01-26,16.77
loose_days_masking_true_spike_06,2026-01-27,16.33
loose_days_masking_true_spike_06,2026-01-28,16.03
loose_days_masking_true_spike_06,2026-01-29,19.74
loose_days_masking_true_spike_06,2026-01-30,20.27
loose_days_masking_true_spike_06,2026-01-31,12.35
loose_days_masking_true_spike_06,2026-02-01,16.84
loose_days_masking_true_spike_06,2026-02-02,22.83
loose_days_masking_true_spike_06,2026-02-03,16.89
sparse_history_chronic_high_07,2026-01-01,20.1
sparse_history_chronic_high_07,2026-01-02,17.21
sparse_history_chronic_high_07,2026-01-03,19.68
sparse_history_chronic_high_07,2026-01-04,18.26
sparse_history_chronic_high_07,2026-01-05,19.99
sparse_history_chronic_high_07,2026-01-06,22.93
sparse_history_chronic_high_07,2026-01-07,18.1
sparse_history_chronic_high_07,2026-01-08,22.21
sparse_history_chronic_high_07,2026-01-09,20.41
off_body_then_partial_recovery_08,2026-01-01,17.7
off_body_then_partial_recovery_08,2026-01-02,17.44
off_body_then_partial_recovery_08,2026-01-03,18.48
off_body_then_partial_recovery_08,2026-01-04,0.0
off_body_then_partial_recovery_08,2026-01-05,0.0
off_body_then_partial_recovery_08,2026-01-06,19.9
off_body_then_partial_recovery_08,2026-01-07,18.33
off_body_then_partial_recovery_08,2026-01-08,19.06
off_body_then_partial_recovery_08,2026-01-09,16.31
off_body_then_partial_recovery_08,2026-01-10,21.48
off_body_then_partial_recovery_08,2026-01-11,18.19
off_body_then_partial_recovery_08,2026-01-12,19.91
off_body_then_partial_recovery_08,2026-01-13,0.0
off_body_then_partial_recovery_08,2026-01-14,0.0
off_body_then_partial_recovery_08,2026-01-15,17.06
off_body_then_partial_recovery_08,2026-01-16,22.54
off_body_then_partial_recovery_08,2026-01-17,16.57
off_body_then_partial_recovery_08,2026-01-18,22.33
off_body_then_partial_recovery_08,2026-01-19,20.5
off_body_then_partial_recovery_08,2026-01-20,19.15
off_body_then_partial_recovery_08,2026-01-21,18.65
off_body_then_partial_recovery_08,2026-01-22,0.0
off_body_then_partial_recovery_08,2026-01-23,0.0
off_body_then_partial_recovery_08,2026-01-24,19.84
off_body_then_partial_recovery_08,2026-01-25,22.93
off_body_then_partial_recovery_08,2026-01-26,17.82
off_body_then_partial_recovery_08,2026-01-27,21.66
off_body_then_partial_recovery_08,2026-01-28,17.93
off_body_then_partial_recovery_08,2026-01-29,20.37
off_body_then_partial_recovery_08,2026-01-30,22.71
off_body_then_partial_recovery_08,2026-01-31,0.0
off_body_then_partial_recovery_08,2026-02-01,0.0
off_body_then_partial_recovery_08,2026-02-02,17.74
off_body_then_partial_recovery_08,2026-02-03,20.25
off_body_then_partial_recovery_08,2026-02-04,18.62
off_body_then_partial_recovery_08,2026-02-05,16.49
off_body_then_partial_recovery_08,2026-02-06,16.86
off_body_then_partial_recovery_08,2026-02-07,17.79
off_body_then_partial_recovery_08,2026-02-08,21.45
off_body_then_partial_recovery_08,2026-02-09,0.0
off_body_then_partial_recovery_08,2026-02-10,0.0
off_body_then_partial_recovery_08,2026-02-11,16.66
off_body_then_partial_recovery_08,2026-02-12,19.47
off_body_then_partial_recovery_08,2026-02-13,18.57
off_body_then_partial_recovery_08,2026-02-14,18.79
cold_start_loose_days_cyclical_09,2026-01-01,16.77
cold_start_loose_days_cyclical_09,2026-01-02,18.01
cold_start_loose_days_cyclical_09,2026-01-03,13.12
cold_start_loose_days_cyclical_09,2026-01-04,18.98
cold_start_loose_days_cyclical_09,2026-01-05,16.1
cold_start_loose_days_cyclical_09,2026-01-06,18.29
cold_start_loose_days_cyclical_09,2026-01-07,20.57
cold_start_loose_days_cyclical_09,2026-01-08,19.49
cold_start_loose_days_cyclical_09,2026-01-09,16.49
cold_start_loose_days_cyclical_09,2026-01-10,12.84
cold_start_loose_days_cyclical_09,2026-01-11,22.3
cold_start_loose_days_cyclical_09,2026-01-12,19.05
cold_start_loose_days_cyclical_09,2026-01-13,21.84
cold_start_loose_days_cyclical_09,2026-01-14,18.99
cold_start_loose_days_cyclical_09,2026-01-15,21.02
cold_start_loose_days_cyclical_09,2026-01-16,16.44
cold_start_loose_days_cyclical_09,2026-01-17,9.26
cold_start_loose_days_cyclical_09,2026-01-18,22.56
cold_start_loose_days_cyclical_09,2026-01-19,19.66
cold_start_loose_days_cyclical_09,2026-01-20,21.47
cold_start_loose_days_cyclical_09,2026-01-21,18.81
cold_start_loose_days_cyclical_09,2026-01-22,18.06
cold_start_loose_days_cyclical_09,2026-01-23,18.81
cold_start_loose_days_cyclical_09,2026-01-24,8.67
cold_start_loose_days_cyclical_09,2026-01-25,20.17
cold_start_loose_days_cyclical_09,2026-01-26,22.99
cold_start_loose_days_cyclical_09,2026-01-27,17.7
cold_start_loose_days_cyclical_09,2026-01-28,16.07
partial_wear_spike_recover_edge_10,2026-01-01,5.09
partial_wear_spike_recover_edge_10,2026-01-02,18.23
partial_wear_spike_recover_edge_10,2026-01-03,16.88
partial_wear_spike_recover_edge_10,2026-01-04,21.94
partial_wear_spike_recover_edge_10,2026-01-05,18.83
partial_wear_spike_recover_edge_10,2026-01-06,4.1
partial_wear_spike_recover_edge_10,2026-01-07,18.57
partial_wear_spike_recover_edge_10,2026-01-08,16.45
partial_wear_spike_recover_edge_10,2026-01-09,16.23
partial_wear_spike_recover_edge_10,2026-01-10,18.51
partial_wear_spike_recover_edge_10,2026-01-11,6.23
partial_wear_spike_recover_edge_10,2026-01-12,22.15
partial_wear_spike_recover_edge_10,2026-01-13,17.28
partial_wear_spike_recover_edge_10,2026-01-14,17.53
partial_wear_spike_recover_edge_10,2026-01-15,20.42
partial_wear_spike_recover_edge_10,2026-01-16,6.6
partial_wear_spike_recover_edge_10,2026-01-17,22.4
partial_wear_spike_recover_edge_10,2026-01-18,18.03
partial_wear_spike_recover_edge_10,2026-01-19,22.16
partial_wear_spike_recover_edge_10,2026-01-20,18.03
partial_wear_spike_recover_edge_10,2026-01-21,8.75
partial_wear_spike_recover_edge_10,2026-01-22,18.09
partial_wear_spike_recover_edge_10,2026-01-23,16.58
partial_wear_spike_recover_edge_10,2026-01-24,19.84
partial_wear_spike_recover_edge_10,2026-01-25,18.06
partial_wear_spike_recover_edge_10,2026-01-26,3.3
partial_wear_spike_recover_edge_10,2026-01-27,18.99
partial_wear_spike_recover_edge_10,2026-01-28,21.19
partial_wear_spike_recover_edge_10,2026-01-29,20.64
partial_wear_spike_recover_edge_10,2026-01-30,17.44
partial_wear_spike_recover_edge_10,2026-01-31,3.16
partial_wear_spike_recover_edge_10,2026-02-01,18.77
partial_wear_spike_recover_edge_10,2026-02-02,18.34
partial_wear_spike_recover_edge_10,2026-02-03,18.99
partial_wear_spike_recover_edge_10,2026-02-04,19.19
partial_wear_spike_recover_edge_10,2026-02-05,2.58
off_body_days_stable_false_negative_check_11,2026-01-01,21.64
off_body_days_stable_false_negative_check_11,2026-01-02,18.87
off_body_days_stable_false_negative_check_11,2026-01-03,22.54
off_body_days_stable_false_negative_check_11,2026-01-04,0.0
off_body_days_stable_false_negative_check_11,2026-01-05,0.0
off_body_days_stable_false_negative_check_11,2026-01-06,16.37
off_body_days_stable_false_negative_check_11,2026-01-07,18.44
off_body_days_stable_false_negative_check_11,2026-01-08,17.63
off_body_days_stable_false_negative_check_11,2026-01-09,17.7
off_body_days_stable_false_negative_check_11,2026-01-10,17.55
off_body_days_stable_false_negative_check_11,2026-01-11,20.75
off_body_days_stable_false_negative_check_11,2026-01-12,18.56
off_body_days_stable_false_negative_check_11,2026-01-13,0.0
off_body_days_stable_false_negative_check_11,2026-01-14,0.0
off_body_days_stable_false_negative_check_11,2026-01-15,22.54
off_body_days_stable_false_negative_check_11,2026-01-16,17.24
off_body_days_stable_false_negative_check_11,2026-01-17,18.42
off_body_days_stable_false_negative_check_11,2026-01-18,21.16
off_body_days_stable_false_negative_check_11,2026-01-19,16.9
off_body_days_stable_false_negative_check_11,2026-01-20,18.34
off_body_days_stable_false_negative_check_11,2026-01-21,17.05
off_body_days_stable_false_negative_check_11,2026-01-22,0.0
off_body_days_stable_false_negative_check_11,2026-01-23,0.0
off_body_days_stable_false_negative_check_11,2026-01-24,17.19
off_body_days_stable_false_negative_check_11,2026-01-25,21.1
off_body_days_stable_false_negative_check_11,2026-01-26,19.5
off_body_days_stable_false_negative_check_11,2026-01-27,22.88
off_body_days_stable_false_negative_check_11,2026-01-28,19.97
off_body_days_stable_false_negative_check_11,2026-01-29,18.69
off_body_days_stable_false_negative_check_11,2026-01-30,16.45
sparse_history_moderate_onset_12,2026-01-01,21.71
sparse_history_moderate_onset_12,2026-01-02,20.95
sparse_history_moderate_onset_12,2026-01-03,16.87
sparse_history_moderate_onset_12,2026-01-04,21.66
sparse_history_moderate_onset_12,2026-01-05,18.07
sparse_history_moderate_onset_12,2026-01-06,20.46
sparse_history_moderate_onset_12,2026-01-07,22.29
sparse_history_moderate_onset_12,2026-01-08,21.42
sparse_history_moderate_onset_12,2026-01-09,21.74
loose_days_ramp_onset_long_scratch_13,2026-01-01,17.69
loose_days_ramp_onset_long_scratch_13,2026-01-02,16.99
loose_days_ramp_onset_long_scratch_13,2026-01-03,8.56
loose_days_ramp_onset_long_scratch_13,2026-01-04,19.85
loose_days_ramp_onset_long_scratch_13,2026-01-05,18.36
loose_days_ramp_onset_long_scratch_13,2026-01-06,20.77
loose_days_ramp_onset_long_scratch_13,2026-01-07,19.81
loose_days_ramp_onset_long_scratch_13,2026-01-08,17.08
loose_days_ramp_onset_long_scratch_13,2026-01-09,20.82
loose_days_ramp_onset_long_scratch_13,2026-01-10,13.92
loose_days_ramp_onset_long_scratch_13,2026-01-11,19.4
loose_days_ramp_onset_long_scratch_13,2026-01-12,16.56
loose_days_ramp_onset_long_scratch_13,2026-01-13,20.64
loose_days_ramp_onset_long_scratch_13,2026-01-14,18.48
loose_days_ramp_onset_long_scratch_13,2026-01-15,19.15
loose_days_ramp_onset_long_scratch_13,2026-01-16,20.71
loose_days_ramp_onset_long_scratch_13,2026-01-17,9.69
loose_days_ramp_onset_long_scratch_13,2026-01-18,21.26
loose_days_ramp_onset_long_scratch_13,2026-01-19,19.12
loose_days_ramp_onset_long_scratch_13,2026-01-20,17.12
loose_days_ramp_onset_long_scratch_13,2026-01-21,20.62
loose_days_ramp_onset_long_scratch_13,2026-01-22,22.77
loose_days_ramp_onset_long_scratch_13,2026-01-23,18.87
loose_days_ramp_onset_long_scratch_13,2026-01-24,9.38
loose_days_ramp_onset_long_scratch_13,2026-01-25,19.13
loose_days_ramp_onset_long_scratch_13,2026-01-26,20.64
loose_days_ramp_onset_long_scratch_13,2026-01-27,17.94
loose_days_ramp_onset_long_scratch_13,2026-01-28,18.57
loose_days_ramp_onset_long_scratch_13,2026-01-29,18.86
loose_days_ramp_onset_long_scratch_13,2026-01-30,21.59
loose_days_ramp_onset_long_scratch_13,2026-01-31,13.56
loose_days_ramp_onset_long_scratch_13,2026-02-01,20.57
loose_days_ramp_onset_long_scratch_13,2026-02-02,20.27
loose_days_ramp_onset_long_scratch_13,2026-02-03,19.08
loose_days_ramp_onset_long_scratch_13,2026-02-04,20.65
loose_days_ramp_onset_long_scratch_13,2026-02-05,22.35
loose_days_ramp_onset_long_scratch_13,2026-02-06,17.8
loose_days_ramp_onset_long_scratch_13,2026-02-07,11.95
stable_low_baseline_tibetan_02,2026-01-01,22.6
stable_low_baseline_tibetan_02,2026-01-02,18.12
stable_low_baseline_tibetan_02,2026-01-03,18.63
stable_low_baseline_tibetan_02,2026-01-04,18.23
stable_low_baseline_tibetan_02,2026-01-05,22.94
stable_low_baseline_tibetan_02,2026-01-06,16.42
stable_low_baseline_tibetan_02,2026-01-07,22.44
stable_low_baseline_tibetan_02,2026-01-08,19.93
stable_low_baseline_tibetan_02,2026-01-09,16.21
stable_low_baseline_tibetan_02,2026-01-10,19.81
stable_low_baseline_tibetan_02,2026-01-11,18.17
stable_low_baseline_tibetan_02,2026-01-12,22.64
stable_low_baseline_tibetan_02,2026-01-13,22.04
stable_low_baseline_tibetan_02,2026-01-14,21.77
stable_low_baseline_tibetan_02,2026-01-15,18.27
stable_low_baseline_tibetan_02,2026-01-16,22.14
stable_low_baseline_tibetan_02,2026-01-17,17.21
stable_low_baseline_tibetan_02,2026-01-18,16.14
stable_low_baseline_tibetan_02,2026-01-19,20.2
stable_low_baseline_tibetan_02,2026-01-20,17.65
stable_low_baseline_tibetan_02,2026-01-21,17.73
stable_low_baseline_tibetan_02,2026-01-22,16.78
stable_low_baseline_tibetan_02,2026-01-23,21.52
stable_low_baseline_tibetan_02,2026-01-24,17.43
stable_low_baseline_tibetan_02,2026-01-25,20.36
stable_low_baseline_tibetan_02,2026-01-26,22.77
stable_low_baseline_tibetan_02,2026-01-27,16.52
stable_low_baseline_tibetan_02,2026-01-28,22.04
stable_low_baseline_tibetan_02,2026-01-29,21.02
stable_low_baseline_tibetan_02,2026-01-30,17.61
stable_low_baseline_tibetan_02,2026-01-31,17.86
stable_low_baseline_tibetan_02,2026-02-01,20.48
stable_low_baseline_tibetan_02,2026-02-02,17.09
stable_low_baseline_tibetan_02,2026-02-03,17.3
stable_low_baseline_tibetan_02,2026-02-04,16.9
stable_high_baseline_goldendoodle_03,2026-01-01,22.3
stable_high_baseline_goldendoodle_03,2026-01-02,20.59
stable_high_baseline_goldendoodle_03,2026-01-03,21.51
stable_high_baseline_goldendoodle_03,2026-01-04,16.85
stable_high_baseline_goldendoodle_03,2026-01-05,20.1
stable_high_baseline_goldendoodle_03,2026-01-06,20.82
stable_high_baseline_goldendoodle_03,2026-01-07,17.28
stable_high_baseline_goldendoodle_03,2026-01-08,19.61
stable_high_baseline_goldendoodle_03,2026-01-09,16.41
stable_high_baseline_goldendoodle_03,2026-01-10,16.89
stable_high_baseline_goldendoodle_03,2026-01-11,21.36
stable_high_baseline_goldendoodle_03,2026-01-12,20.08
stable_high_baseline_goldendoodle_03,2026-01-13,22.37
stable_high_baseline_goldendoodle_03,2026-01-14,22.7
stable_high_baseline_goldendoodle_03,2026-01-15,17.79
stable_high_baseline_goldendoodle_03,2026-01-16,19.05
stable_high_baseline_goldendoodle_03,2026-01-17,22.41
stable_high_baseline_goldendoodle_03,2026-01-18,16.9
stable_high_baseline_goldendoodle_03,2026-01-19,17.02
stable_high_baseline_goldendoodle_03,2026-01-20,22.43
stable_high_baseline_goldendoodle_03,2026-01-21,22.55
stable_high_baseline_goldendoodle_03,2026-01-22,18.08
stable_high_baseline_goldendoodle_03,2026-01-23,18.26
stable_high_baseline_goldendoodle_03,2026-01-24,18.89
stable_high_baseline_goldendoodle_03,2026-01-25,19.96
stable_high_baseline_goldendoodle_03,2026-01-26,16.27
stable_high_baseline_goldendoodle_03,2026-01-27,18.05
stable_high_baseline_goldendoodle_03,2026-01-28,16.33
stable_high_baseline_goldendoodle_03,2026-01-29,16.38
stable_high_baseline_goldendoodle_03,2026-01-30,22.82
stable_high_baseline_goldendoodle_03,2026-01-31,19.11
stable_high_baseline_goldendoodle_03,2026-02-01,21.83
stable_high_baseline_goldendoodle_03,2026-02-02,19.88
stable_high_baseline_goldendoodle_03,2026-02-03,16.6
stable_high_baseline_goldendoodle_03,2026-02-04,18.77
stable_high_baseline_goldendoodle_03,2026-02-05,17.22
stable_high_baseline_goldendoodle_03,2026-02-06,18.38
stable_high_baseline_goldendoodle_03,2026-02-07,17.11
stable_high_baseline_goldendoodle_03,2026-02-08,18.4
stable_high_baseline_goldendoodle_03,2026-02-09,19.03
high_noise_dispersion_bichon_04,2026-01-01,16.33
high_noise_dispersion_bichon_04,2026-01-02,16.36
high_noise_dispersion_bichon_04,2026-01-03,21.85
high_noise_dispersion_bichon_04,2026-01-04,20.29
high_noise_dispersion_bichon_04,2026-01-05,22.17
high_noise_dispersion_bichon_04,2026-01-06,16.83
high_noise_dispersion_bichon_04,2026-01-07,16.63
high_noise_dispersion_bichon_04,2026-01-08,17.25
high_noise_dispersion_bichon_04,2026-01-09,16.73
high_noise_dispersion_bichon_04,2026-01-10,17.14
high_noise_dispersion_bichon_04,2026-01-11,19.94
high_noise_dispersion_bichon_04,2026-01-12,16.12
high_noise_dispersion_bichon_04,2026-01-13,21.71
high_noise_dispersion_bichon_04,2026-01-14,20.26
high_noise_dispersion_bichon_04,2026-01-15,21.19
high_noise_dispersion_bichon_04,2026-01-16,16.8
high_noise_dispersion_bichon_04,2026-01-17,22.68
high_noise_dispersion_bichon_04,2026-01-18,18.18
high_noise_dispersion_bichon_04,2026-01-19,20.1
high_noise_dispersion_bichon_04,2026-01-20,18.98
high_noise_dispersion_bichon_04,2026-01-21,18.65
high_noise_dispersion_bichon_04,2026-01-22,20.04
high_noise_dispersion_bichon_04,2026-01-23,20.02
high_noise_dispersion_bichon_04,2026-01-24,21.25
high_noise_dispersion_bichon_04,2026-01-25,20.63
high_noise_dispersion_bichon_04,2026-01-26,21.36
high_noise_dispersion_bichon_04,2026-01-27,22.29
high_noise_dispersion_bichon_04,2026-01-28,21.34
high_noise_dispersion_bichon_04,2026-01-29,17.33
high_noise_dispersion_bichon_04,2026-01-30,18.84
high_noise_dispersion_bichon_04,2026-01-31,17.53
high_noise_dispersion_bichon_04,2026-02-01,21.17
high_noise_dispersion_bichon_04,2026-02-02,20.71
high_noise_dispersion_bichon_04,2026-02-03,17.48
high_noise_dispersion_bichon_04,2026-02-04,16.35
high_noise_dispersion_bichon_04,2026-02-05,17.08
high_noise_dispersion_bichon_04,2026-02-06,20.94
high_noise_dispersion_bichon_04,2026-02-07,19.86
high_noise_dispersion_bichon_04,2026-02-08,22.48
high_noise_dispersion_bichon_04,2026-02-09,21.12
high_noise_dispersion_bichon_04,2026-02-10,17.42
high_noise_dispersion_bichon_04,2026-02-11,18.05
high_baseline_mild_bump_maltese_05,2026-01-01,18.98
high_baseline_mild_bump_maltese_05,2026-01-02,20.69
high_baseline_mild_bump_maltese_05,2026-01-03,18.17
high_baseline_mild_bump_maltese_05,2026-01-04,22.89
high_baseline_mild_bump_maltese_05,2026-01-05,18.96
high_baseline_mild_bump_maltese_05,2026-01-06,18.32
high_baseline_mild_bump_maltese_05,2026-01-07,17.25
high_baseline_mild_bump_maltese_05,2026-01-08,16.13
high_baseline_mild_bump_maltese_05,2026-01-09,22.24
high_baseline_mild_bump_maltese_05,2026-01-10,20.18
high_baseline_mild_bump_maltese_05,2026-01-11,21.99
high_baseline_mild_bump_maltese_05,2026-01-12,16.72
high_baseline_mild_bump_maltese_05,2026-01-13,18.47
high_baseline_mild_bump_maltese_05,2026-01-14,17.92
high_baseline_mild_bump_maltese_05,2026-01-15,17.74
high_baseline_mild_bump_maltese_05,2026-01-16,22.77
high_baseline_mild_bump_maltese_05,2026-01-17,17.12
high_baseline_mild_bump_maltese_05,2026-01-18,18.36
high_baseline_mild_bump_maltese_05,2026-01-19,20.02
high_baseline_mild_bump_maltese_05,2026-01-20,21.15
high_baseline_mild_bump_maltese_05,2026-01-21,20.69
high_baseline_mild_bump_maltese_05,2026-01-22,20.18
high_baseline_mild_bump_maltese_05,2026-01-23,22.18
high_baseline_mild_bump_maltese_05,2026-01-24,16.63
high_baseline_mild_bump_maltese_05,2026-01-25,18.07
high_baseline_mild_bump_maltese_05,2026-01-26,19.2
high_baseline_mild_bump_maltese_05,2026-01-27,16.79
high_baseline_mild_bump_maltese_05,2026-01-28,16.73
high_baseline_mild_bump_maltese_05,2026-01-29,19.3
high_baseline_mild_bump_maltese_05,2026-01-30,17.59
high_baseline_mild_bump_maltese_05,2026-01-31,19.8
high_baseline_mild_bump_maltese_05,2026-02-01,16.72
high_baseline_mild_bump_maltese_05,2026-02-02,18.86
high_baseline_mild_bump_maltese_05,2026-02-03,19.7
high_baseline_mild_bump_maltese_05,2026-02-04,19.88
high_baseline_mild_bump_maltese_05,2026-02-05,17.43
high_baseline_mild_bump_maltese_05,2026-02-06,19.0
high_baseline_mild_bump_maltese_05,2026-02-07,19.44
low_baseline_moderate_dog_goldendoodle_06,2026-01-01,21.69
low_baseline_moderate_dog_goldendoodle_06,2026-01-02,17.42
low_baseline_moderate_dog_goldendoodle_06,2026-01-03,21.01
low_baseline_moderate_dog_goldendoodle_06,2026-01-04,16.38
low_baseline_moderate_dog_goldendoodle_06,2026-01-05,17.87
low_baseline_moderate_dog_goldendoodle_06,2026-01-06,21.14
low_baseline_moderate_dog_goldendoodle_06,2026-01-07,19.66
low_baseline_moderate_dog_goldendoodle_06,2026-01-08,19.28
low_baseline_moderate_dog_goldendoodle_06,2026-01-09,19.53
low_baseline_moderate_dog_goldendoodle_06,2026-01-10,20.19
low_baseline_moderate_dog_goldendoodle_06,2026-01-11,19.28
low_baseline_moderate_dog_goldendoodle_06,2026-01-12,16.61
low_baseline_moderate_dog_goldendoodle_06,2026-01-13,20.36
low_baseline_moderate_dog_goldendoodle_06,2026-01-14,19.89
low_baseline_moderate_dog_goldendoodle_06,2026-01-15,21.41
low_baseline_moderate_dog_goldendoodle_06,2026-01-16,17.82
low_baseline_moderate_dog_goldendoodle_06,2026-01-17,16.45
low_baseline_moderate_dog_goldendoodle_06,2026-01-18,20.94
low_baseline_moderate_dog_goldendoodle_06,2026-01-19,18.25
low_baseline_moderate_dog_goldendoodle_06,2026-01-20,16.59
low_baseline_moderate_dog_goldendoodle_06,2026-01-21,18.76
low_baseline_moderate_dog_goldendoodle_06,2026-01-22,22.32
low_baseline_moderate_dog_goldendoodle_06,2026-01-23,20.66
low_baseline_moderate_dog_goldendoodle_06,2026-01-24,16.91
low_baseline_moderate_dog_goldendoodle_06,2026-01-25,16.39
low_baseline_moderate_dog_goldendoodle_06,2026-01-26,21.45
low_baseline_moderate_dog_goldendoodle_06,2026-01-27,22.56
low_baseline_moderate_dog_goldendoodle_06,2026-01-28,20.84
low_baseline_moderate_dog_goldendoodle_06,2026-01-29,22.62
low_baseline_moderate_dog_goldendoodle_06,2026-01-30,19.88
low_baseline_moderate_dog_goldendoodle_06,2026-01-31,18.49
low_baseline_moderate_dog_goldendoodle_06,2026-02-01,22.1
low_baseline_moderate_dog_goldendoodle_06,2026-02-02,21.82
low_baseline_moderate_dog_goldendoodle_06,2026-02-03,22.65
low_baseline_moderate_dog_goldendoodle_06,2026-02-04,17.51
low_baseline_moderate_dog_goldendoodle_06,2026-02-05,20.39
boundary_1_3_multiplier_tibetan_07,2026-01-01,21.69
boundary_1_3_multiplier_tibetan_07,2026-01-02,17.48
boundary_1_3_multiplier_tibetan_07,2026-01-03,22.42
boundary_1_3_multiplier_tibetan_07,2026-01-04,18.56
boundary_1_3_multiplier_tibetan_07,2026-01-05,17.47
boundary_1_3_multiplier_tibetan_07,2026-01-06,18.31
boundary_1_3_multiplier_tibetan_07,2026-01-07,19.57
boundary_1_3_multiplier_tibetan_07,2026-01-08,21.53
boundary_1_3_multiplier_tibetan_07,2026-01-09,21.39
boundary_1_3_multiplier_tibetan_07,2026-01-10,18.1
boundary_1_3_multiplier_tibetan_07,2026-01-11,16.64
boundary_1_3_multiplier_tibetan_07,2026-01-12,22.85
boundary_1_3_multiplier_tibetan_07,2026-01-13,18.76
boundary_1_3_multiplier_tibetan_07,2026-01-14,19.49
boundary_1_3_multiplier_tibetan_07,2026-01-15,20.24
boundary_1_3_multiplier_tibetan_07,2026-01-16,17.4
boundary_1_3_multiplier_tibetan_07,2026-01-17,21.99
boundary_1_3_multiplier_tibetan_07,2026-01-18,22.74
boundary_1_3_multiplier_tibetan_07,2026-01-19,20.21
boundary_1_3_multiplier_tibetan_07,2026-01-20,20.9
boundary_1_3_multiplier_tibetan_07,2026-01-21,18.89
boundary_1_3_multiplier_tibetan_07,2026-01-22,18.97
boundary_1_3_multiplier_tibetan_07,2026-01-23,20.29
boundary_1_3_multiplier_tibetan_07,2026-01-24,20.42
boundary_1_3_multiplier_tibetan_07,2026-01-25,22.51
boundary_1_3_multiplier_tibetan_07,2026-01-26,18.71
boundary_1_3_multiplier_tibetan_07,2026-01-27,18.59
boundary_1_3_multiplier_tibetan_07,2026-01-28,18.08
boundary_1_3_multiplier_tibetan_07,2026-01-29,17.49
boundary_1_3_multiplier_tibetan_07,2026-01-30,16.94
boundary_1_3_multiplier_tibetan_07,2026-01-31,19.09
boundary_1_3_multiplier_tibetan_07,2026-02-01,18.01
boundary_1_3_multiplier_tibetan_07,2026-02-02,19.06
boundary_1_3_multiplier_tibetan_07,2026-02-03,18.04
boundary_1_3_multiplier_tibetan_07,2026-02-04,16.22
boundary_1_3_multiplier_tibetan_07,2026-02-05,21.86
boundary_1_3_multiplier_tibetan_07,2026-02-06,20.17
boundary_1_31_multiplier_bichon_08,2026-01-01,17.25
boundary_1_31_multiplier_bichon_08,2026-01-02,17.09
boundary_1_31_multiplier_bichon_08,2026-01-03,17.79
boundary_1_31_multiplier_bichon_08,2026-01-04,16.03
boundary_1_31_multiplier_bichon_08,2026-01-05,18.71
boundary_1_31_multiplier_bichon_08,2026-01-06,18.57
boundary_1_31_multiplier_bichon_08,2026-01-07,20.23
boundary_1_31_multiplier_bichon_08,2026-01-08,18.59
boundary_1_31_multiplier_bichon_08,2026-01-09,20.53
boundary_1_31_multiplier_bichon_08,2026-01-10,16.9
boundary_1_31_multiplier_bichon_08,2026-01-11,17.22
boundary_1_31_multiplier_bichon_08,2026-01-12,20.78
boundary_1_31_multiplier_bichon_08,2026-01-13,20.24
boundary_1_31_multiplier_bichon_08,2026-01-14,19.51
boundary_1_31_multiplier_bichon_08,2026-01-15,16.5
boundary_1_31_multiplier_bichon_08,2026-01-16,17.62
boundary_1_31_multiplier_bichon_08,2026-01-17,17.43
boundary_1_31_multiplier_bichon_08,2026-01-18,20.36
boundary_1_31_multiplier_bichon_08,2026-01-19,22.26
boundary_1_31_multiplier_bichon_08,2026-01-20,21.67
boundary_1_31_multiplier_bichon_08,2026-01-21,21.73
boundary_1_31_multiplier_bichon_08,2026-01-22,20.74
boundary_1_31_multiplier_bichon_08,2026-01-23,20.87
boundary_1_31_multiplier_bichon_08,2026-01-24,18.69
boundary_1_31_multiplier_bichon_08,2026-01-25,20.71
boundary_1_31_multiplier_bichon_08,2026-01-26,21.67
boundary_1_31_multiplier_bichon_08,2026-01-27,22.29
boundary_1_31_multiplier_bichon_08,2026-01-28,21.65
boundary_1_31_multiplier_bichon_08,2026-01-29,21.76
boundary_1_31_multiplier_bichon_08,2026-01-30,20.48
boundary_1_31_multiplier_bichon_08,2026-01-31,19.35
boundary_1_31_multiplier_bichon_08,2026-02-01,17.73
boundary_1_31_multiplier_bichon_08,2026-02-02,16.69
boundary_1_31_multiplier_bichon_08,2026-02-03,17.22
boundary_1_31_multiplier_bichon_08,2026-02-04,17.95
boundary_1_31_multiplier_bichon_08,2026-02-05,17.71
boundary_1_31_multiplier_bichon_08,2026-02-06,21.05
low_noise_dispersion_maltese_09,2026-01-01,16.93
low_noise_dispersion_maltese_09,2026-01-02,21.61
low_noise_dispersion_maltese_09,2026-01-03,22.48
low_noise_dispersion_maltese_09,2026-01-04,17.68
low_noise_dispersion_maltese_09,2026-01-05,21.61
low_noise_dispersion_maltese_09,2026-01-06,20.1
low_noise_dispersion_maltese_09,2026-01-07,22.98
low_noise_dispersion_maltese_09,2026-01-08,21.7
low_noise_dispersion_maltese_09,2026-01-09,18.7
low_noise_dispersion_maltese_09,2026-01-10,18.86
low_noise_dispersion_maltese_09,2026-01-11,19.87
low_noise_dispersion_maltese_09,2026-01-12,20.48
low_noise_dispersion_maltese_09,2026-01-13,18.31
low_noise_dispersion_maltese_09,2026-01-14,18.72
low_noise_dispersion_maltese_09,2026-01-15,22.12
low_noise_dispersion_maltese_09,2026-01-16,20.31
low_noise_dispersion_maltese_09,2026-01-17,16.48
low_noise_dispersion_maltese_09,2026-01-18,21.5
low_noise_dispersion_maltese_09,2026-01-19,21.08
low_noise_dispersion_maltese_09,2026-01-20,22.34
low_noise_dispersion_maltese_09,2026-01-21,19.07
low_noise_dispersion_maltese_09,2026-01-22,20.03
low_noise_dispersion_maltese_09,2026-01-23,22.91
low_noise_dispersion_maltese_09,2026-01-24,16.61
low_noise_dispersion_maltese_09,2026-01-25,19.35
low_noise_dispersion_maltese_09,2026-01-26,18.98
low_noise_dispersion_maltese_09,2026-01-27,17.21
low_noise_dispersion_maltese_09,2026-01-28,20.77
low_noise_dispersion_maltese_09,2026-01-29,20.61
low_noise_dispersion_maltese_09,2026-01-30,17.64
low_noise_dispersion_maltese_09,2026-01-31,17.36
low_noise_dispersion_maltese_09,2026-02-01,17.61
low_noise_dispersion_maltese_09,2026-02-02,21.97
high_noise_high_baseline_goldendoodle_10,2026-01-01,6.34
high_noise_high_baseline_goldendoodle_10,2026-01-02,17.37
high_noise_high_baseline_goldendoodle_10,2026-01-03,16.7
high_noise_high_baseline_goldendoodle_10,2026-01-04,21.66
high_noise_high_baseline_goldendoodle_10,2026-01-05,16.58
high_noise_high_baseline_goldendoodle_10,2026-01-06,6.34
high_noise_high_baseline_goldendoodle_10,2026-01-07,17.35
high_noise_high_baseline_goldendoodle_10,2026-01-08,20.14
high_noise_high_baseline_goldendoodle_10,2026-01-09,19.1
high_noise_high_baseline_goldendoodle_10,2026-01-10,18.7
high_noise_high_baseline_goldendoodle_10,2026-01-11,2.17
high_noise_high_baseline_goldendoodle_10,2026-01-12,20.84
high_noise_high_baseline_goldendoodle_10,2026-01-13,17.24
high_noise_high_baseline_goldendoodle_10,2026-01-14,18.81
high_noise_high_baseline_goldendoodle_10,2026-01-15,16.66
high_noise_high_baseline_goldendoodle_10,2026-01-16,6.25
high_noise_high_baseline_goldendoodle_10,2026-01-17,18.19
high_noise_high_baseline_goldendoodle_10,2026-01-18,22.67
high_noise_high_baseline_goldendoodle_10,2026-01-19,16.24
high_noise_high_baseline_goldendoodle_10,2026-01-20,16.18
high_noise_high_baseline_goldendoodle_10,2026-01-21,4.29
high_noise_high_baseline_goldendoodle_10,2026-01-22,16.43
high_noise_high_baseline_goldendoodle_10,2026-01-23,22.4
high_noise_high_baseline_goldendoodle_10,2026-01-24,21.88
high_noise_high_baseline_goldendoodle_10,2026-01-25,20.92
high_noise_high_baseline_goldendoodle_10,2026-01-26,7.71
high_noise_high_baseline_goldendoodle_10,2026-01-27,18.5
high_noise_high_baseline_goldendoodle_10,2026-01-28,19.8
high_noise_high_baseline_goldendoodle_10,2026-01-29,16.23
high_noise_high_baseline_goldendoodle_10,2026-01-30,16.08
high_noise_high_baseline_goldendoodle_10,2026-01-31,5.33
high_noise_high_baseline_goldendoodle_10,2026-02-01,21.81
high_noise_high_baseline_goldendoodle_10,2026-02-02,18.79
high_noise_high_baseline_goldendoodle_10,2026-02-03,19.89
high_noise_high_baseline_goldendoodle_10,2026-02-04,18.5
high_noise_high_baseline_goldendoodle_10,2026-02-05,8.99
high_noise_high_baseline_goldendoodle_10,2026-02-06,19.5
high_noise_high_baseline_goldendoodle_10,2026-02-07,18.03
high_noise_high_baseline_goldendoodle_10,2026-02-08,17.56
high_noise_high_baseline_goldendoodle_10,2026-02-09,20.13
high_noise_high_baseline_goldendoodle_10,2026-02-10,2.33
high_noise_high_baseline_goldendoodle_10,2026-02-11,21.53
high_noise_high_baseline_goldendoodle_10,2026-02-12,18.06
high_noise_high_baseline_goldendoodle_10,2026-02-13,17.99
high_noise_high_baseline_goldendoodle_10,2026-02-14,16.7
sparse_history_cold_start_tibetan_11,2026-01-01,16.65
sparse_history_cold_start_tibetan_11,2026-01-02,18.23
sparse_history_cold_start_tibetan_11,2026-01-03,21.44
sparse_history_cold_start_tibetan_11,2026-01-04,17.31
sparse_history_cold_start_tibetan_11,2026-01-05,17.53
sparse_history_cold_start_tibetan_11,2026-01-06,19.9
sparse_history_cold_start_tibetan_11,2026-01-07,16.1
sparse_history_cold_start_tibetan_11,2026-01-08,19.86
sparse_history_cold_start_tibetan_11,2026-01-09,22.23
low_baseline_high_noise_bichon_12,2026-01-01,22.11
low_baseline_high_noise_bichon_12,2026-01-02,21.1
low_baseline_high_noise_bichon_12,2026-01-03,19.32
low_baseline_high_noise_bichon_12,2026-01-04,20.8
low_baseline_high_noise_bichon_12,2026-01-05,22.77
low_baseline_high_noise_bichon_12,2026-01-06,22.03
low_baseline_high_noise_bichon_12,2026-01-07,20.81
low_baseline_high_noise_bichon_12,2026-01-08,20.09
low_baseline_high_noise_bichon_12,2026-01-09,19.45
low_baseline_high_noise_bichon_12,2026-01-10,16.7
low_baseline_high_noise_bichon_12,2026-01-11,17.57
low_baseline_high_noise_bichon_12,2026-01-12,21.43
low_baseline_high_noise_bichon_12,2026-01-13,22.55
low_baseline_high_noise_bichon_12,2026-01-14,18.79
low_baseline_high_noise_bichon_12,2026-01-15,22.52
low_baseline_high_noise_bichon_12,2026-01-16,20.77
low_baseline_high_noise_bichon_12,2026-01-17,18.95
low_baseline_high_noise_bichon_12,2026-01-18,22.72
low_baseline_high_noise_bichon_12,2026-01-19,21.52
low_baseline_high_noise_bichon_12,2026-01-20,21.51
low_baseline_high_noise_bichon_12,2026-01-21,20.74
low_baseline_high_noise_bichon_12,2026-01-22,20.51
low_baseline_high_noise_bichon_12,2026-01-23,19.77
low_baseline_high_noise_bichon_12,2026-01-24,22.18
low_baseline_high_noise_bichon_12,2026-01-25,20.24
low_baseline_high_noise_bichon_12,2026-01-26,21.6
low_baseline_high_noise_bichon_12,2026-01-27,21.08
low_baseline_high_noise_bichon_12,2026-01-28,20.19
low_baseline_high_noise_bichon_12,2026-01-29,19.15
low_baseline_high_noise_bichon_12,2026-01-30,20.18
low_baseline_high_noise_bichon_12,2026-01-31,18.68
low_baseline_high_noise_bichon_12,2026-02-01,17.69
low_baseline_high_noise_bichon_12,2026-02-02,20.93
low_baseline_high_noise_bichon_12,2026-02-03,20.14
medium_baseline_loose_collar_maltese_13,2026-01-01,17.72
medium_baseline_loose_collar_maltese_13,2026-01-02,17.52
medium_baseline_loose_collar_maltese_13,2026-01-03,10.77
medium_baseline_loose_collar_maltese_13,2026-01-04,17.85
medium_baseline_loose_collar_maltese_13,2026-01-05,17.76
medium_baseline_loose_collar_maltese_13,2026-01-06,22.05
medium_baseline_loose_collar_maltese_13,2026-01-07,22.24
medium_baseline_loose_collar_maltese_13,2026-01-08,19.2
medium_baseline_loose_collar_maltese_13,2026-01-09,20.59
medium_baseline_loose_collar_maltese_13,2026-01-10,11.4
medium_baseline_loose_collar_maltese_13,2026-01-11,22.69
medium_baseline_loose_collar_maltese_13,2026-01-12,17.16
medium_baseline_loose_collar_maltese_13,2026-01-13,19.94
medium_baseline_loose_collar_maltese_13,2026-01-14,18.02
medium_baseline_loose_collar_maltese_13,2026-01-15,22.74
medium_baseline_loose_collar_maltese_13,2026-01-16,19.89
medium_baseline_loose_collar_maltese_13,2026-01-17,12.09
medium_baseline_loose_collar_maltese_13,2026-01-18,17.4
medium_baseline_loose_collar_maltese_13,2026-01-19,16.22
medium_baseline_loose_collar_maltese_13,2026-01-20,16.09
medium_baseline_loose_collar_maltese_13,2026-01-21,19.3
medium_baseline_loose_collar_maltese_13,2026-01-22,17.79
medium_baseline_loose_collar_maltese_13,2026-01-23,22.71
medium_baseline_loose_collar_maltese_13,2026-01-24,11.95
medium_baseline_loose_collar_maltese_13,2026-01-25,17.57
medium_baseline_loose_collar_maltese_13,2026-01-26,19.22
medium_baseline_loose_collar_maltese_13,2026-01-27,22.86
medium_baseline_loose_collar_maltese_13,2026-01-28,20.8
medium_baseline_loose_collar_maltese_13,2026-01-29,22.23
medium_baseline_loose_collar_maltese_13,2026-01-30,16.94
medium_baseline_loose_collar_maltese_13,2026-01-31,11.34
medium_baseline_loose_collar_maltese_13,2026-02-01,20.74
medium_baseline_loose_collar_maltese_13,2026-02-02,18.17
medium_baseline_loose_collar_maltese_13,2026-02-03,17.24
medium_baseline_loose_collar_maltese_13,2026-02-04,22.94
medium_baseline_loose_collar_maltese_13,2026-02-05,20.43
medium_baseline_loose_collar_maltese_13,2026-02-06,22.91
medium_baseline_loose_collar_maltese_13,2026-02-07,12.16
medium_baseline_loose_collar_maltese_13,2026-02-08,19.19
boundary_2x_multiplier_goldendoodle_14,2026-01-01,22.6
boundary_2x_multiplier_goldendoodle_14,2026-01-02,22.23
boundary_2x_multiplier_goldendoodle_14,2026-01-03,20.36
boundary_2x_multiplier_goldendoodle_14,2026-01-04,22.66
boundary_2x_multiplier_goldendoodle_14,2026-01-05,21.95
boundary_2x_multiplier_goldendoodle_14,2026-01-06,18.33
boundary_2x_multiplier_goldendoodle_14,2026-01-07,19.69
boundary_2x_multiplier_goldendoodle_14,2026-01-08,18.6
boundary_2x_multiplier_goldendoodle_14,2026-01-09,17.94
boundary_2x_multiplier_goldendoodle_14,2026-01-10,21.31
boundary_2x_multiplier_goldendoodle_14,2026-01-11,20.34
boundary_2x_multiplier_goldendoodle_14,2026-01-12,20.49
boundary_2x_multiplier_goldendoodle_14,2026-01-13,21.02
boundary_2x_multiplier_goldendoodle_14,2026-01-14,20.22
boundary_2x_multiplier_goldendoodle_14,2026-01-15,16.45
boundary_2x_multiplier_goldendoodle_14,2026-01-16,17.12
boundary_2x_multiplier_goldendoodle_14,2026-01-17,20.06
boundary_2x_multiplier_goldendoodle_14,2026-01-18,16.11
boundary_2x_multiplier_goldendoodle_14,2026-01-19,17.97
boundary_2x_multiplier_goldendoodle_14,2026-01-20,22.51
boundary_2x_multiplier_goldendoodle_14,2026-01-21,20.89
boundary_2x_multiplier_goldendoodle_14,2026-01-22,19.05
boundary_2x_multiplier_goldendoodle_14,2026-01-23,19.59
boundary_2x_multiplier_goldendoodle_14,2026-01-24,22.9
boundary_2x_multiplier_goldendoodle_14,2026-01-25,20.55
boundary_2x_multiplier_goldendoodle_14,2026-01-26,19.37
boundary_2x_multiplier_goldendoodle_14,2026-01-27,20.81
boundary_2x_multiplier_goldendoodle_14,2026-01-28,19.81
boundary_2x_multiplier_goldendoodle_14,2026-01-29,19.0
boundary_2x_multiplier_goldendoodle_14,2026-01-30,20.03
boundary_2x_multiplier_goldendoodle_14,2026-01-31,17.39
boundary_2x_multiplier_goldendoodle_14,2026-02-01,16.65
boundary_2x_multiplier_goldendoodle_14,2026-02-02,17.9
boundary_2x_multiplier_goldendoodle_14,2026-02-03,19.1
boundary_2x_multiplier_goldendoodle_14,2026-02-04,21.92
boundary_2x_multiplier_goldendoodle_14,2026-02-05,16.4
off_body_days_stable_tibetan_15,2026-01-01,17.4
off_body_days_stable_tibetan_15,2026-01-02,18.78
off_body_days_stable_tibetan_15,2026-01-03,20.94
off_body_days_stable_tibetan_15,2026-01-04,0.0
off_body_days_stable_tibetan_15,2026-01-05,0.0
off_body_days_stable_tibetan_15,2026-01-06,19.25
off_body_days_stable_tibetan_15,2026-01-07,18.65
off_body_days_stable_tibetan_15,2026-01-08,18.45
off_body_days_stable_tibetan_15,2026-01-09,18.97
off_body_days_stable_tibetan_15,2026-01-10,21.23
off_body_days_stable_tibetan_15,2026-01-11,18.22
off_body_days_stable_tibetan_15,2026-01-12,19.48
off_body_days_stable_tibetan_15,2026-01-13,0.0
off_body_days_stable_tibetan_15,2026-01-14,0.0
off_body_days_stable_tibetan_15,2026-01-15,21.23
off_body_days_stable_tibetan_15,2026-01-16,16.3
off_body_days_stable_tibetan_15,2026-01-17,21.49
off_body_days_stable_tibetan_15,2026-01-18,22.5
off_body_days_stable_tibetan_15,2026-01-19,16.51
off_body_days_stable_tibetan_15,2026-01-20,22.26
off_body_days_stable_tibetan_15,2026-01-21,17.0
off_body_days_stable_tibetan_15,2026-01-22,0.0
off_body_days_stable_tibetan_15,2026-01-23,0.0
off_body_days_stable_tibetan_15,2026-01-24,19.3
off_body_days_stable_tibetan_15,2026-01-25,21.77
off_body_days_stable_tibetan_15,2026-01-26,16.21
off_body_days_stable_tibetan_15,2026-01-27,19.09
off_body_days_stable_tibetan_15,2026-01-28,21.19
off_body_days_stable_tibetan_15,2026-01-29,21.65
off_body_days_stable_tibetan_15,2026-01-30,22.89
off_body_days_stable_tibetan_15,2026-01-31,0.0
off_body_days_stable_tibetan_15,2026-02-01,0.0
off_body_days_stable_tibetan_15,2026-02-02,16.75
off_body_days_stable_tibetan_15,2026-02-03,16.66
off_body_days_stable_tibetan_15,2026-02-04,22.32
off_body_days_stable_tibetan_15,2026-02-05,16.18
off_body_days_stable_tibetan_15,2026-02-06,16.44
off_body_days_stable_tibetan_15,2026-02-07,18.59
off_body_days_stable_tibetan_15,2026-02-08,22.11
off_body_days_stable_tibetan_15,2026-02-09,0.0
questionnaire_consistent_c2_severe_goldendoodle_01,2026-01-01,19.46
questionnaire_consistent_c2_severe_goldendoodle_01,2026-01-02,19.83
questionnaire_consistent_c2_severe_goldendoodle_01,2026-01-03,20.47
questionnaire_consistent_c2_severe_goldendoodle_01,2026-01-04,18.84
questionnaire_consistent_c2_severe_goldendoodle_01,2026-01-05,16.47
questionnaire_consistent_c2_severe_goldendoodle_01,2026-01-06,17.05
questionnaire_consistent_c2_severe_goldendoodle_01,2026-01-07,16.43
questionnaire_consistent_c2_severe_goldendoodle_01,2026-01-08,17.59
questionnaire_consistent_c2_severe_goldendoodle_01,2026-01-09,19.7
questionnaire_consistent_c2_severe_goldendoodle_01,2026-01-10,16.88
questionnaire_consistent_c2_severe_goldendoodle_01,2026-01-11,21.18
questionnaire_consistent_c2_severe_goldendoodle_01,2026-01-12,20.61
questionnaire_consistent_c2_severe_goldendoodle_01,2026-01-13,18.05
questionnaire_consistent_c2_severe_goldendoodle_01,2026-01-14,21.17
questionnaire_consistent_c2_severe_goldendoodle_01,2026-01-15,20.24
questionnaire_consistent_c2_severe_goldendoodle_01,2026-01-16,18.16
questionnaire_consistent_c2_severe_goldendoodle_01,2026-01-17,19.45
questionnaire_consistent_c2_severe_goldendoodle_01,2026-01-18,17.5
questionnaire_consistent_c2_severe_goldendoodle_01,2026-01-19,19.19
questionnaire_consistent_c2_severe_goldendoodle_01,2026-01-20,19.37
questionnaire_consistent_c2_severe_goldendoodle_01,2026-01-21,17.05
questionnaire_consistent_c2_severe_goldendoodle_01,2026-01-22,18.9
questionnaire_consistent_c2_severe_goldendoodle_01,2026-01-23,20.43
questionnaire_consistent_c2_severe_goldendoodle_01,2026-01-24,19.08
questionnaire_consistent_c2_severe_goldendoodle_01,2026-01-25,18.09
questionnaire_consistent_c2_severe_goldendoodle_01,2026-01-26,21.76
questionnaire_consistent_c2_severe_goldendoodle_01,2026-01-27,20.16
questionnaire_consistent_c2_severe_goldendoodle_01,2026-01-28,17.27
questionnaire_consistent_c2_severe_goldendoodle_01,2026-01-29,22.78
questionnaire_consistent_c2_severe_goldendoodle_01,2026-01-30,20.2
questionnaire_consistent_c2_severe_goldendoodle_01,2026-01-31,19.15
questionnaire_consistent_c2_severe_goldendoodle_01,2026-02-01,21.58
questionnaire_consistent_c2_severe_goldendoodle_01,2026-02-02,20.4
questionnaire_consistent_c2_severe_goldendoodle_01,2026-02-03,19.61
questionnaire_consistent_c2_severe_goldendoodle_01,2026-02-04,18.7
questionnaire_consistent_c2_severe_goldendoodle_01,2026-02-05,17.52
questionnaire_consistent_c2_severe_goldendoodle_01,2026-02-06,20.59
questionnaire_consistent_c2_severe_goldendoodle_01,2026-02-07,17.74
questionnaire_consistent_c2_severe_goldendoodle_01,2026-02-08,21.91
questionnaire_consistent_c2_severe_goldendoodle_01,2026-02-09,21.46
questionnaire_consistent_c2_severe_goldendoodle_01,2026-02-10,20.73
questionnaire_consistent_c2_severe_goldendoodle_01,2026-02-11,22.87
questionnaire_consistent_c1_moderate_bichon_02,2026-01-01,16.16
questionnaire_consistent_c1_moderate_bichon_02,2026-01-02,17.76
questionnaire_consistent_c1_moderate_bichon_02,2026-01-03,16.78
questionnaire_consistent_c1_moderate_bichon_02,2026-01-04,16.44
questionnaire_consistent_c1_moderate_bichon_02,2026-01-05,19.31
questionnaire_consistent_c1_moderate_bichon_02,2026-01-06,18.56
questionnaire_consistent_c1_moderate_bichon_02,2026-01-07,17.32
questionnaire_consistent_c1_moderate_bichon_02,2026-01-08,18.0
questionnaire_consistent_c1_moderate_bichon_02,2026-01-09,16.79
questionnaire_consistent_c1_moderate_bichon_02,2026-01-10,19.26
questionnaire_consistent_c1_moderate_bichon_02,2026-01-11,21.76
questionnaire_consistent_c1_moderate_bichon_02,2026-01-12,18.12
questionnaire_consistent_c1_moderate_bichon_02,2026-01-13,20.75
questionnaire_consistent_c1_moderate_bichon_02,2026-01-14,19.29
questionnaire_consistent_c1_moderate_bichon_02,2026-01-15,20.8
questionnaire_consistent_c1_moderate_bichon_02,2026-01-16,20.92
questionnaire_consistent_c1_moderate_bichon_02,2026-01-17,17.68
questionnaire_consistent_c1_moderate_bichon_02,2026-01-18,19.69
questionnaire_consistent_c1_moderate_bichon_02,2026-01-19,22.19
questionnaire_consistent_c1_moderate_bichon_02,2026-01-20,22.05
questionnaire_consistent_c1_moderate_bichon_02,2026-01-21,18.72
questionnaire_consistent_c1_moderate_bichon_02,2026-01-22,19.32
questionnaire_consistent_c1_moderate_bichon_02,2026-01-23,21.76
questionnaire_consistent_c1_moderate_bichon_02,2026-01-24,17.18
questionnaire_consistent_c1_moderate_bichon_02,2026-01-25,17.98
questionnaire_consistent_c1_moderate_bichon_02,2026-01-26,19.17
questionnaire_consistent_c1_moderate_bichon_02,2026-01-27,22.5
questionnaire_consistent_c1_moderate_bichon_02,2026-01-28,21.88
questionnaire_consistent_c1_moderate_bichon_02,2026-01-29,22.38
questionnaire_consistent_c1_moderate_bichon_02,2026-01-30,20.98
questionnaire_consistent_c1_moderate_bichon_02,2026-01-31,19.06
questionnaire_consistent_c1_moderate_bichon_02,2026-02-01,16.89
questionnaire_consistent_c1_moderate_bichon_02,2026-02-02,19.04
questionnaire_consistent_c1_moderate_bichon_02,2026-02-03,20.08
questionnaire_consistent_c1_moderate_bichon_02,2026-02-04,20.72
questionnaire_conflict_worse_licking_maltese_03,2026-01-01,17.78
questionnaire_conflict_worse_licking_maltese_03,2026-01-02,18.23
questionnaire_conflict_worse_licking_maltese_03,2026-01-03,22.96
questionnaire_conflict_worse_licking_maltese_03,2026-01-04,21.82
questionnaire_conflict_worse_licking_maltese_03,2026-01-05,20.47
questionnaire_conflict_worse_licking_maltese_03,2026-01-06,22.06
questionnaire_conflict_worse_licking_maltese_03,2026-01-07,20.32
questionnaire_conflict_worse_licking_maltese_03,2026-01-08,22.49
questionnaire_conflict_worse_licking_maltese_03,2026-01-09,21.29
questionnaire_conflict_worse_licking_maltese_03,2026-01-10,20.7
questionnaire_conflict_worse_licking_maltese_03,2026-01-11,16.75
questionnaire_conflict_worse_licking_maltese_03,2026-01-12,16.03
questionnaire_conflict_worse_licking_maltese_03,2026-01-13,20.39
questionnaire_conflict_worse_licking_maltese_03,2026-01-14,16.32
questionnaire_conflict_worse_licking_maltese_03,2026-01-15,18.91
questionnaire_conflict_worse_licking_maltese_03,2026-01-16,18.74
questionnaire_conflict_worse_licking_maltese_03,2026-01-17,20.44
questionnaire_conflict_worse_licking_maltese_03,2026-01-18,17.26
questionnaire_conflict_worse_licking_maltese_03,2026-01-19,21.19
questionnaire_conflict_worse_licking_maltese_03,2026-01-20,22.03
questionnaire_conflict_worse_licking_maltese_03,2026-01-21,22.06
questionnaire_conflict_worse_licking_maltese_03,2026-01-22,16.68
questionnaire_conflict_worse_licking_maltese_03,2026-01-23,21.77
questionnaire_conflict_worse_licking_maltese_03,2026-01-24,22.79
questionnaire_conflict_worse_licking_maltese_03,2026-01-25,20.58
questionnaire_conflict_worse_licking_maltese_03,2026-01-26,17.21
questionnaire_conflict_worse_licking_maltese_03,2026-01-27,20.15
questionnaire_conflict_worse_licking_maltese_03,2026-01-28,17.13
questionnaire_conflict_worse_licking_maltese_03,2026-01-29,21.01
questionnaire_conflict_worse_licking_maltese_03,2026-01-30,16.22
questionnaire_conflict_worse_licking_maltese_03,2026-01-31,21.02
questionnaire_conflict_worse_licking_maltese_03,2026-02-01,19.91
questionnaire_conflict_worse_licking_maltese_03,2026-02-02,16.76
questionnaire_conflict_worse_licking_maltese_03,2026-02-03,19.54
questionnaire_conflict_worse_licking_maltese_03,2026-02-04,20.56
questionnaire_conflict_worse_licking_maltese_03,2026-02-05,17.7
questionnaire_conflict_worse_licking_maltese_03,2026-02-06,18.45
questionnaire_conflict_worse_licking_maltese_03,2026-02-07,20.73
questionnaire_conflict_worse_hidden_lesion_tugou_04,2026-01-01,22.52
questionnaire_conflict_worse_hidden_lesion_tugou_04,2026-01-02,17.52
questionnaire_conflict_worse_hidden_lesion_tugou_04,2026-01-03,17.06
questionnaire_conflict_worse_hidden_lesion_tugou_04,2026-01-04,21.62
questionnaire_conflict_worse_hidden_lesion_tugou_04,2026-01-05,22.42
questionnaire_conflict_worse_hidden_lesion_tugou_04,2026-01-06,22.68
questionnaire_conflict_worse_hidden_lesion_tugou_04,2026-01-07,19.89
questionnaire_conflict_worse_hidden_lesion_tugou_04,2026-01-08,17.81
questionnaire_conflict_worse_hidden_lesion_tugou_04,2026-01-09,19.9
questionnaire_conflict_worse_hidden_lesion_tugou_04,2026-01-10,16.58
questionnaire_conflict_worse_hidden_lesion_tugou_04,2026-01-11,22.13
questionnaire_conflict_worse_hidden_lesion_tugou_04,2026-01-12,22.3
questionnaire_conflict_worse_hidden_lesion_tugou_04,2026-01-13,18.35
questionnaire_conflict_worse_hidden_lesion_tugou_04,2026-01-14,21.33
questionnaire_conflict_worse_hidden_lesion_tugou_04,2026-01-15,16.76
questionnaire_conflict_worse_hidden_lesion_tugou_04,2026-01-16,22.63
questionnaire_conflict_worse_hidden_lesion_tugou_04,2026-01-17,21.88
questionnaire_conflict_worse_hidden_lesion_tugou_04,2026-01-18,22.49
questionnaire_conflict_worse_hidden_lesion_tugou_04,2026-01-19,22.82
questionnaire_conflict_worse_hidden_lesion_tugou_04,2026-01-20,21.86
questionnaire_conflict_worse_hidden_lesion_tugou_04,2026-01-21,21.45
questionnaire_conflict_worse_hidden_lesion_tugou_04,2026-01-22,19.72
questionnaire_conflict_worse_hidden_lesion_tugou_04,2026-01-23,20.74
questionnaire_conflict_worse_hidden_lesion_tugou_04,2026-01-24,22.55
questionnaire_conflict_worse_hidden_lesion_tugou_04,2026-01-25,20.74
questionnaire_conflict_worse_hidden_lesion_tugou_04,2026-01-26,20.83
questionnaire_conflict_worse_hidden_lesion_tugou_04,2026-01-27,19.5
questionnaire_conflict_worse_hidden_lesion_tugou_04,2026-01-28,17.54
questionnaire_conflict_worse_hidden_lesion_tugou_04,2026-01-29,19.49
questionnaire_conflict_worse_hidden_lesion_tugou_04,2026-01-30,17.91
questionnaire_conflict_worse_hidden_lesion_tugou_04,2026-01-31,16.45
questionnaire_conflict_worse_hidden_lesion_tugou_04,2026-02-01,22.75
questionnaire_conflict_worse_hidden_lesion_tugou_04,2026-02-02,18.43
questionnaire_conflict_worse_hidden_lesion_tugou_04,2026-02-03,20.25
questionnaire_conflict_worse_hidden_lesion_tugou_04,2026-02-04,19.17
questionnaire_conflict_worse_hidden_lesion_tugou_04,2026-02-05,22.65
questionnaire_conflict_worse_hidden_lesion_tugou_04,2026-02-06,21.21
questionnaire_conflict_worse_hidden_lesion_tugou_04,2026-02-07,16.44
questionnaire_conflict_worse_hidden_lesion_tugou_04,2026-02-08,18.62
questionnaire_conflict_worse_hidden_lesion_tugou_04,2026-02-09,21.67
questionnaire_conflict_better_habitual_goldendoodle_05,2026-01-01,19.47
questionnaire_conflict_better_habitual_goldendoodle_05,2026-01-02,18.53
questionnaire_conflict_better_habitual_goldendoodle_05,2026-01-03,16.48
questionnaire_conflict_better_habitual_goldendoodle_05,2026-01-04,19.75
questionnaire_conflict_better_habitual_goldendoodle_05,2026-01-05,16.8
questionnaire_conflict_better_habitual_goldendoodle_05,2026-01-06,22.99
questionnaire_conflict_better_habitual_goldendoodle_05,2026-01-07,19.75
questionnaire_conflict_better_habitual_goldendoodle_05,2026-01-08,16.21
questionnaire_conflict_better_habitual_goldendoodle_05,2026-01-09,16.31
questionnaire_conflict_better_habitual_goldendoodle_05,2026-01-10,22.8
questionnaire_conflict_better_habitual_goldendoodle_05,2026-01-11,20.42
questionnaire_conflict_better_habitual_goldendoodle_05,2026-01-12,20.88
questionnaire_conflict_better_habitual_goldendoodle_05,2026-01-13,17.68
questionnaire_conflict_better_habitual_goldendoodle_05,2026-01-14,21.06
questionnaire_conflict_better_habitual_goldendoodle_05,2026-01-15,16.74
questionnaire_conflict_better_habitual_goldendoodle_05,2026-01-16,17.3
questionnaire_conflict_better_habitual_goldendoodle_05,2026-01-17,19.05
questionnaire_conflict_better_habitual_goldendoodle_05,2026-01-18,22.05
questionnaire_conflict_better_habitual_goldendoodle_05,2026-01-19,16.16
questionnaire_conflict_better_habitual_goldendoodle_05,2026-01-20,21.07
questionnaire_conflict_better_habitual_goldendoodle_05,2026-01-21,16.62
questionnaire_conflict_better_habitual_goldendoodle_05,2026-01-22,17.88
questionnaire_conflict_better_habitual_goldendoodle_05,2026-01-23,19.02
questionnaire_conflict_better_habitual_goldendoodle_05,2026-01-24,19.77
questionnaire_conflict_better_habitual_goldendoodle_05,2026-01-25,20.69
questionnaire_conflict_better_habitual_goldendoodle_05,2026-01-26,18.78
questionnaire_conflict_better_habitual_goldendoodle_05,2026-01-27,20.53
questionnaire_conflict_better_habitual_goldendoodle_05,2026-01-28,22.48
questionnaire_conflict_better_habitual_goldendoodle_05,2026-01-29,20.95
questionnaire_conflict_better_habitual_goldendoodle_05,2026-01-30,22.66
questionnaire_conflict_better_habitual_goldendoodle_05,2026-01-31,20.4
questionnaire_conflict_better_habitual_goldendoodle_05,2026-02-01,19.92
questionnaire_conflict_better_habitual_goldendoodle_05,2026-02-02,16.9
questionnaire_conflict_better_habitual_goldendoodle_05,2026-02-03,19.81
questionnaire_conflict_better_habitual_goldendoodle_05,2026-02-04,22.81
questionnaire_conflict_better_habitual_goldendoodle_05,2026-02-05,21.62
questionnaire_conflict_better_spike_bichon_06,2026-01-01,17.41
questionnaire_conflict_better_spike_bichon_06,2026-01-02,19.18
questionnaire_conflict_better_spike_bichon_06,2026-01-03,22.15
questionnaire_conflict_better_spike_bichon_06,2026-01-04,16.03
questionnaire_conflict_better_spike_bichon_06,2026-01-05,20.86
questionnaire_conflict_better_spike_bichon_06,2026-01-06,18.48
questionnaire_conflict_better_spike_bichon_06,2026-01-07,22.01
questionnaire_conflict_better_spike_bichon_06,2026-01-08,19.65
questionnaire_conflict_better_spike_bichon_06,2026-01-09,22.85
questionnaire_conflict_better_spike_bichon_06,2026-01-10,17.45
questionnaire_conflict_better_spike_bichon_06,2026-01-11,21.08
questionnaire_conflict_better_spike_bichon_06,2026-01-12,20.35
questionnaire_conflict_better_spike_bichon_06,2026-01-13,21.14
questionnaire_conflict_better_spike_bichon_06,2026-01-14,17.49
questionnaire_conflict_better_spike_bichon_06,2026-01-15,22.32
questionnaire_conflict_better_spike_bichon_06,2026-01-16,16.77
questionnaire_conflict_better_spike_bichon_06,2026-01-17,20.84
questionnaire_conflict_better_spike_bichon_06,2026-01-18,19.43
questionnaire_conflict_better_spike_bichon_06,2026-01-19,21.45
questionnaire_conflict_better_spike_bichon_06,2026-01-20,16.4
questionnaire_conflict_better_spike_bichon_06,2026-01-21,20.96
questionnaire_conflict_better_spike_bichon_06,2026-01-22,19.44
questionnaire_conflict_better_spike_bichon_06,2026-01-23,19.44
questionnaire_conflict_better_spike_bichon_06,2026-01-24,17.43
questionnaire_conflict_better_spike_bichon_06,2026-01-25,22.95
questionnaire_conflict_better_spike_bichon_06,2026-01-26,19.27
questionnaire_conflict_better_spike_bichon_06,2026-01-27,20.72
questionnaire_conflict_better_spike_bichon_06,2026-01-28,17.79
questionnaire_conflict_better_spike_bichon_06,2026-01-29,16.86
questionnaire_conflict_better_spike_bichon_06,2026-01-30,16.26
questionnaire_conflict_better_spike_bichon_06,2026-01-31,20.9
questionnaire_conflict_better_spike_bichon_06,2026-02-01,16.76
questionnaire_no_answer_c1_maltese_07,2026-01-01,17.34
questionnaire_no_answer_c1_maltese_07,2026-01-02,20.52
questionnaire_no_answer_c1_maltese_07,2026-01-03,19.81
questionnaire_no_answer_c1_maltese_07,2026-01-04,19.2
questionnaire_no_answer_c1_maltese_07,2026-01-05,19.1
questionnaire_no_answer_c1_maltese_07,2026-01-06,21.49
questionnaire_no_answer_c1_maltese_07,2026-01-07,16.75
questionnaire_no_answer_c1_maltese_07,2026-01-08,17.49
questionnaire_no_answer_c1_maltese_07,2026-01-09,17.91
questionnaire_no_answer_c1_maltese_07,2026-01-10,22.99
questionnaire_no_answer_c1_maltese_07,2026-01-11,20.17
questionnaire_no_answer_c1_maltese_07,2026-01-12,18.78
questionnaire_no_answer_c1_maltese_07,2026-01-13,21.4
questionnaire_no_answer_c1_maltese_07,2026-01-14,20.79
questionnaire_no_answer_c1_maltese_07,2026-01-15,16.16
questionnaire_no_answer_c1_maltese_07,2026-01-16,22.32
questionnaire_no_answer_c1_maltese_07,2026-01-17,19.18
questionnaire_no_answer_c1_maltese_07,2026-01-18,17.53
questionnaire_no_answer_c1_maltese_07,2026-01-19,16.15
questionnaire_no_answer_c1_maltese_07,2026-01-20,16.22
questionnaire_no_answer_c1_maltese_07,2026-01-21,21.41
questionnaire_no_answer_c1_maltese_07,2026-01-22,21.62
questionnaire_no_answer_c1_maltese_07,2026-01-23,16.68
questionnaire_no_answer_c1_maltese_07,2026-01-24,18.37
questionnaire_no_answer_c1_maltese_07,2026-01-25,18.21
questionnaire_no_answer_c1_maltese_07,2026-01-26,19.88
questionnaire_no_answer_c1_maltese_07,2026-01-27,21.45
questionnaire_no_answer_c1_maltese_07,2026-01-28,16.97
questionnaire_no_answer_c1_maltese_07,2026-01-29,20.91
questionnaire_no_answer_c1_maltese_07,2026-01-30,22.69
questionnaire_no_answer_c1_maltese_07,2026-01-31,21.14
questionnaire_no_answer_c1_maltese_07,2026-02-01,18.32
questionnaire_no_answer_c1_maltese_07,2026-02-02,17.59
questionnaire_no_answer_c1_maltese_07,2026-02-03,20.49
questionnaire_no_answer_c2_tugou_08,2026-01-01,21.15
questionnaire_no_answer_c2_tugou_08,2026-01-02,17.91
questionnaire_no_answer_c2_tugou_08,2026-01-03,21.55
questionnaire_no_answer_c2_tugou_08,2026-01-04,22.76
questionnaire_no_answer_c2_tugou_08,2026-01-05,18.25
questionnaire_no_answer_c2_tugou_08,2026-01-06,20.02
questionnaire_no_answer_c2_tugou_08,2026-01-07,20.15
questionnaire_no_answer_c2_tugou_08,2026-01-08,17.05
questionnaire_no_answer_c2_tugou_08,2026-01-09,22.71
questionnaire_no_answer_c2_tugou_08,2026-01-10,19.76
questionnaire_no_answer_c2_tugou_08,2026-01-11,17.94
questionnaire_no_answer_c2_tugou_08,2026-01-12,16.31
questionnaire_no_answer_c2_tugou_08,2026-01-13,22.85
questionnaire_no_answer_c2_tugou_08,2026-01-14,21.96
questionnaire_no_answer_c2_tugou_08,2026-01-15,21.3
questionnaire_no_answer_c2_tugou_08,2026-01-16,16.55
questionnaire_no_answer_c2_tugou_08,2026-01-17,17.92
questionnaire_no_answer_c2_tugou_08,2026-01-18,17.9
questionnaire_no_answer_c2_tugou_08,2026-01-19,16.41
questionnaire_no_answer_c2_tugou_08,2026-01-20,17.85
questionnaire_no_answer_c2_tugou_08,2026-01-21,16.43
questionnaire_no_answer_c2_tugou_08,2026-01-22,18.01
questionnaire_no_answer_c2_tugou_08,2026-01-23,22.81
questionnaire_no_answer_c2_tugou_08,2026-01-24,17.77
questionnaire_no_answer_c2_tugou_08,2026-01-25,17.29
questionnaire_no_answer_c2_tugou_08,2026-01-26,22.47
questionnaire_no_answer_c2_tugou_08,2026-01-27,16.53
questionnaire_no_answer_c2_tugou_08,2026-01-28,21.01
questionnaire_no_answer_c2_tugou_08,2026-01-29,21.69
questionnaire_no_answer_c2_tugou_08,2026-01-30,16.11
questionnaire_no_answer_c2_tugou_08,2026-01-31,22.46
questionnaire_no_answer_c2_tugou_08,2026-02-01,20.46
questionnaire_no_answer_c2_tugou_08,2026-02-02,17.96
questionnaire_no_answer_c2_tugou_08,2026-02-03,19.77
questionnaire_no_answer_c2_tugou_08,2026-02-04,18.77
questionnaire_no_answer_c2_tugou_08,2026-02-05,18.43
questionnaire_no_answer_c2_tugou_08,2026-02-06,20.17
questionnaire_no_answer_c2_tugou_08,2026-02-07,21.57
questionnaire_no_answer_c2_tugou_08,2026-02-08,20.09
questionnaire_no_answer_c2_tugou_08,2026-02-09,19.08
questionnaire_not_triggered_stable_goldendoodle_09,2026-01-01,21.47
questionnaire_not_triggered_stable_goldendoodle_09,2026-01-02,20.31
questionnaire_not_triggered_stable_goldendoodle_09,2026-01-03,18.19
questionnaire_not_triggered_stable_goldendoodle_09,2026-01-04,20.49
questionnaire_not_triggered_stable_goldendoodle_09,2026-01-05,22.67
questionnaire_not_triggered_stable_goldendoodle_09,2026-01-06,16.87
questionnaire_not_triggered_stable_goldendoodle_09,2026-01-07,18.73
questionnaire_not_triggered_stable_goldendoodle_09,2026-01-08,19.29
questionnaire_not_triggered_stable_goldendoodle_09,2026-01-09,16.87
questionnaire_not_triggered_stable_goldendoodle_09,2026-01-10,21.16
questionnaire_not_triggered_stable_goldendoodle_09,2026-01-11,16.53
questionnaire_not_triggered_stable_goldendoodle_09,2026-01-12,21.15
questionnaire_not_triggered_stable_goldendoodle_09,2026-01-13,17.64
questionnaire_not_triggered_stable_goldendoodle_09,2026-01-14,16.08
questionnaire_not_triggered_stable_goldendoodle_09,2026-01-15,18.6
questionnaire_not_triggered_stable_goldendoodle_09,2026-01-16,22.42
questionnaire_not_triggered_stable_goldendoodle_09,2026-01-17,18.55
questionnaire_not_triggered_stable_goldendoodle_09,2026-01-18,19.35
questionnaire_not_triggered_stable_goldendoodle_09,2026-01-19,17.96
questionnaire_not_triggered_stable_goldendoodle_09,2026-01-20,16.93
questionnaire_not_triggered_stable_goldendoodle_09,2026-01-21,20.83
questionnaire_not_triggered_stable_goldendoodle_09,2026-01-22,19.74
questionnaire_not_triggered_stable_goldendoodle_09,2026-01-23,19.18
questionnaire_not_triggered_stable_goldendoodle_09,2026-01-24,20.71
questionnaire_not_triggered_stable_goldendoodle_09,2026-01-25,17.46
questionnaire_not_triggered_stable_goldendoodle_09,2026-01-26,22.28
questionnaire_not_triggered_stable_goldendoodle_09,2026-01-27,18.89
questionnaire_not_triggered_stable_goldendoodle_09,2026-01-28,20.61
questionnaire_not_triggered_stable_goldendoodle_09,2026-01-29,16.13
questionnaire_not_triggered_stable_goldendoodle_09,2026-01-30,17.75
questionnaire_not_triggered_stable_goldendoodle_09,2026-01-31,19.09
questionnaire_not_triggered_stable_goldendoodle_09,2026-02-01,18.14
questionnaire_not_triggered_stable_goldendoodle_09,2026-02-02,19.44
questionnaire_not_triggered_stable_bichon_10,2026-01-01,17.17
questionnaire_not_triggered_stable_bichon_10,2026-01-02,20.81
questionnaire_not_triggered_stable_bichon_10,2026-01-03,19.18
questionnaire_not_triggered_stable_bichon_10,2026-01-04,22.05
questionnaire_not_triggered_stable_bichon_10,2026-01-05,19.0
questionnaire_not_triggered_stable_bichon_10,2026-01-06,16.26
questionnaire_not_triggered_stable_bichon_10,2026-01-07,21.32
questionnaire_not_triggered_stable_bichon_10,2026-01-08,16.89
questionnaire_not_triggered_stable_bichon_10,2026-01-09,21.7
questionnaire_consistent_boundary_c1_maltese_11,2026-01-01,16.21
questionnaire_consistent_boundary_c1_maltese_11,2026-01-02,16.81
questionnaire_consistent_boundary_c1_maltese_11,2026-01-03,17.23
questionnaire_consistent_boundary_c1_maltese_11,2026-01-04,22.31
questionnaire_consistent_boundary_c1_maltese_11,2026-01-05,18.2
questionnaire_consistent_boundary_c1_maltese_11,2026-01-06,16.68
questionnaire_consistent_boundary_c1_maltese_11,2026-01-07,21.4
questionnaire_consistent_boundary_c1_maltese_11,2026-01-08,16.77
questionnaire_consistent_boundary_c1_maltese_11,2026-01-09,17.15
questionnaire_consistent_boundary_c1_maltese_11,2026-01-10,20.04
questionnaire_consistent_boundary_c1_maltese_11,2026-01-11,18.35
questionnaire_consistent_boundary_c1_maltese_11,2026-01-12,19.06
questionnaire_consistent_boundary_c1_maltese_11,2026-01-13,18.07
questionnaire_consistent_boundary_c1_maltese_11,2026-01-14,22.17
questionnaire_consistent_boundary_c1_maltese_11,2026-01-15,21.42
questionnaire_consistent_boundary_c1_maltese_11,2026-01-16,20.6
questionnaire_consistent_boundary_c1_maltese_11,2026-01-17,21.58
questionnaire_consistent_boundary_c1_maltese_11,2026-01-18,16.58
questionnaire_consistent_boundary_c1_maltese_11,2026-01-19,17.66
questionnaire_consistent_boundary_c1_maltese_11,2026-01-20,18.48
questionnaire_consistent_boundary_c1_maltese_11,2026-01-21,16.37
questionnaire_consistent_boundary_c1_maltese_11,2026-01-22,21.62
questionnaire_consistent_boundary_c1_maltese_11,2026-01-23,20.24
questionnaire_consistent_boundary_c1_maltese_11,2026-01-24,21.24
questionnaire_consistent_boundary_c1_maltese_11,2026-01-25,17.26
questionnaire_consistent_boundary_c1_maltese_11,2026-01-26,18.39
questionnaire_consistent_boundary_c1_maltese_11,2026-01-27,22.2
questionnaire_consistent_boundary_c1_maltese_11,2026-01-28,17.67
questionnaire_consistent_boundary_c1_maltese_11,2026-01-29,22.79
questionnaire_consistent_boundary_c1_maltese_11,2026-01-30,20.73
questionnaire_consistent_boundary_c1_maltese_11,2026-01-31,22.26
questionnaire_consistent_boundary_c1_maltese_11,2026-02-01,21.44
questionnaire_consistent_boundary_c1_maltese_11,2026-02-02,17.36
questionnaire_consistent_boundary_c1_maltese_11,2026-02-03,19.25
questionnaire_consistent_boundary_c1_maltese_11,2026-02-04,16.47
questionnaire_consistent_boundary_c1_maltese_11,2026-02-05,20.4
questionnaire_consistent_boundary_c1_maltese_11,2026-02-06,18.09
questionnaire_conflict_worse_boundary_tugou_12,2026-01-01,5.94
questionnaire_conflict_worse_boundary_tugou_12,2026-01-02,22.07
questionnaire_conflict_worse_boundary_tugou_12,2026-01-03,17.68
questionnaire_conflict_worse_boundary_tugou_12,2026-01-04,18.48
questionnaire_conflict_worse_boundary_tugou_12,2026-01-05,16.38
questionnaire_conflict_worse_boundary_tugou_12,2026-01-06,4.07
questionnaire_conflict_worse_boundary_tugou_12,2026-01-07,17.03
questionnaire_conflict_worse_boundary_tugou_12,2026-01-08,18.06
questionnaire_conflict_worse_boundary_tugou_12,2026-01-09,22.99
questionnaire_conflict_worse_boundary_tugou_12,2026-01-10,17.14
questionnaire_conflict_worse_boundary_tugou_12,2026-01-11,4.99
questionnaire_conflict_worse_boundary_tugou_12,2026-01-12,16.34
questionnaire_conflict_worse_boundary_tugou_12,2026-01-13,16.61
questionnaire_conflict_worse_boundary_tugou_12,2026-01-14,20.09
questionnaire_conflict_worse_boundary_tugou_12,2026-01-15,17.21
questionnaire_conflict_worse_boundary_tugou_12,2026-01-16,7.91
questionnaire_conflict_worse_boundary_tugou_12,2026-01-17,22.05
questionnaire_conflict_worse_boundary_tugou_12,2026-01-18,21.06
questionnaire_conflict_worse_boundary_tugou_12,2026-01-19,17.57
questionnaire_conflict_worse_boundary_tugou_12,2026-01-20,22.57
questionnaire_conflict_worse_boundary_tugou_12,2026-01-21,6.01
questionnaire_conflict_worse_boundary_tugou_12,2026-01-22,22.82
questionnaire_conflict_worse_boundary_tugou_12,2026-01-23,16.48
questionnaire_conflict_worse_boundary_tugou_12,2026-01-24,22.55
questionnaire_conflict_worse_boundary_tugou_12,2026-01-25,16.92
questionnaire_conflict_worse_boundary_tugou_12,2026-01-26,2.8
questionnaire_conflict_worse_boundary_tugou_12,2026-01-27,17.09
questionnaire_conflict_worse_boundary_tugou_12,2026-01-28,19.17
questionnaire_conflict_worse_boundary_tugou_12,2026-01-29,17.51
questionnaire_conflict_worse_boundary_tugou_12,2026-01-30,18.52
questionnaire_conflict_worse_boundary_tugou_12,2026-01-31,8.73
questionnaire_conflict_worse_boundary_tugou_12,2026-02-01,16.65
questionnaire_conflict_worse_boundary_tugou_12,2026-02-02,21.41
questionnaire_conflict_worse_boundary_tugou_12,2026-02-03,19.45
questionnaire_conflict_worse_boundary_tugou_12,2026-02-04,18.04
questionnaire_conflict_worse_boundary_tugou_12,2026-02-05,4.02
questionnaire_conflict_worse_boundary_tugou_12,2026-02-06,22.2
questionnaire_conflict_worse_boundary_tugou_12,2026-02-07,22.66
questionnaire_conflict_worse_boundary_tugou_12,2026-02-08,17.16
questionnaire_consistent_recovery_goldendoodle_13,2026-01-01,19.29
questionnaire_consistent_recovery_goldendoodle_13,2026-01-02,21.7
questionnaire_consistent_recovery_goldendoodle_13,2026-01-03,20.78
questionnaire_consistent_recovery_goldendoodle_13,2026-01-04,22.45
questionnaire_consistent_recovery_goldendoodle_13,2026-01-05,19.8
questionnaire_consistent_recovery_goldendoodle_13,2026-01-06,21.37
questionnaire_consistent_recovery_goldendoodle_13,2026-01-07,20.24
questionnaire_consistent_recovery_goldendoodle_13,2026-01-08,19.2
questionnaire_consistent_recovery_goldendoodle_13,2026-01-09,21.48
questionnaire_consistent_recovery_goldendoodle_13,2026-01-10,21.43
questionnaire_consistent_recovery_goldendoodle_13,2026-01-11,18.82
questionnaire_consistent_recovery_goldendoodle_13,2026-01-12,20.41
questionnaire_consistent_recovery_goldendoodle_13,2026-01-13,21.07
questionnaire_consistent_recovery_goldendoodle_13,2026-01-14,22.33
questionnaire_consistent_recovery_goldendoodle_13,2026-01-15,21.8
questionnaire_consistent_recovery_goldendoodle_13,2026-01-16,17.6
questionnaire_consistent_recovery_goldendoodle_13,2026-01-17,21.07
questionnaire_consistent_recovery_goldendoodle_13,2026-01-18,18.58
questionnaire_consistent_recovery_goldendoodle_13,2026-01-19,18.27
questionnaire_consistent_recovery_goldendoodle_13,2026-01-20,18.83
questionnaire_consistent_recovery_goldendoodle_13,2026-01-21,19.09
questionnaire_consistent_recovery_goldendoodle_13,2026-01-22,22.54
questionnaire_consistent_recovery_goldendoodle_13,2026-01-23,16.98
questionnaire_consistent_recovery_goldendoodle_13,2026-01-24,21.55
questionnaire_consistent_recovery_goldendoodle_13,2026-01-25,20.47
questionnaire_consistent_recovery_goldendoodle_13,2026-01-26,18.67
questionnaire_consistent_recovery_goldendoodle_13,2026-01-27,18.68
questionnaire_consistent_recovery_goldendoodle_13,2026-01-28,17.41
questionnaire_consistent_recovery_goldendoodle_13,2026-01-29,18.27
questionnaire_consistent_recovery_goldendoodle_13,2026-01-30,20.24
questionnaire_consistent_recovery_goldendoodle_13,2026-01-31,18.55
questionnaire_consistent_recovery_goldendoodle_13,2026-02-01,20.67
questionnaire_consistent_recovery_goldendoodle_13,2026-02-02,20.67
questionnaire_consistent_recovery_goldendoodle_13,2026-02-03,19.54
questionnaire_consistent_recovery_goldendoodle_13,2026-02-04,18.58
questionnaire_consistent_recovery_goldendoodle_13,2026-02-05,20.75
questionnaire_consistent_recovery_goldendoodle_13,2026-02-06,20.44
questionnaire_consistent_recovery_goldendoodle_13,2026-02-07,17.26
questionnaire_consistent_recovery_goldendoodle_13,2026-02-08,20.01
questionnaire_consistent_recovery_goldendoodle_13,2026-02-09,17.21
questionnaire_consistent_recovery_goldendoodle_13,2026-02-10,16.67
questionnaire_consistent_recovery_goldendoodle_13,2026-02-11,20.93
questionnaire_consistent_recovery_goldendoodle_13,2026-02-12,20.6
questionnaire_consistent_recovery_goldendoodle_13,2026-02-13,19.77
questionnaire_consistent_recovery_goldendoodle_13,2026-02-14,20.47
questionnaire_consistent_recovery_goldendoodle_13,2026-02-15,18.89
questionnaire_consistent_recovery_goldendoodle_13,2026-02-16,17.35
questionnaire_consistent_recovery_goldendoodle_13,2026-02-17,19.98
questionnaire_consistent_recovery_goldendoodle_13,2026-02-18,22.57
questionnaire_consistent_recovery_goldendoodle_13,2026-02-19,17.09
questionnaire_conflict_better_boundary_bichon_14,2026-01-01,19.81
questionnaire_conflict_better_boundary_bichon_14,2026-01-02,19.57
questionnaire_conflict_better_boundary_bichon_14,2026-01-03,10.85
questionnaire_conflict_better_boundary_bichon_14,2026-01-04,22.98
questionnaire_conflict_better_boundary_bichon_14,2026-01-05,18.8
questionnaire_conflict_better_boundary_bichon_14,2026-01-06,21.19
questionnaire_conflict_better_boundary_bichon_14,2026-01-07,19.82
questionnaire_conflict_better_boundary_bichon_14,2026-01-08,17.08
questionnaire_conflict_better_boundary_bichon_14,2026-01-09,16.13
questionnaire_conflict_better_boundary_bichon_14,2026-01-10,9.99
questionnaire_conflict_better_boundary_bichon_14,2026-01-11,19.5
questionnaire_conflict_better_boundary_bichon_14,2026-01-12,20.14
questionnaire_conflict_better_boundary_bichon_14,2026-01-13,16.62
questionnaire_conflict_better_boundary_bichon_14,2026-01-14,20.13
questionnaire_conflict_better_boundary_bichon_14,2026-01-15,19.68
questionnaire_conflict_better_boundary_bichon_14,2026-01-16,22.07
questionnaire_conflict_better_boundary_bichon_14,2026-01-17,13.87
questionnaire_conflict_better_boundary_bichon_14,2026-01-18,22.49
questionnaire_conflict_better_boundary_bichon_14,2026-01-19,22.33
questionnaire_conflict_better_boundary_bichon_14,2026-01-20,17.12
questionnaire_conflict_better_boundary_bichon_14,2026-01-21,17.68
questionnaire_conflict_better_boundary_bichon_14,2026-01-22,18.51
questionnaire_conflict_better_boundary_bichon_14,2026-01-23,22.11
questionnaire_conflict_better_boundary_bichon_14,2026-01-24,10.96
questionnaire_conflict_better_boundary_bichon_14,2026-01-25,20.29
questionnaire_conflict_better_boundary_bichon_14,2026-01-26,16.82
questionnaire_conflict_better_boundary_bichon_14,2026-01-27,19.43
questionnaire_conflict_better_boundary_bichon_14,2026-01-28,21.75
questionnaire_conflict_better_boundary_bichon_14,2026-01-29,17.22
questionnaire_conflict_better_boundary_bichon_14,2026-01-30,21.23
questionnaire_conflict_better_boundary_bichon_14,2026-01-31,12.25
questionnaire_conflict_better_boundary_bichon_14,2026-02-01,19.62
questionnaire_conflict_better_boundary_bichon_14,2026-02-02,16.01
questionnaire_conflict_better_boundary_bichon_14,2026-02-03,16.97
questionnaire_conflict_better_boundary_bichon_14,2026-02-04,18.24
questionnaire_conflict_better_boundary_bichon_14,2026-02-05,22.95
spike_recover_mild_goldenretriever_01,2026-01-01,21.33
spike_recover_mild_goldenretriever_01,2026-01-02,16.38
spike_recover_mild_goldenretriever_01,2026-01-03,18.25
spike_recover_mild_goldenretriever_01,2026-01-04,18.79
spike_recover_mild_goldenretriever_01,2026-01-05,22.92
spike_recover_mild_goldenretriever_01,2026-01-06,18.25
spike_recover_mild_goldenretriever_01,2026-01-07,16.31
spike_recover_mild_goldenretriever_01,2026-01-08,18.98
spike_recover_mild_goldenretriever_01,2026-01-09,20.62
spike_recover_mild_goldenretriever_01,2026-01-10,22.24
spike_recover_mild_goldenretriever_01,2026-01-11,19.91
spike_recover_mild_goldenretriever_01,2026-01-12,16.17
spike_recover_mild_goldenretriever_01,2026-01-13,16.48
spike_recover_mild_goldenretriever_01,2026-01-14,18.48
spike_recover_mild_goldenretriever_01,2026-01-15,18.91
spike_recover_mild_goldenretriever_01,2026-01-16,18.13
spike_recover_mild_goldenretriever_01,2026-01-17,22.58
spike_recover_mild_goldenretriever_01,2026-01-18,18.38
spike_recover_mild_goldenretriever_01,2026-01-19,21.46
spike_recover_mild_goldenretriever_01,2026-01-20,20.28
spike_recover_mild_goldenretriever_01,2026-01-21,20.76
spike_recover_mild_goldenretriever_01,2026-01-22,18.7
spike_recover_mild_goldenretriever_01,2026-01-23,19.86
spike_recover_mild_goldenretriever_01,2026-01-24,18.87
spike_recover_mild_goldenretriever_01,2026-01-25,22.67
spike_recover_mild_goldenretriever_01,2026-01-26,17.37
spike_recover_mild_goldenretriever_01,2026-01-27,16.13
spike_recover_mild_goldenretriever_01,2026-01-28,22.38
spike_recover_mild_goldenretriever_01,2026-01-29,16.69
spike_recover_mild_goldenretriever_01,2026-01-30,19.99
spike_recover_mild_goldenretriever_01,2026-01-31,17.72
spike_recover_mild_goldenretriever_01,2026-02-01,17.86
spike_recover_mild_goldenretriever_01,2026-02-02,22.19
spike_recover_mild_goldenretriever_01,2026-02-03,17.82
spike_recover_mild_goldenretriever_01,2026-02-04,17.22
spike_recover_borderline_low_bichon_02,2026-01-01,17.12
spike_recover_borderline_low_bichon_02,2026-01-02,22.66
spike_recover_borderline_low_bichon_02,2026-01-03,20.33
spike_recover_borderline_low_bichon_02,2026-01-04,20.45
spike_recover_borderline_low_bichon_02,2026-01-05,18.64
spike_recover_borderline_low_bichon_02,2026-01-06,21.28
spike_recover_borderline_low_bichon_02,2026-01-07,20.41
spike_recover_borderline_low_bichon_02,2026-01-08,17.49
spike_recover_borderline_low_bichon_02,2026-01-09,22.15
spike_recover_borderline_low_bichon_02,2026-01-10,17.58
spike_recover_borderline_low_bichon_02,2026-01-11,21.51
spike_recover_borderline_low_bichon_02,2026-01-12,16.69
spike_recover_borderline_low_bichon_02,2026-01-13,17.08
spike_recover_borderline_low_bichon_02,2026-01-14,21.96
spike_recover_borderline_low_bichon_02,2026-01-15,16.5
spike_recover_borderline_low_bichon_02,2026-01-16,19.53
spike_recover_borderline_low_bichon_02,2026-01-17,19.37
spike_recover_borderline_low_bichon_02,2026-01-18,16.13
spike_recover_borderline_low_bichon_02,2026-01-19,16.29
spike_recover_borderline_low_bichon_02,2026-01-20,16.23
spike_recover_borderline_low_bichon_02,2026-01-21,20.68
spike_recover_borderline_low_bichon_02,2026-01-22,19.91
spike_recover_borderline_low_bichon_02,2026-01-23,17.12
spike_recover_borderline_low_bichon_02,2026-01-24,20.79
spike_recover_borderline_low_bichon_02,2026-01-25,20.96
spike_recover_borderline_low_bichon_02,2026-01-26,17.56
spike_recover_borderline_low_bichon_02,2026-01-27,21.4
spike_recover_borderline_low_bichon_02,2026-01-28,17.31
spike_recover_borderline_low_bichon_02,2026-01-29,17.05
spike_recover_borderline_low_bichon_02,2026-01-30,20.06
spike_recover_borderline_low_bichon_02,2026-01-31,20.59
spike_recover_borderline_low_bichon_02,2026-02-01,20.88
spike_recover_borderline_low_bichon_02,2026-02-02,17.27
spike_recover_borderline_low_bichon_02,2026-02-03,20.38
spike_recover_moderate_bichon_03,2026-01-01,17.02
spike_recover_moderate_bichon_03,2026-01-02,20.27
spike_recover_moderate_bichon_03,2026-01-03,21.36
spike_recover_moderate_bichon_03,2026-01-04,16.2
spike_recover_moderate_bichon_03,2026-01-05,19.07
spike_recover_moderate_bichon_03,2026-01-06,16.25
spike_recover_moderate_bichon_03,2026-01-07,18.48
spike_recover_moderate_bichon_03,2026-01-08,19.32
spike_recover_moderate_bichon_03,2026-01-09,17.16
spike_recover_moderate_bichon_03,2026-01-10,21.94
spike_recover_moderate_bichon_03,2026-01-11,17.93
spike_recover_moderate_bichon_03,2026-01-12,22.77
spike_recover_moderate_bichon_03,2026-01-13,16.7
spike_recover_moderate_bichon_03,2026-01-14,19.2
spike_recover_moderate_bichon_03,2026-01-15,18.74
spike_recover_moderate_bichon_03,2026-01-16,17.48
spike_recover_moderate_bichon_03,2026-01-17,21.9
spike_recover_moderate_bichon_03,2026-01-18,22.92
spike_recover_moderate_bichon_03,2026-01-19,16.96
spike_recover_moderate_bichon_03,2026-01-20,17.47
spike_recover_moderate_bichon_03,2026-01-21,22.25
spike_recover_moderate_bichon_03,2026-01-22,21.42
spike_recover_moderate_bichon_03,2026-01-23,16.67
spike_recover_moderate_bichon_03,2026-01-24,21.67
spike_recover_moderate_bichon_03,2026-01-25,18.45
spike_recover_moderate_bichon_03,2026-01-26,21.48
spike_recover_moderate_bichon_03,2026-01-27,17.65
spike_recover_moderate_bichon_03,2026-01-28,17.05
spike_recover_moderate_bichon_03,2026-01-29,17.87
spike_recover_moderate_bichon_03,2026-01-30,16.71
spike_recover_moderate_bichon_03,2026-01-31,20.28
spike_recover_moderate_bichon_03,2026-02-01,21.44
spike_recover_moderate_bichon_03,2026-02-02,17.42
spike_recover_moderate_bichon_03,2026-02-03,17.42
spike_recover_moderate_bichon_03,2026-02-04,16.51
spike_recover_moderate_bichon_03,2026-02-05,21.5
spike_recover_moderate_bichon_03,2026-02-06,22.12
spike_recover_moderate_bichon_03,2026-02-07,16.79
spike_recover_severe_maltese_04,2026-01-01,16.95
spike_recover_severe_maltese_04,2026-01-02,20.16
spike_recover_severe_maltese_04,2026-01-03,22.49
spike_recover_severe_maltese_04,2026-01-04,22.04
spike_recover_severe_maltese_04,2026-01-05,19.38
spike_recover_severe_maltese_04,2026-01-06,18.03
spike_recover_severe_maltese_04,2026-01-07,18.46
spike_recover_severe_maltese_04,2026-01-08,20.1
spike_recover_severe_maltese_04,2026-01-09,21.65
spike_recover_severe_maltese_04,2026-01-10,21.39
spike_recover_severe_maltese_04,2026-01-11,18.75
spike_recover_severe_maltese_04,2026-01-12,21.9
spike_recover_severe_maltese_04,2026-01-13,21.68
spike_recover_severe_maltese_04,2026-01-14,21.13
spike_recover_severe_maltese_04,2026-01-15,21.31
spike_recover_severe_maltese_04,2026-01-16,17.78
spike_recover_severe_maltese_04,2026-01-17,18.68
spike_recover_severe_maltese_04,2026-01-18,16.99
spike_recover_severe_maltese_04,2026-01-19,20.29
spike_recover_severe_maltese_04,2026-01-20,16.5
spike_recover_severe_maltese_04,2026-01-21,16.19
spike_recover_severe_maltese_04,2026-01-22,20.38
spike_recover_severe_maltese_04,2026-01-23,21.68
spike_recover_severe_maltese_04,2026-01-24,20.33
spike_recover_severe_maltese_04,2026-01-25,20.2
spike_recover_severe_maltese_04,2026-01-26,16.29
spike_recover_severe_maltese_04,2026-01-27,21.12
spike_recover_severe_maltese_04,2026-01-28,22.1
spike_recover_severe_maltese_04,2026-01-29,22.11
spike_recover_severe_maltese_04,2026-01-30,21.69
spike_recover_severe_maltese_04,2026-01-31,22.57
spike_recover_severe_maltese_04,2026-02-01,17.5
spike_recover_severe_maltese_04,2026-02-02,22.92
spike_recover_severe_maltese_04,2026-02-03,21.27
spike_recover_severe_maltese_04,2026-02-04,19.04
spike_recover_severe_maltese_04,2026-02-05,16.91
spike_recover_severe_maltese_04,2026-02-06,21.0
spike_recover_severe_maltese_04,2026-02-07,20.01
spike_recover_severe_maltese_04,2026-02-08,18.15
spike_recover_severe_maltese_04,2026-02-09,19.98
spike_recover_slow_taper_ruralmixed_05,2026-01-01,7.13
spike_recover_slow_taper_ruralmixed_05,2026-01-02,16.1
spike_recover_slow_taper_ruralmixed_05,2026-01-03,19.09
spike_recover_slow_taper_ruralmixed_05,2026-01-04,17.57
spike_recover_slow_taper_ruralmixed_05,2026-01-05,16.27
spike_recover_slow_taper_ruralmixed_05,2026-01-06,7.09
spike_recover_slow_taper_ruralmixed_05,2026-01-07,17.23
spike_recover_slow_taper_ruralmixed_05,2026-01-08,20.23
spike_recover_slow_taper_ruralmixed_05,2026-01-09,22.58
spike_recover_slow_taper_ruralmixed_05,2026-01-10,16.44
spike_recover_slow_taper_ruralmixed_05,2026-01-11,2.38
spike_recover_slow_taper_ruralmixed_05,2026-01-12,17.69
spike_recover_slow_taper_ruralmixed_05,2026-01-13,22.79
spike_recover_slow_taper_ruralmixed_05,2026-01-14,16.06
spike_recover_slow_taper_ruralmixed_05,2026-01-15,22.64
spike_recover_slow_taper_ruralmixed_05,2026-01-16,7.84
spike_recover_slow_taper_ruralmixed_05,2026-01-17,22.14
spike_recover_slow_taper_ruralmixed_05,2026-01-18,20.21
spike_recover_slow_taper_ruralmixed_05,2026-01-19,20.16
spike_recover_slow_taper_ruralmixed_05,2026-01-20,18.41
spike_recover_slow_taper_ruralmixed_05,2026-01-21,6.02
spike_recover_slow_taper_ruralmixed_05,2026-01-22,21.3
spike_recover_slow_taper_ruralmixed_05,2026-01-23,18.94
spike_recover_slow_taper_ruralmixed_05,2026-01-24,17.26
spike_recover_slow_taper_ruralmixed_05,2026-01-25,21.92
spike_recover_slow_taper_ruralmixed_05,2026-01-26,2.55
spike_recover_slow_taper_ruralmixed_05,2026-01-27,19.46
spike_recover_slow_taper_ruralmixed_05,2026-01-28,18.17
spike_recover_slow_taper_ruralmixed_05,2026-01-29,17.74
spike_recover_slow_taper_ruralmixed_05,2026-01-30,16.39
spike_recover_slow_taper_ruralmixed_05,2026-01-31,6.35
spike_recover_slow_taper_ruralmixed_05,2026-02-01,20.06
spike_recover_slow_taper_ruralmixed_05,2026-02-02,16.49
spike_recover_slow_taper_ruralmixed_05,2026-02-03,18.98
spike_recover_slow_taper_ruralmixed_05,2026-02-04,22.5
spike_recover_slow_taper_ruralmixed_05,2026-02-05,3.08
spike_recover_slow_taper_ruralmixed_05,2026-02-06,18.06
spike_recover_slow_taper_ruralmixed_05,2026-02-07,19.82
spike_recover_slow_taper_ruralmixed_05,2026-02-08,22.37
spike_recover_slow_taper_ruralmixed_05,2026-02-09,18.74
spike_recover_slow_taper_ruralmixed_05,2026-02-10,2.03
spike_recover_slow_taper_ruralmixed_05,2026-02-11,22.43
spike_recover_slow_taper_ruralmixed_05,2026-02-12,20.85
spike_recover_slow_taper_ruralmixed_05,2026-02-13,19.2
spike_recover_slow_taper_ruralmixed_05,2026-02-14,22.46
spike_recover_fast_taper_goldenretriever_06,2026-01-01,16.89
spike_recover_fast_taper_goldenretriever_06,2026-01-02,18.64
spike_recover_fast_taper_goldenretriever_06,2026-01-03,19.43
spike_recover_fast_taper_goldenretriever_06,2026-01-04,22.0
spike_recover_fast_taper_goldenretriever_06,2026-01-05,20.47
spike_recover_fast_taper_goldenretriever_06,2026-01-06,18.48
spike_recover_fast_taper_goldenretriever_06,2026-01-07,19.55
spike_recover_fast_taper_goldenretriever_06,2026-01-08,18.29
spike_recover_fast_taper_goldenretriever_06,2026-01-09,16.7
spike_recover_fast_taper_goldenretriever_06,2026-01-10,20.71
spike_recover_fast_taper_goldenretriever_06,2026-01-11,20.58
spike_recover_fast_taper_goldenretriever_06,2026-01-12,16.42
spike_recover_fast_taper_goldenretriever_06,2026-01-13,21.35
spike_recover_fast_taper_goldenretriever_06,2026-01-14,22.12
spike_recover_fast_taper_goldenretriever_06,2026-01-15,20.56
spike_recover_fast_taper_goldenretriever_06,2026-01-16,18.32
spike_recover_fast_taper_goldenretriever_06,2026-01-17,22.41
spike_recover_fast_taper_goldenretriever_06,2026-01-18,21.97
spike_recover_fast_taper_goldenretriever_06,2026-01-19,22.41
spike_recover_fast_taper_goldenretriever_06,2026-01-20,19.99
spike_recover_fast_taper_goldenretriever_06,2026-01-21,20.38
spike_recover_fast_taper_goldenretriever_06,2026-01-22,21.62
spike_recover_fast_taper_goldenretriever_06,2026-01-23,17.37
spike_recover_fast_taper_goldenretriever_06,2026-01-24,22.92
spike_recover_fast_taper_goldenretriever_06,2026-01-25,18.28
spike_recover_fast_taper_goldenretriever_06,2026-01-26,17.21
spike_recover_fast_taper_goldenretriever_06,2026-01-27,16.09
spike_recover_fast_taper_goldenretriever_06,2026-01-28,20.84
spike_recover_fast_taper_goldenretriever_06,2026-01-29,16.26
spike_recover_fast_taper_goldenretriever_06,2026-01-30,20.39
spike_recover_fast_taper_goldenretriever_06,2026-01-31,18.18
spike_recover_fast_taper_goldenretriever_06,2026-02-01,16.62
spike_recover_conflicting_worse_maltese_07,2026-01-01,16.19
spike_recover_conflicting_worse_maltese_07,2026-01-02,16.39
spike_recover_conflicting_worse_maltese_07,2026-01-03,22.83
spike_recover_conflicting_worse_maltese_07,2026-01-04,20.83
spike_recover_conflicting_worse_maltese_07,2026-01-05,20.81
spike_recover_conflicting_worse_maltese_07,2026-01-06,16.83
spike_recover_conflicting_worse_maltese_07,2026-01-07,18.2
spike_recover_conflicting_worse_maltese_07,2026-01-08,20.69
spike_recover_conflicting_worse_maltese_07,2026-01-09,21.63
spike_recover_conflicting_worse_maltese_07,2026-01-10,19.96
spike_recover_conflicting_worse_maltese_07,2026-01-11,19.15
spike_recover_conflicting_worse_maltese_07,2026-01-12,20.79
spike_recover_conflicting_worse_maltese_07,2026-01-13,20.93
spike_recover_conflicting_worse_maltese_07,2026-01-14,22.43
spike_recover_conflicting_worse_maltese_07,2026-01-15,19.23
spike_recover_conflicting_worse_maltese_07,2026-01-16,22.39
spike_recover_conflicting_worse_maltese_07,2026-01-17,20.9
spike_recover_conflicting_worse_maltese_07,2026-01-18,16.99
spike_recover_conflicting_worse_maltese_07,2026-01-19,17.48
spike_recover_conflicting_worse_maltese_07,2026-01-20,21.35
spike_recover_conflicting_worse_maltese_07,2026-01-21,22.24
spike_recover_conflicting_worse_maltese_07,2026-01-22,20.83
spike_recover_conflicting_worse_maltese_07,2026-01-23,20.45
spike_recover_conflicting_worse_maltese_07,2026-01-24,22.88
spike_recover_conflicting_worse_maltese_07,2026-01-25,18.85
spike_recover_conflicting_worse_maltese_07,2026-01-26,22.05
spike_recover_conflicting_worse_maltese_07,2026-01-27,22.16
spike_recover_conflicting_worse_maltese_07,2026-01-28,19.44
spike_recover_conflicting_worse_maltese_07,2026-01-29,22.02
spike_recover_conflicting_worse_maltese_07,2026-01-30,21.08
spike_recover_conflicting_worse_maltese_07,2026-01-31,19.28
spike_recover_conflicting_worse_maltese_07,2026-02-01,20.5
spike_recover_conflicting_worse_maltese_07,2026-02-02,19.38
spike_recover_conflicting_worse_maltese_07,2026-02-03,18.28
spike_recover_conflicting_worse_maltese_07,2026-02-04,21.56
spike_recover_conflicting_worse_maltese_07,2026-02-05,22.73
spike_recover_loose_wear_ruralmixed_08,2026-01-01,18.66
spike_recover_loose_wear_ruralmixed_08,2026-01-02,22.09
spike_recover_loose_wear_ruralmixed_08,2026-01-03,13.32
spike_recover_loose_wear_ruralmixed_08,2026-01-04,22.91
spike_recover_loose_wear_ruralmixed_08,2026-01-05,18.81
spike_recover_loose_wear_ruralmixed_08,2026-01-06,20.1
spike_recover_loose_wear_ruralmixed_08,2026-01-07,16.09
spike_recover_loose_wear_ruralmixed_08,2026-01-08,19.08
spike_recover_loose_wear_ruralmixed_08,2026-01-09,21.82
spike_recover_loose_wear_ruralmixed_08,2026-01-10,8.31
spike_recover_loose_wear_ruralmixed_08,2026-01-11,17.7
spike_recover_loose_wear_ruralmixed_08,2026-01-12,22.51
spike_recover_loose_wear_ruralmixed_08,2026-01-13,22.08
spike_recover_loose_wear_ruralmixed_08,2026-01-14,20.95
spike_recover_loose_wear_ruralmixed_08,2026-01-15,19.73
spike_recover_loose_wear_ruralmixed_08,2026-01-16,19.12
spike_recover_loose_wear_ruralmixed_08,2026-01-17,9.66
spike_recover_loose_wear_ruralmixed_08,2026-01-18,21.44
spike_recover_loose_wear_ruralmixed_08,2026-01-19,18.64
spike_recover_loose_wear_ruralmixed_08,2026-01-20,22.05
spike_recover_loose_wear_ruralmixed_08,2026-01-21,22.3
spike_recover_loose_wear_ruralmixed_08,2026-01-22,21.99
spike_recover_loose_wear_ruralmixed_08,2026-01-23,22.42
spike_recover_loose_wear_ruralmixed_08,2026-01-24,10.78
spike_recover_loose_wear_ruralmixed_08,2026-01-25,16.49
spike_recover_loose_wear_ruralmixed_08,2026-01-26,20.94
spike_recover_loose_wear_ruralmixed_08,2026-01-27,18.24
spike_recover_loose_wear_ruralmixed_08,2026-01-28,19.83
spike_recover_loose_wear_ruralmixed_08,2026-01-29,19.55
spike_recover_loose_wear_ruralmixed_08,2026-01-30,19.79
spike_recover_loose_wear_ruralmixed_08,2026-01-31,10.12
spike_recover_loose_wear_ruralmixed_08,2026-02-01,17.2
spike_recover_loose_wear_ruralmixed_08,2026-02-02,22.66
spike_recover_loose_wear_ruralmixed_08,2026-02-03,18.16
spike_recover_loose_wear_ruralmixed_08,2026-02-04,19.54
spike_recover_loose_wear_ruralmixed_08,2026-02-05,21.26
spike_recover_loose_wear_ruralmixed_08,2026-02-06,22.18
spike_recover_loose_wear_ruralmixed_08,2026-02-07,12.14
spike_recover_loose_wear_ruralmixed_08,2026-02-08,18.28
spike_recover_loose_wear_ruralmixed_08,2026-02-09,21.16
spike_recover_loose_wear_ruralmixed_08,2026-02-10,16.87
spike_recover_loose_wear_ruralmixed_08,2026-02-11,22.81
cyclical_short_period_two_cycles_bichon_09,2026-01-01,19.28
cyclical_short_period_two_cycles_bichon_09,2026-01-02,21.23
cyclical_short_period_two_cycles_bichon_09,2026-01-03,18.46
cyclical_short_period_two_cycles_bichon_09,2026-01-04,16.44
cyclical_short_period_two_cycles_bichon_09,2026-01-05,21.8
cyclical_short_period_two_cycles_bichon_09,2026-01-06,22.83
cyclical_short_period_two_cycles_bichon_09,2026-01-07,20.78
cyclical_short_period_two_cycles_bichon_09,2026-01-08,17.88
cyclical_short_period_two_cycles_bichon_09,2026-01-09,19.86
cyclical_short_period_two_cycles_bichon_09,2026-01-10,21.44
cyclical_short_period_two_cycles_bichon_09,2026-01-11,21.46
cyclical_short_period_two_cycles_bichon_09,2026-01-12,20.49
cyclical_short_period_two_cycles_bichon_09,2026-01-13,22.51
cyclical_short_period_two_cycles_bichon_09,2026-01-14,16.5
cyclical_short_period_two_cycles_bichon_09,2026-01-15,22.01
cyclical_short_period_two_cycles_bichon_09,2026-01-16,20.63
cyclical_short_period_two_cycles_bichon_09,2026-01-17,18.49
cyclical_short_period_two_cycles_bichon_09,2026-01-18,22.36
cyclical_short_period_two_cycles_bichon_09,2026-01-19,16.07
cyclical_short_period_two_cycles_bichon_09,2026-01-20,21.74
cyclical_short_period_two_cycles_bichon_09,2026-01-21,20.06
cyclical_short_period_two_cycles_bichon_09,2026-01-22,16.44
cyclical_short_period_two_cycles_bichon_09,2026-01-23,19.58
cyclical_short_period_two_cycles_bichon_09,2026-01-24,17.04
cyclical_short_period_two_cycles_bichon_09,2026-01-25,20.11
cyclical_short_period_two_cycles_bichon_09,2026-01-26,20.97
cyclical_short_period_two_cycles_bichon_09,2026-01-27,18.14
cyclical_short_period_two_cycles_bichon_09,2026-01-28,19.28
cyclical_short_period_two_cycles_bichon_09,2026-01-29,20.02
cyclical_short_period_two_cycles_bichon_09,2026-01-30,19.11
cyclical_short_period_two_cycles_bichon_09,2026-01-31,20.09
cyclical_short_period_two_cycles_bichon_09,2026-02-01,21.58
cyclical_short_period_two_cycles_bichon_09,2026-02-02,22.75
cyclical_short_period_two_cycles_bichon_09,2026-02-03,19.89
cyclical_short_period_two_cycles_bichon_09,2026-02-04,21.36
cyclical_short_period_two_cycles_bichon_09,2026-02-05,20.55
cyclical_short_period_two_cycles_bichon_09,2026-02-06,18.53
cyclical_short_period_two_cycles_bichon_09,2026-02-07,17.27
cyclical_short_period_two_cycles_bichon_09,2026-02-08,16.41
cyclical_short_period_two_cycles_bichon_09,2026-02-09,20.55
cyclical_short_period_two_cycles_bichon_09,2026-02-10,22.01
cyclical_short_period_two_cycles_bichon_09,2026-02-11,20.31
cyclical_short_period_two_cycles_bichon_09,2026-02-12,22.86
cyclical_short_period_two_cycles_bichon_09,2026-02-13,16.2
cyclical_short_period_two_cycles_bichon_09,2026-02-14,18.93
cyclical_short_period_two_cycles_bichon_09,2026-02-15,20.28
cyclical_short_period_two_cycles_bichon_09,2026-02-16,21.31
cyclical_short_period_two_cycles_bichon_09,2026-02-17,17.39
cyclical_short_period_two_cycles_bichon_09,2026-02-18,20.55
cyclical_short_period_two_cycles_bichon_09,2026-02-19,19.46
cyclical_long_period_three_cycles_goldenretriever_10,2026-01-01,17.55
cyclical_long_period_three_cycles_goldenretriever_10,2026-01-02,20.83
cyclical_long_period_three_cycles_goldenretriever_10,2026-01-03,19.34
cyclical_long_period_three_cycles_goldenretriever_10,2026-01-04,22.22
cyclical_long_period_three_cycles_goldenretriever_10,2026-01-05,16.21
cyclical_long_period_three_cycles_goldenretriever_10,2026-01-06,21.18
cyclical_long_period_three_cycles_goldenretriever_10,2026-01-07,16.1
cyclical_long_period_three_cycles_goldenretriever_10,2026-01-08,18.34
cyclical_long_period_three_cycles_goldenretriever_10,2026-01-09,16.74
cyclical_long_period_three_cycles_goldenretriever_10,2026-01-10,17.2
cyclical_long_period_three_cycles_goldenretriever_10,2026-01-11,22.57
cyclical_long_period_three_cycles_goldenretriever_10,2026-01-12,21.61
cyclical_long_period_three_cycles_goldenretriever_10,2026-01-13,22.88
cyclical_long_period_three_cycles_goldenretriever_10,2026-01-14,22.81
cyclical_long_period_three_cycles_goldenretriever_10,2026-01-15,16.8
cyclical_long_period_three_cycles_goldenretriever_10,2026-01-16,17.16
cyclical_long_period_three_cycles_goldenretriever_10,2026-01-17,17.18
cyclical_long_period_three_cycles_goldenretriever_10,2026-01-18,19.3
cyclical_long_period_three_cycles_goldenretriever_10,2026-01-19,18.7
cyclical_long_period_three_cycles_goldenretriever_10,2026-01-20,17.32
cyclical_long_period_three_cycles_goldenretriever_10,2026-01-21,22.36
cyclical_long_period_three_cycles_goldenretriever_10,2026-01-22,22.6
cyclical_long_period_three_cycles_goldenretriever_10,2026-01-23,20.89
cyclical_long_period_three_cycles_goldenretriever_10,2026-01-24,17.43
cyclical_long_period_three_cycles_goldenretriever_10,2026-01-25,17.19
cyclical_long_period_three_cycles_goldenretriever_10,2026-01-26,19.85
cyclical_long_period_three_cycles_goldenretriever_10,2026-01-27,21.16
cyclical_long_period_three_cycles_goldenretriever_10,2026-01-28,18.2
cyclical_long_period_three_cycles_goldenretriever_10,2026-01-29,19.49
cyclical_long_period_three_cycles_goldenretriever_10,2026-01-30,18.18
cyclical_long_period_three_cycles_goldenretriever_10,2026-01-31,17.31
cyclical_long_period_three_cycles_goldenretriever_10,2026-02-01,18.34
cyclical_long_period_three_cycles_goldenretriever_10,2026-02-02,20.75
cyclical_long_period_three_cycles_goldenretriever_10,2026-02-03,21.33
cyclical_long_period_three_cycles_goldenretriever_10,2026-02-04,22.76
cyclical_long_period_three_cycles_goldenretriever_10,2026-02-05,21.74
cyclical_long_period_three_cycles_goldenretriever_10,2026-02-06,18.59
cyclical_long_period_three_cycles_goldenretriever_10,2026-02-07,18.27
cyclical_long_period_three_cycles_goldenretriever_10,2026-02-08,19.3
cyclical_long_period_three_cycles_goldenretriever_10,2026-02-09,19.71
cyclical_long_period_three_cycles_goldenretriever_10,2026-02-10,20.35
cyclical_long_period_three_cycles_goldenretriever_10,2026-02-11,20.25
cyclical_long_period_three_cycles_goldenretriever_10,2026-02-12,19.41
cyclical_long_period_three_cycles_goldenretriever_10,2026-02-13,22.81
cyclical_long_period_three_cycles_goldenretriever_10,2026-02-14,17.65
cyclical_long_period_three_cycles_goldenretriever_10,2026-02-15,16.2
cyclical_long_period_three_cycles_goldenretriever_10,2026-02-16,19.28
cyclical_long_period_three_cycles_goldenretriever_10,2026-02-17,21.49
cyclical_long_period_three_cycles_goldenretriever_10,2026-02-18,22.79
cyclical_long_period_three_cycles_goldenretriever_10,2026-02-19,20.13
cyclical_long_period_three_cycles_goldenretriever_10,2026-02-20,16.55
cyclical_long_period_three_cycles_goldenretriever_10,2026-02-21,19.38
cyclical_long_period_three_cycles_goldenretriever_10,2026-02-22,16.3
cyclical_long_period_three_cycles_goldenretriever_10,2026-02-23,19.81
cyclical_long_period_three_cycles_goldenretriever_10,2026-02-24,17.02
cyclical_long_period_three_cycles_goldenretriever_10,2026-02-25,18.77
cyclical_long_period_three_cycles_goldenretriever_10,2026-02-26,18.04
cyclical_long_period_three_cycles_goldenretriever_10,2026-02-27,17.28
cyclical_long_period_three_cycles_goldenretriever_10,2026-02-28,18.65
cyclical_long_period_three_cycles_goldenretriever_10,2026-03-01,17.6
cyclical_short_period_severe_maltese_11,2026-01-01,20.28
cyclical_short_period_severe_maltese_11,2026-01-02,16.17
cyclical_short_period_severe_maltese_11,2026-01-03,21.79
cyclical_short_period_severe_maltese_11,2026-01-04,22.62
cyclical_short_period_severe_maltese_11,2026-01-05,20.04
cyclical_short_period_severe_maltese_11,2026-01-06,17.28
cyclical_short_period_severe_maltese_11,2026-01-07,16.86
cyclical_short_period_severe_maltese_11,2026-01-08,17.01
cyclical_short_period_severe_maltese_11,2026-01-09,21.96
cyclical_short_period_severe_maltese_11,2026-01-10,19.76
cyclical_short_period_severe_maltese_11,2026-01-11,18.35
cyclical_short_period_severe_maltese_11,2026-01-12,22.6
cyclical_short_period_severe_maltese_11,2026-01-13,22.35
cyclical_short_period_severe_maltese_11,2026-01-14,21.13
cyclical_short_period_severe_maltese_11,2026-01-15,20.99
cyclical_short_period_severe_maltese_11,2026-01-16,18.3
cyclical_short_period_severe_maltese_11,2026-01-17,17.64
cyclical_short_period_severe_maltese_11,2026-01-18,17.14
cyclical_short_period_severe_maltese_11,2026-01-19,17.91
cyclical_short_period_severe_maltese_11,2026-01-20,20.45
cyclical_short_period_severe_maltese_11,2026-01-21,17.86
cyclical_short_period_severe_maltese_11,2026-01-22,18.9
cyclical_short_period_severe_maltese_11,2026-01-23,22.44
cyclical_short_period_severe_maltese_11,2026-01-24,16.31
cyclical_short_period_severe_maltese_11,2026-01-25,19.07
cyclical_short_period_severe_maltese_11,2026-01-26,19.84
cyclical_short_period_severe_maltese_11,2026-01-27,18.8
cyclical_short_period_severe_maltese_11,2026-01-28,22.58
cyclical_short_period_severe_maltese_11,2026-01-29,20.19
cyclical_short_period_severe_maltese_11,2026-01-30,20.41
cyclical_short_period_severe_maltese_11,2026-01-31,22.63
cyclical_short_period_severe_maltese_11,2026-02-01,16.74
cyclical_short_period_severe_maltese_11,2026-02-02,21.43
cyclical_short_period_severe_maltese_11,2026-02-03,18.66
cyclical_short_period_severe_maltese_11,2026-02-04,22.88
cyclical_short_period_severe_maltese_11,2026-02-05,22.86
cyclical_short_period_severe_maltese_11,2026-02-06,20.4
cyclical_short_period_severe_maltese_11,2026-02-07,17.71
cyclical_short_period_severe_maltese_11,2026-02-08,18.73
cyclical_short_period_severe_maltese_11,2026-02-09,21.15
cyclical_short_period_severe_maltese_11,2026-02-10,19.11
cyclical_short_period_severe_maltese_11,2026-02-11,17.46
cyclical_short_period_severe_maltese_11,2026-02-12,21.75
cyclical_short_period_severe_maltese_11,2026-02-13,19.38
cyclical_short_period_severe_maltese_11,2026-02-14,20.19
cyclical_mild_borderline_ruralmixed_12,2026-01-01,20.36
cyclical_mild_borderline_ruralmixed_12,2026-01-02,19.74
cyclical_mild_borderline_ruralmixed_12,2026-01-03,17.6
cyclical_mild_borderline_ruralmixed_12,2026-01-04,16.9
cyclical_mild_borderline_ruralmixed_12,2026-01-05,20.74
cyclical_mild_borderline_ruralmixed_12,2026-01-06,21.25
cyclical_mild_borderline_ruralmixed_12,2026-01-07,21.45
cyclical_mild_borderline_ruralmixed_12,2026-01-08,20.14
cyclical_mild_borderline_ruralmixed_12,2026-01-09,17.15
cyclical_conflicting_better_bichon_13,2026-01-01,6.97
cyclical_conflicting_better_bichon_13,2026-01-02,16.22
cyclical_conflicting_better_bichon_13,2026-01-03,18.95
cyclical_conflicting_better_bichon_13,2026-01-04,16.45
cyclical_conflicting_better_bichon_13,2026-01-05,22.2
cyclical_conflicting_better_bichon_13,2026-01-06,3.79
cyclical_conflicting_better_bichon_13,2026-01-07,16.13
cyclical_conflicting_better_bichon_13,2026-01-08,17.5
cyclical_conflicting_better_bichon_13,2026-01-09,21.37
cyclical_conflicting_better_bichon_13,2026-01-10,21.2
cyclical_conflicting_better_bichon_13,2026-01-11,5.24
cyclical_conflicting_better_bichon_13,2026-01-12,18.78
cyclical_conflicting_better_bichon_13,2026-01-13,19.06
cyclical_conflicting_better_bichon_13,2026-01-14,20.03
cyclical_conflicting_better_bichon_13,2026-01-15,18.79
cyclical_conflicting_better_bichon_13,2026-01-16,5.55
cyclical_conflicting_better_bichon_13,2026-01-17,19.56
cyclical_conflicting_better_bichon_13,2026-01-18,19.69
cyclical_conflicting_better_bichon_13,2026-01-19,22.5
cyclical_conflicting_better_bichon_13,2026-01-20,21.3
cyclical_conflicting_better_bichon_13,2026-01-21,4.02
cyclical_conflicting_better_bichon_13,2026-01-22,19.14
cyclical_conflicting_better_bichon_13,2026-01-23,17.52
cyclical_conflicting_better_bichon_13,2026-01-24,16.47
cyclical_conflicting_better_bichon_13,2026-01-25,21.22
cyclical_conflicting_better_bichon_13,2026-01-26,6.6
cyclical_conflicting_better_bichon_13,2026-01-27,16.27
cyclical_conflicting_better_bichon_13,2026-01-28,19.55
cyclical_conflicting_better_bichon_13,2026-01-29,22.26
cyclical_conflicting_better_bichon_13,2026-01-30,20.63
cyclical_conflicting_better_bichon_13,2026-01-31,8.65
cyclical_conflicting_better_bichon_13,2026-02-01,16.76
cyclical_conflicting_better_bichon_13,2026-02-02,18.77
cyclical_conflicting_better_bichon_13,2026-02-03,18.67
cyclical_conflicting_better_bichon_13,2026-02-04,17.8
cyclical_conflicting_better_bichon_13,2026-02-05,3.74
cyclical_conflicting_better_bichon_13,2026-02-06,16.04
cyclical_conflicting_better_bichon_13,2026-02-07,21.08
cyclical_conflicting_better_bichon_13,2026-02-08,21.52
cyclical_conflicting_better_bichon_13,2026-02-09,22.57
cyclical_conflicting_better_bichon_13,2026-02-10,8.77
cyclical_conflicting_better_bichon_13,2026-02-11,18.27
cyclical_conflicting_better_bichon_13,2026-02-12,17.97
cyclical_conflicting_better_bichon_13,2026-02-13,17.41
single_day_spike_moderate_goldenretriever_14,2026-01-01,22.26
single_day_spike_moderate_goldenretriever_14,2026-01-02,18.62
single_day_spike_moderate_goldenretriever_14,2026-01-03,17.36
single_day_spike_moderate_goldenretriever_14,2026-01-04,20.07
single_day_spike_moderate_goldenretriever_14,2026-01-05,19.21
single_day_spike_moderate_goldenretriever_14,2026-01-06,19.0
single_day_spike_moderate_goldenretriever_14,2026-01-07,20.04
single_day_spike_moderate_goldenretriever_14,2026-01-08,16.45
single_day_spike_moderate_goldenretriever_14,2026-01-09,16.67
single_day_spike_moderate_goldenretriever_14,2026-01-10,16.8
single_day_spike_moderate_goldenretriever_14,2026-01-11,20.33
single_day_spike_moderate_goldenretriever_14,2026-01-12,21.13
single_day_spike_moderate_goldenretriever_14,2026-01-13,16.21
single_day_spike_moderate_goldenretriever_14,2026-01-14,18.56
single_day_spike_moderate_goldenretriever_14,2026-01-15,16.8
single_day_spike_moderate_goldenretriever_14,2026-01-16,20.36
single_day_spike_moderate_goldenretriever_14,2026-01-17,18.64
single_day_spike_moderate_goldenretriever_14,2026-01-18,22.13
single_day_spike_moderate_goldenretriever_14,2026-01-19,22.96
single_day_spike_moderate_goldenretriever_14,2026-01-20,17.09
single_day_spike_moderate_goldenretriever_14,2026-01-21,20.3
single_day_spike_moderate_goldenretriever_14,2026-01-22,16.29
single_day_spike_moderate_goldenretriever_14,2026-01-23,17.36
single_day_spike_moderate_goldenretriever_14,2026-01-24,17.5
single_day_spike_moderate_goldenretriever_14,2026-01-25,16.97
single_day_spike_moderate_goldenretriever_14,2026-01-26,16.22
single_day_spike_moderate_goldenretriever_14,2026-01-27,18.72
single_day_spike_moderate_goldenretriever_14,2026-01-28,16.78
single_day_spike_moderate_goldenretriever_14,2026-01-29,19.17
single_day_spike_moderate_goldenretriever_14,2026-01-30,16.54
single_day_spike_moderate_goldenretriever_14,2026-01-31,20.52
single_day_spike_moderate_goldenretriever_14,2026-02-01,16.59
single_day_spike_moderate_goldenretriever_14,2026-02-02,22.24
single_day_spike_extreme_maltese_15,2026-01-01,18.58
single_day_spike_extreme_maltese_15,2026-01-02,19.39
single_day_spike_extreme_maltese_15,2026-01-03,21.5
single_day_spike_extreme_maltese_15,2026-01-04,16.67
single_day_spike_extreme_maltese_15,2026-01-05,20.13
single_day_spike_extreme_maltese_15,2026-01-06,20.0
single_day_spike_extreme_maltese_15,2026-01-07,20.88
single_day_spike_extreme_maltese_15,2026-01-08,18.55
single_day_spike_extreme_maltese_15,2026-01-09,17.04
single_day_spike_extreme_maltese_15,2026-01-10,18.61
single_day_spike_extreme_maltese_15,2026-01-11,16.55
single_day_spike_extreme_maltese_15,2026-01-12,19.59
single_day_spike_extreme_maltese_15,2026-01-13,21.29
single_day_spike_extreme_maltese_15,2026-01-14,17.87
single_day_spike_extreme_maltese_15,2026-01-15,18.36
single_day_spike_extreme_maltese_15,2026-01-16,22.36
single_day_spike_extreme_maltese_15,2026-01-17,20.26
single_day_spike_extreme_maltese_15,2026-01-18,19.11
single_day_spike_extreme_maltese_15,2026-01-19,17.94
single_day_spike_extreme_maltese_15,2026-01-20,20.49
single_day_spike_extreme_maltese_15,2026-01-21,16.32
single_day_spike_extreme_maltese_15,2026-01-22,19.02
single_day_spike_extreme_maltese_15,2026-01-23,19.5
single_day_spike_extreme_maltese_15,2026-01-24,21.3
single_day_spike_extreme_maltese_15,2026-01-25,20.63
single_day_spike_extreme_maltese_15,2026-01-26,18.79
single_day_spike_extreme_maltese_15,2026-01-27,20.68
single_day_spike_extreme_maltese_15,2026-01-28,18.81
single_day_spike_extreme_maltese_15,2026-01-29,22.93
single_day_spike_extreme_maltese_15,2026-01-30,16.84
single_day_spike_extreme_maltese_15,2026-01-31,17.25
single_day_spike_extreme_maltese_15,2026-02-01,20.58
single_day_spike_extreme_maltese_15,2026-02-02,22.39
single_day_spike_extreme_maltese_15,2026-02-03,22.99
single_day_spike_offbody_bichon_16,2026-01-01,22.22
single_day_spike_offbody_bichon_16,2026-01-02,21.95
single_day_spike_offbody_bichon_16,2026-01-03,22.05
single_day_spike_offbody_bichon_16,2026-01-04,0.0
single_day_spike_offbody_bichon_16,2026-01-05,0.0
single_day_spike_offbody_bichon_16,2026-01-06,16.06
single_day_spike_offbody_bichon_16,2026-01-07,20.37
single_day_spike_offbody_bichon_16,2026-01-08,22.16
single_day_spike_offbody_bichon_16,2026-01-09,18.22
single_day_spike_offbody_bichon_16,2026-01-10,21.0
single_day_spike_offbody_bichon_16,2026-01-11,18.12
single_day_spike_offbody_bichon_16,2026-01-12,17.32
single_day_spike_offbody_bichon_16,2026-01-13,0.0
single_day_spike_offbody_bichon_16,2026-01-14,0.0
single_day_spike_offbody_bichon_16,2026-01-15,22.11
single_day_spike_offbody_bichon_16,2026-01-16,21.79
single_day_spike_offbody_bichon_16,2026-01-17,22.7
single_day_spike_offbody_bichon_16,2026-01-18,18.02
single_day_spike_offbody_bichon_16,2026-01-19,16.74
single_day_spike_offbody_bichon_16,2026-01-20,18.99
single_day_spike_offbody_bichon_16,2026-01-21,16.97
single_day_spike_offbody_bichon_16,2026-01-22,0.0
single_day_spike_offbody_bichon_16,2026-01-23,0.0
single_day_spike_offbody_bichon_16,2026-01-24,18.56
single_day_spike_offbody_bichon_16,2026-01-25,22.54
single_day_spike_offbody_bichon_16,2026-01-26,16.75
single_day_spike_offbody_bichon_16,2026-01-27,17.62
single_day_spike_offbody_bichon_16,2026-01-28,21.04
single_day_spike_offbody_bichon_16,2026-01-29,17.81
single_day_spike_offbody_bichon_16,2026-01-30,19.17
single_day_spike_offbody_bichon_16,2026-01-31,0.0
single_day_spike_offbody_bichon_16,2026-02-01,0.0
single_day_spike_offbody_bichon_16,2026-02-02,20.92
single_day_spike_offbody_bichon_16,2026-02-03,16.42
single_day_spike_offbody_bichon_16,2026-02-04,17.61
single_day_spike_offbody_bichon_16,2026-02-05,16.35
single_day_spike_mild_ruralmixed_17,2026-01-01,17.11
single_day_spike_mild_ruralmixed_17,2026-01-02,21.39
single_day_spike_mild_ruralmixed_17,2026-01-03,19.85
single_day_spike_mild_ruralmixed_17,2026-01-04,22.37
single_day_spike_mild_ruralmixed_17,2026-01-05,19.55
single_day_spike_mild_ruralmixed_17,2026-01-06,18.91
single_day_spike_mild_ruralmixed_17,2026-01-07,20.72
single_day_spike_mild_ruralmixed_17,2026-01-08,19.19
single_day_spike_mild_ruralmixed_17,2026-01-09,17.72
single_day_spike_mild_ruralmixed_17,2026-01-10,22.04
single_day_spike_mild_ruralmixed_17,2026-01-11,17.19
single_day_spike_mild_ruralmixed_17,2026-01-12,22.68
single_day_spike_mild_ruralmixed_17,2026-01-13,19.8
single_day_spike_mild_ruralmixed_17,2026-01-14,22.89
single_day_spike_mild_ruralmixed_17,2026-01-15,16.78
single_day_spike_mild_ruralmixed_17,2026-01-16,17.11
single_day_spike_mild_ruralmixed_17,2026-01-17,21.17
single_day_spike_mild_ruralmixed_17,2026-01-18,18.02
single_day_spike_mild_ruralmixed_17,2026-01-19,17.92
single_day_spike_mild_ruralmixed_17,2026-01-20,18.43
single_day_spike_mild_ruralmixed_17,2026-01-21,16.58
single_day_spike_mild_ruralmixed_17,2026-01-22,16.61
single_day_spike_mild_ruralmixed_17,2026-01-23,20.99
single_day_spike_mild_ruralmixed_17,2026-01-24,21.98
single_day_spike_mild_ruralmixed_17,2026-01-25,18.2
single_day_spike_mild_ruralmixed_17,2026-01-26,19.67
single_day_spike_mild_ruralmixed_17,2026-01-27,19.92
single_day_spike_mild_ruralmixed_17,2026-01-28,19.77
single_day_spike_mild_ruralmixed_17,2026-01-29,16.61
single_day_spike_mild_ruralmixed_17,2026-01-30,22.01
single_day_spike_conflict_goldenretriever_18,2026-01-01,22.21
single_day_spike_conflict_goldenretriever_18,2026-01-02,19.6
single_day_spike_conflict_goldenretriever_18,2026-01-03,17.42
single_day_spike_conflict_goldenretriever_18,2026-01-04,18.59
single_day_spike_conflict_goldenretriever_18,2026-01-05,21.23
single_day_spike_conflict_goldenretriever_18,2026-01-06,19.72
single_day_spike_conflict_goldenretriever_18,2026-01-07,16.07
single_day_spike_conflict_goldenretriever_18,2026-01-08,18.14
single_day_spike_conflict_goldenretriever_18,2026-01-09,22.51
single_day_spike_conflict_goldenretriever_18,2026-01-10,21.11
single_day_spike_conflict_goldenretriever_18,2026-01-11,18.59
single_day_spike_conflict_goldenretriever_18,2026-01-12,19.35
single_day_spike_conflict_goldenretriever_18,2026-01-13,21.64
single_day_spike_conflict_goldenretriever_18,2026-01-14,21.42
single_day_spike_conflict_goldenretriever_18,2026-01-15,18.78
single_day_spike_conflict_goldenretriever_18,2026-01-16,19.83
single_day_spike_conflict_goldenretriever_18,2026-01-17,17.14
single_day_spike_conflict_goldenretriever_18,2026-01-18,20.43
single_day_spike_conflict_goldenretriever_18,2026-01-19,16.09
single_day_spike_conflict_goldenretriever_18,2026-01-20,21.19
single_day_spike_conflict_goldenretriever_18,2026-01-21,17.52
single_day_spike_conflict_goldenretriever_18,2026-01-22,20.39
single_day_spike_conflict_goldenretriever_18,2026-01-23,20.8
single_day_spike_conflict_goldenretriever_18,2026-01-24,20.6
single_day_spike_conflict_goldenretriever_18,2026-01-25,21.12
single_day_spike_conflict_goldenretriever_18,2026-01-26,16.34
single_day_spike_conflict_goldenretriever_18,2026-01-27,16.42
single_day_spike_conflict_goldenretriever_18,2026-01-28,16.76
single_day_spike_conflict_goldenretriever_18,2026-01-29,19.0
single_day_spike_conflict_goldenretriever_18,2026-01-30,17.65
single_day_spike_conflict_goldenretriever_18,2026-01-31,16.8
