event_count,event_rate_per_wear_hour,total_duration_min,duration_rate_per_wear_hour,duration_mean,duration_median,max_event_duration_sec,duration_std,night_ratio,interval_mean,interval_std,sleep_disruption_count,wear_completeness_ratio,history_days_available,breed_or_size_class,rolling_mean_3d,rolling_mean_7d,rolling_mean_14d,rolling_mean_30d,rolling_std_3d,rolling_std_7d,rolling_std_14d,rolling_std_30d,pet_id,date,c_tier,questionnaire_behavior,owner_reported_scratch_count_bucket,owner_reported_scratch_duration_bucket,skin_redness_level,skin_pigment_abnormal,skin_lesion_severity,odor_level,hair_loss_spot_count_level,hair_loss_max_diameter_level,coat_quality_level,s_tier
15.0,0.9030704394942806,0.8100618974579816,0.04876953025033002,3.2402475898319265,2.923757150336001,5.19509757872035,1.1171835944152189,0.5333333333333333,6134.214285714285,6246.59138111763,7.0,0.6920833333333333,1,比熊,,,,,,,,,chronic_high_moderate_off_body_bichon_12,2026-01-01,C1,answered_consistent,2,0,2,1,2,2,0,1,1,S2
10.0,0.5408328826392645,0.7831289475603843,0.04235418861873361,4.6987736853623066,4.715202963319911,6.399109314899525,1.2999428295642463,0.5,8885.0,7530.275943003535,5.0,0.7704166666666666,2,比熊,0.7219516610667726,,,,0.2561406328526294,,,,chronic_high_moderate_off_body_bichon_12,2026-01-02,C1,answered_consistent,1,0,2,0,2,2,1,0,2,S2
6.0,0.28790786948176583,0.423071027595945,0.020300913032434982,4.23071027595945,4.492016871410192,6.359385472387426,1.7816714536796385,0.3333333333333333,12367.2,8219.087769333042,2.0,0.8683333333333333,7,比熊,0.17321919326487598,0.3240405873827594,0.3240405873827594,,0.15261750029669213,0.316879423396715,0.316879423396715,,chronic_high_moderate_off_body_bichon_12,2026-01-07,C1,answered_consistent,1,0,0,0,0,0,0,1,0,S0
8.0,0.4195070791819612,0.4407391982256766,0.023111651716081625,3.3055439866925744,3.1332197117416345,6.394153061829792,1.4309554247846898,0.375,10577.714285714286,8512.35590546028,3.0,0.7945833333333333,9,比熊,0.27040107352966647,0.19252516295042918,0.3101754958651722,,0.15858580403768135,0.16163319089327607,0.2868732691645213,,chronic_high_moderate_off_body_bichon_12,2026-01-09,C1,answered_consistent,1,1,0,0,0,0,0,0,0,S0
11.0,0.5804749340369393,0.7159051819594422,0.03777863757041911,3.904937356142412,2.955582440788751,6.370733107753573,1.7386253255684945,0.36363636363636365,7314.2,5667.797152333524,4.0,0.7895833333333333,10,比熊,0.36792342838139097,0.23191826641982868,0.33720543968234884,,0.2424937076116141,0.21748779175070115,0.28365193618970075,,chronic_high_moderate_off_body_bichon_12,2026-01-10,C1,answered_consistent,1,0,0,0,1,0,0,0,1,S1
8.0,0.4643064422518862,0.40886334217643844,0.023729735471644715,3.0664750663232883,2.2936478081094225,6.369047273759283,1.6535508000933754,0.375,8836.857142857143,6410.843568931168,3.0,0.7179166666666666,15,比熊,0.15476881408396204,0.25126950387713354,0.23056346223216018,0.27539726071630155,0.26806744942060395,0.2345156456543958,0.20763026461511944,0.26491896879212545,chronic_high_moderate_off_body_bichon_12,2026-01-15,C1,answered_consistent,1,1,2,0,2,2,0,1,2,S2
7.0,0.3816793893129771,0.6103026002488818,0.03327713196558789,5.231165144990415,4.924351436985968,6.528816198788866,0.7883934545210814,0.2857142857142857,11885.0,6597.906107243419,2.0,0.7641666666666667,18,比熊,0.19983644715195562,0.17247949336631607,0.21298869430826445,0.26280379178891056,0.16470213141048065,0.18348368129500298,0.18775388446027358,0.2486523696567913,chronic_high_moderate_off_body_bichon_12,2026-01-18,C1,answered_consistent,1,0,1,0,2,2,1,1,2,S2
7.0,0.32228360957642727,0.4636308094325661,0.021345801539252585,3.9739783665648525,3.736994881045932,6.2287035236344,1.1606001403436834,0.5714285714285714,12081.5,17932.505251172613,4.0,0.9049999999999999,19,比熊,0.28703777979393624,0.1980141990405972,0.2360089521351521,0.2659343085145693,0.11634012561820645,0.19106597341391884,0.1791930453457064,0.2420316395834956,chronic_high_moderate_off_body_bichon_12,2026-01-19,C1,answered_consistent,1,0,0,1,2,0,0,1,2,S1
8.0,0.4759071980963712,0.6735664842777029,0.04006939228302814,5.051748632082772,5.723641046333702,6.744044905042076,1.859508978840852,0.5,11675.142857142857,13747.380108105497,4.0,0.7004166666666666,21,比熊,0.31052780887151676,0.2850570300460434,0.24241196908111604,0.26962150851499717,0.17155963502825103,0.16782097488537043,0.19259914094984193,0.23619886447483132,chronic_high_moderate_off_body_bichon_12,2026-01-21,C1,answered_consistent,1,1,1,1,1,1,0,0,1,S1
6.0,0.27397260273972607,0.3667998083480066,0.016748849696256007,3.667998083480066,3.371281000032541,6.234340208874417,2.0688127437346258,0.3333333333333333,11237.4,7696.329790231186,2.0,0.9125,25,比熊,0.14965024349125308,0.19721916529832997,0.184849329332323,0.24444009637154798,0.13873129803024511,0.17395330556415936,0.1722471977432315,0.22861114190731047,chronic_high_moderate_off_body_bichon_12,2026-01-25,C1,answered_consistent,0,0,2,1,2,2,1,2,2,S2
11.0,0.6440281030444965,0.7607864361818375,0.04454253139237925,4.149744197355478,4.765087608791298,6.16890487581916,1.390943642202082,0.6363636363636364,6963.6,6978.993153743598,6.0,0.7116666666666666,29,比熊,0.3031210137530489,0.23540473850465124,0.22706613840021259,0.2520649947706034,0.3078521225002226,0.21086527419115694,0.18709760114865162,0.22792038240005924,chronic_high_moderate_off_body_bichon_12,2026-01-29,C1,answered_consistent,1,1,1,0,1,2,0,0,1,S1
8.0,0.3664681630783326,0.6310602019676547,0.028907934125865998,4.73295151475741,5.375353205912365,6.512799508556873,1.8951211636271816,0.5,9579.0,10746.612130607222,4.0,0.9095833333333333,30,比熊,0.41013243688426354,0.28775733323012737,0.24890817778791594,0.2558784337141944,0.21540860485667102,0.18679831114840545,0.18400273058978578,0.22492814449526877,chronic_high_moderate_off_body_bichon_12,2026-01-30,C1,answered_consistent,1,0,1,0,1,1,0,0,1,S1
9.0,0.43478260869565216,0.9487905924587456,0.04583529432167854,6.325270616391638,5.667754649147714,10.594156069670513,2.3044666772173907,0.6666666666666666,8786.25,12805.547018284693,6.0,0.8624999999999999,1,金毛,,,,,,,,,chronic_high_severe_goldendoodle_start_01,2026-01-01,C1,answered_consistent,1,1,0,0,0,0,0,0,0,S0
12.0,0.7224563515954244,1.5175777395843177,0.09136530641687644,7.5878886979215885,7.793018692297759,10.93345309971636,2.303456488820669,0.75,4238.272727272727,7809.5951715695,9.0,0.6920833333333333,2,金毛,0.5786194801455383,,,,0.20341605437374438,,,,chronic_high_severe_goldendoodle_start_01,2026-01-02,C1,answered_consistent,1,0,2,1,2,2,0,2,1,S2
9.0,0.44291338582677164,1.2741718472834864,0.06270530744505347,8.494478981889909,8.542401390026704,10.94498915986268,1.7142568861886205,0.6666666666666666,8777.5,16230.055229419277,6.0,0.8466666666666667,3,金毛,0.5333841153726161,0.5333841153726161,,,0.16379181990230485,0.16379181990230485,,,chronic_high_severe_goldendoodle_start_01,2026-01-03,C1,answered_consistent,1,0,2,1,2,1,1,1,3,S2
17.0,0.804162724692526,1.977166480300116,0.09352726964522781,6.978234636353351,6.940453178736112,10.763478456247654,1.4681272384707487,0.8235294117647058,3414.8125,8313.11797867345,10.0,0.8808333333333334,5,金毛,0.6210632848650423,0.6040857629772407,,,0.1806755231713865,0.1649448031875902,,,chronic_high_severe_goldendoodle_start_01,2026-01-05,C1,answered_consistent,1,1,1,1,3,2,2,1,1,S2
15.0,0.7433102081268583,2.134875088998885,0.10579162978190708,8.53950035599554,9.04796810787998,11.17778316256314,2.3247274613184152,0.8,4830.714285714285,11527.71097603244,10.0,0.8408333333333333,6,金毛,0.721195558965071,0.6272898371688437,,,0.09595518776182124,0.15810124867758246,,,chronic_high_severe_goldendoodle_start_01,2026-01-06,C2,answered_consistent,1,1,1,1,1,0,0,0,1,S1
7.0,0.3954802259887006,0.9681693083226883,0.05469883097868296,8.298594071337329,8.665373976118227,10.99449198229454,1.8332802367139736,0.5714285714285714,4673.166666666667,5540.044777697098,4.0,0.7374999999999999,12,金毛,0.6395702049343689,0.6479621417602817,0.629680317267348,,0.30139520201483705,0.1869249884596653,0.17164652951826925,,chronic_high_severe_goldendoodle_start_01,2026-01-12,C1,answered_consistent,0,1,2,0,3,2,1,2,2,S2
12.0,0.714711137581894,1.4976354175057187,0.08919805941070391,7.488177087528594,7.773764476363434,9.892249781222189,1.9409355851852548,0.75,5873.0,11297.112744574888,9.0,0.6995833333333333,13,金毛,0.5523238121582014,0.6438765602538582,0.6362211495992361,,0.15968764358222648,0.18479404694303384,0.1660225662666,,chronic_high_severe_goldendoodle_start_01,2026-01-13,C1,answered_consistent,1,0,1,0,2,1,0,0,0,S1
7.0,0.4191616766467066,0.9602740783663362,0.057501441818343484,8.230920671711454,7.706065971031203,10.524043165672772,2.4489520027023626,0.5714285714285714,10411.166666666666,12720.67245885828,4.0,0.6958333333333333,14,金毛,0.5097843467391004,0.6198054915335962,0.6207169015311982,,0.17786636832229274,0.20337711557250027,0.16973086864010678,,chronic_high_severe_goldendoodle_start_01,2026-01-14,C1,answered_consistent,1,1,2,1,2,2,0,2,2,S2
9.0,0.5347593582887701,1.0998892141884142,0.06535289448534845,7.332594761256094,7.084053406394697,10.938051128762272,1.9888341078617358,0.6666666666666666,9359.125,11705.573890646072,6.0,0.7012499999999999,15,金毛,0.5562107241724569,0.6167021102508965,0.6278580979307067,0.6149863986483697,0.14893787895789587,0.20466606961219666,0.16328704442107647,0.16505572658351086,chronic_high_severe_goldendoodle_start_01,2026-01-15,C1,answered_consistent,1,1,2,0,1,2,1,1,2,S2
12.0,0.554016620498615,1.7288635718363652,0.07981826278099562,8.644317859181827,8.500109656184478,11.083836960510668,1.8499811854700485,0.75,5346.272727272727,8684.1636441483,9.0,0.9025,17,金毛,0.5119344158169244,0.5159909086531549,0.6161205373406929,0.6015199922875029,0.05702993819620381,0.10869730135540374,0.1616465177849012,0.16012733873787763,chronic_high_severe_goldendoodle_start_01,2026-01-17,C1,answered_consistent,1,0,2,0,2,1,2,1,2,S2
15.0,0.896057347670251,1.5916177352631873,0.09507871775765755,6.366470941052749,6.427787322526402,10.20675366302653,1.7726685818524723,0.8,4444.857142857143,9878.80828452749,10.0,0.6974999999999999,18,金毛,0.6323670789440848,0.5658876621911894,0.6361165090260087,0.6178831786976555,0.23454444934209973,0.18118376641231185,0.17812088173186383,0.1701530310952609,chronic_high_severe_goldendoodle_start_01,2026-01-18,C1,answered_consistent,1,0,2,1,2,2,1,1,2,S2
15.0,0.7015902712815716,1.9521383572944941,0.09130675197822705,7.808553429177977,7.177780176416882,11.333879558481636,2.825385610875923,0.8,4782.071428571428,9649.634000937074,10.0,0.8908333333333333,19,金毛,0.7172214131501459,0.6096176686615996,0.6287899052109406,0.6222888151494407,0.17155528032710618,0.16978204302753577,0.17270415028458233,0.16647038645154372,chronic_high_severe_goldendoodle_start_01,2026-01-19,C1,answered_consistent,1,1,0,1,2,2,0,0,1,S1
6.0,0.2733485193621868,0.6996566987157746,0.0318750204426321,6.996566987157746,5.167044088859706,11.3552581139331,3.2909475692137353,0.5,13124.4,14956.83490047276,3.0,0.9145833333333333,20,金毛,0.623665379438003,0.5465658660587842,0.5952212131563211,0.604841800360078,0.3185840356794804,0.2029610995930925,0.19319083542889237,0.17983828637779947,chronic_high_severe_goldendoodle_start_01,2026-01-20,C1,answered_consistent,1,1,2,0,2,2,1,1,2,S2
6.0,0.335195530726257,0.7852889128368326,0.04387088898529791,7.852889128368325,8.302825805429663,9.912684931645774,1.8661145141416304,0.5,10863.0,17927.13081337892,3.0,0.7458333333333332,23,金毛,0.40668762795524876,0.5207250918111959,0.5485318356187312,0.578995603959448,0.18192299884664714,0.2384308405732737,0.21624331839623476,0.1886696203166059,chronic_high_severe_goldendoodle_start_01,2026-01-23,C1,answered_consistent,1,0,2,0,1,2,1,1,2,S2
15.0,0.7396449704142012,1.921513653423117,0.094749193955775,7.686054613692468,8.089180306889375,11.1457353442925,2.6701808126532227,0.8,3897.6428571428573,10860.92870014309,11.0,0.8450000000000001,25,金毛,0.5499612097916918,0.501384253308332,0.5336359577497606,0.585263479588645,0.20338796495996564,0.2030479632741849,0.18788265768377826,0.1834800906834718,chronic_high_severe_goldendoodle_start_01,2026-01-25,C1,answered_consistent,2,0,1,0,1,2,1,0,1,S1
14.0,0.667302192564347,1.9001325009995254,0.09056875600569711,8.14342500428368,8.785853407955264,11.26605360280785,2.4314092064854482,0.7857142857142857,2031.3846153846155,4299.285961080971,10.0,0.8741666666666666,28,金毛,0.5695884222317659,0.518574188099218,0.5464511167839033,0.5835840091575507,0.1434837720660865,0.1806382243473434,0.18327632570668398,0.17740850316057036,chronic_high_severe_goldendoodle_start_01,2026-01-28,C1,answered_consistent,2,1,2,0,2,2,1,1,2,S2
14.0,0.830860534124629,1.7070818923360176,0.10131049806148472,7.316065252868647,7.278893807470553,10.914434773739108,1.7794501454515828,0.7857142857142857,5177.307692307692,10784.13733495506,10.0,0.7020833333333334,29,金毛,0.6343403420947059,0.5985013471707147,0.5676012007721789,0.5921107858805534,0.21490541790707907,0.1767651985598978,0.19829314062702524,0.18016155318726743,chronic_high_severe_goldendoodle_start_01,2026-01-29,C1,answered_consistent,2,1,2,0,2,2,0,1,1,S2
8.0,0.4034291477559254,0.9324098602052587,0.04702016440772863,6.993073951539441,6.163496514984649,10.131639081135644,2.2462181620232213,0.625,7761.714285714285,8973.276208741563,5.0,0.8262499999999999,30,金毛,0.6338639581483004,0.6082490067463816,0.5644870492787887,0.5858213979430659,0.215668690713128,0.16100398777263242,0.2006606058824669,0.18034863320403158,chronic_high_severe_goldendoodle_start_01,2026-01-30,C1,answered_consistent,1,1,0,1,1,0,0,0,1,S0
9.0,0.4398826979472141,1.1375054813336234,0.05559655333986429,7.58336987555749,8.128961043294495,11.252224619088125,2.4355952756417403,0.6666666666666666,5090.5,6234.269524170414,6.0,0.8525,31,金毛,0.5580574599425895,0.588940373848181,0.5563346262394029,0.585991400918118,0.23695643754235882,0.17328614337384096,0.20341828264075468,0.18020369477699358,chronic_high_severe_goldendoodle_start_01,2026-01-31,C1,answered_consistent,1,0,0,0,0,0,0,0,0,S0
13.0,0.7960808328230252,1.5474808833758105,0.09476306695504046,7.142219461734509,6.001999504142779,11.38675469730434,2.8798945625988592,0.7692307692307693,4777.416666666667,10215.529179133218,10.0,0.6804166666666666,32,金毛,0.5464642261753881,0.5970026399065845,0.5491934466074582,0.5884455502923712,0.21694135858820957,0.18253256252537656,0.1920095622871297,0.1826115132042231,chronic_high_severe_goldendoodle_start_01,2026-02-01,C1,answered_consistent,1,0,1,0,1,1,0,0,1,S1
15.0,0.8498583569405099,1.7518707536710252,0.09925613335246602,7.007483014684101,7.001582023572345,10.697876914637693,2.13434828965811,0.0,1871.7142857142858,3345.0217899903437,0.0,0.7354166666666666,33,金毛,0.6952739625702499,0.6274674373929703,0.5597840241545252,0.6020103826628292,0.2228037904959578,0.2064702463071563,0.20472948147437056,0.18650126024865915,chronic_high_severe_goldendoodle_start_01,2026-02-02,C1,answered_consistent,1,0,2,0,2,3,1,1,2,S2
18.0,0.8352668213457076,1.9767507163068279,0.0917285715223586,6.589169054356093,6.037450324274932,11.025662851937284,2.1430954614134996,0.8333333333333334,3802.705882352941,8177.736690801622,10.0,0.8979166666666667,34,金毛,0.8270686703697475,0.6889543690716227,0.5999210457247768,0.6093154852384919,0.027810299973569572,0.19276109221437998,0.19926322632235927,0.19130293793645445,chronic_high_severe_goldendoodle_start_01,2026-02-03,C2,answered_consistent,2,0,2,1,3,3,2,1,3,S2
12.0,0.5893909626719057,1.3966952275209048,0.06859996205898354,6.983476137604524,7.172976369179231,10.750582979839978,1.952544921165961,0.75,5397.636363636364,11604.785081028407,9.0,0.8483333333333333,35,金毛,0.758172046986041,0.6778241933727024,0.5981991907359602,0.6021564265044712,0.14635067148614286,0.1964340099112487,0.19924104162848733,0.18774538738522184,chronic_high_severe_goldendoodle_start_01,2026-02-04,C2,answered_consistent,1,1,2,1,2,2,1,1,2,S2
5.0,0.38109756097560976,0.2720953158263511,0.020738972242862128,3.2651437899162135,2.9428009886527486,4.465049811493214,0.8709420375191969,0.4,10492.0,6110.0953347717905,2.0,0.5466666666666666,3,金毛,0.24081899311119825,0.24081899311119825,,,0.1319184742444539,0.1319184742444539,,,cold_start_loose_days_cyclical_09,2026-01-03,C1,answered_conflicting_worse,1,0,2,1,2,2,1,0,2,S2
11.0,0.5795574288724974,0.6798228190825133,0.0358178513742104,3.7081244677228,3.964544636569088,4.807305328730212,0.8510053857294314,0.18181818181818182,7211.3,6156.705418484792,2.0,0.7908333333333334,4,金毛,0.3942512746097429,0.32550360205152307,,,0.17909195096990196,0.20071768199013437,,,cold_start_loose_days_cyclical_09,2026-01-04,C1,answered_conflicting_worse,2,0,1,0,2,1,1,0,2,S2
2.0,0.1557632398753894,0.1068044553832266,0.008318104001808924,3.204133661496798,3.204133661496798,4.322409055552456,1.5814802287416294,1.0,500.0,0.0,2.0,0.535,10,金毛,0.31779734683787236,0.4347587133089576,0.3765767972496298,,0.2583230690550993,0.3375150867147854,0.29763700148975525,,cold_start_loose_days_cyclical_09,2026-01-10,C1,answered_conflicting_worse,0,0,2,1,3,3,2,3,3,S2
11.0,0.6090808416389812,0.8339450290856395,0.04617635819964781,4.548791067739852,4.588089251117271,6.0856438729771245,1.0701713374824595,0.0,4990.7,6261.206513923654,0.0,0.7525,22,金毛,0.40470213724402915,0.3239009645876751,0.27950105225813054,0.3336859555797751,0.1902006444932295,0.13981841003290435,0.13645052922291673,0.2229827274480696,cold_start_loose_days_cyclical_09,2026-01-22,C1,answered_conflicting_worse,1,0,2,1,3,3,2,2,2,S2
9.0,0.47846889952153115,0.6767676074562011,0.03597913915237646,4.511784049708008,5.364213498373875,6.029935357535821,1.3963192904049901,0.0,4964.0,6446.075240020085,0.0,0.78375,23,金毛,0.4865640728553826,0.34880562837055634,0.3006825135468338,0.33998086618593837,0.11867643399121958,0.15080563287723237,0.14299820861324017,0.21993779458486698,cold_start_loose_days_cyclical_09,2026-01-23,C1,answered_conflicting_worse,1,1,2,0,2,3,1,1,1,S2
12.0,0.5219660722053067,0.7140389602916642,0.031058675958750077,3.5701948014583214,3.394024163878319,4.945947496728824,0.8785503433225934,0.25,6482.272727272727,5594.175072680659,3.0,0.9579166666666666,26,金毛,0.4431159494817381,0.4317033085284047,0.3641986231625473,0.3518810681046845,0.40942562150068046,0.2621628643888586,0.2021911038565603,0.23897156040534737,cold_start_loose_days_cyclical_09,2026-01-26,C1,answered_conflicting_worse,1,1,2,0,3,3,1,2,3,S2
13.0,0.7344632768361582,0.7340513493001979,0.04147182764407898,3.3879293044624514,3.322512407911013,4.822316109059888,0.9925204651749716,0.07692307692307693,4993.416666666667,4346.182222332863,1.0,0.7374999999999999,27,金毛,0.4188097830138216,0.5033576205496457,0.38722543493027917,0.36605077953918347,0.37794178289128705,0.26726077837680096,0.22512140402410513,0.24562582816492362,cold_start_loose_days_cyclical_09,2026-01-27,C2,answered_conflicting_worse,1,1,2,1,3,3,2,2,3,S2
11.0,0.5018248175182481,0.7142162714967469,0.032582859101128965,3.895725117254983,3.764247177319537,5.765324785620381,1.1298386855061184,0.2727272727272727,6543.4,5025.892999258938,3.0,0.9133333333333334,1,金毛,,,,,,,,,cold_start_sparse_history_step_onset_02,2026-01-01,C1,answered_consistent,2,1,1,1,2,1,1,0,1,S1
7.0,0.37654653039268426,0.5019167270059718,0.02699928601430725,4.302143374336901,4.768880694986596,5.676128252482233,1.5073045078599008,0.2857142857142857,11274.166666666666,6476.928912601164,2.0,0.7745833333333333,4,金毛,0.3878303557790737,0.41632897121386736,,,0.08807202464401981,0.09175949729264495,,,cold_start_sparse_history_step_onset_02,2026-01-04,C1,answered_consistent,1,0,1,0,2,1,1,1,1,S1
9.0,0.5451241671714112,0.796143295182899,0.04822188341507564,5.307621967885993,5.0,7.914782515552376,1.726278310914772,0.4444444444444444,10438.75,6752.60278985074,3.0,0.6879166666666667,6,金毛,0.4493266921234764,0.4394582384722024,,,0.08661381206095095,0.0880198262259199,,,cold_start_sparse_history_step_onset_02,2026-01-06,C1,answered_consistent,1,0,2,1,2,1,1,1,2,S2
7.0,0.36939313984168864,0.24024920987519907,0.012678058568612089,2.059278941787421,1.8665282421347824,3.391062865549689,0.905771713051034,0.2857142857142857,10784.0,9904.304888952749,2.0,0.7895833333333333,3,比熊,0.30770459032568787,0.30770459032568787,,,0.1625837544997305,0.1625837544997305,,,cyclical_conflicting_better_bichon_13,2026-01-03,C1,answered_conflicting_better,1,1,0,0,0,0,0,0,0,S0
10.0,0.5707762557077626,0.5292655203258279,0.03020921919667967,3.175593121954967,3.1294923560941617,5.08298665013389,1.1512068525667067,0.0,4377.888888888889,7350.469016697648,0.0,0.73,23,比熊,0.44317390445747246,0.26707220585830027,0.2707556522342195,0.33200400343816183,0.1617676137890531,0.1977509302565098,0.1949331334884054,0.47906339591007185,cyclical_conflicting_better_bichon_13,2026-01-23,C2,answered_conflicting_better,1,1,0,0,0,0,0,0,0,S1
11.0,0.6678809957498483,0.6134368201237623,0.03724570856853445,3.3460190188568855,3.3825365806505854,4.73920575859055,0.909580462801202,0.0,3367.2,6403.097997063608,0.0,0.6862499999999999,24,比熊,0.49996342377044006,0.32596610212522276,0.3117228931705294,0.34599887811781543,0.2123711066749528,0.24861944267305217,0.2143102639878399,0.47352292163282317,cyclical_conflicting_better_bichon_13,2026-01-24,C2,answered_conflicting_better,1,0,0,0,0,0,0,0,0,S1
8.0,0.49170251997541486,0.3862849006087288,0.023742157382220578,2.897136754565466,2.209081841353542,5.106852543512886,1.441612787014418,0.0,3363.1428571428573,4448.189757918268,0.0,0.6779166666666666,27,比熊,0.29632784329533984,0.41234089128689794,0.2739753515425563,0.3404798742486515,0.1988106590654086,0.19996613424252285,0.20743889087073838,0.44904949211921674,cyclical_conflicting_better_bichon_13,2026-01-27,C1,answered_conflicting_better,1,0,0,0,0,0,0,0,1,S0
8.0,0.3717472118959108,0.3737679108752789,0.017368397345505524,2.8032593315645915,2.6461351084246405,4.858284889871841,1.329930075844318,0.0,875.0,982.9614147346491,0.0,0.8966666666666666,39,比熊,0.19213544735303922,0.3600750373810286,0.30457800186172534,0.2938934286657792,0.16060549093517826,0.4519155279285097,0.32522735980431805,0.26638383372242835,cyclical_conflicting_better_bichon_13,2026-02-08,C1,answered_conflicting_better,0,0,0,0,0,0,0,0,0,S0
13.0,0.7407407407407407,0.8002755342613832,0.045599745541959155,3.6935793888986916,3.5328230897975663,5.612116956496374,1.052294647047155,0.3076923076923077,7088.916666666667,5938.143725923297,4.0,0.7312500000000001,1,金毛,,,,,,,,,cyclical_long_period_three_cycles_goldenretriever_10,2026-01-01,C1,answered_consistent,1,1,2,1,2,2,1,2,2,S2
13.0,0.6240998559769564,0.8248765484299588,0.039600410390300475,3.8071225312151946,3.999959396283576,5.339207982554071,1.2046553247500222,0.3076923076923077,4357.583333333333,4110.344013549501,4.0,0.8679166666666666,2,金毛,0.6824202983588485,,,,0.08247756058007054,,,,cyclical_long_period_three_cycles_goldenretriever_10,2026-01-02,C1,answered_consistent,1,0,1,0,2,2,1,2,2,S2
9.0,0.4653567735263702,0.5847740641641457,0.030236507971258826,3.8984937610943047,3.939853519204025,5.8401126527241685,1.3903269598613295,0.3333333333333333,9137.25,5896.851485114747,3.0,0.8058333333333333,3,金毛,0.6100657900813558,0.6100657900813558,,,0.13822734390797253,0.13822734390797253,,,cyclical_long_period_three_cycles_goldenretriever_10,2026-01-03,C1,answered_consistent,1,0,0,0,0,1,0,0,0,S0
15.0,0.9316770186335402,0.9265784312478245,0.05755145535700772,3.706313724991298,3.8344636678056823,5.987769774083091,1.2678707686165245,0.2,5715.285714285715,6914.9102713791235,3.0,0.6708333333333334,7,金毛,0.6215348918419582,0.5921210071814845,0.5921210071814845,,0.28287362843913033,0.19235199618173748,0.19235199618173748,,cyclical_long_period_three_cycles_goldenretriever_10,2026-01-07,C1,answered_consistent,2,0,2,0,2,2,2,1,2,S2
11.0,0.5997818974918212,0.7885104850094341,0.042994028626468596,4.30096628186964,4.279832768911223,5.92418304052212,1.206232299070392,0.2727272727272727,7209.8,7695.499448378904,3.0,0.7641666666666667,8,金毛,0.6363912471440849,0.5719840295744961,0.5930786184702767,,0.27878972590518575,0.1812586189112613,0.178103940638164,,cyclical_long_period_three_cycles_goldenretriever_10,2026-01-08,C1,answered_consistent,1,1,2,0,2,2,1,0,1,S2
7.0,0.3239241092086997,0.49596079056692355,0.022950522469547596,4.2510924905736305,4.77741653784773,5.994153805266343,1.3939653179756581,0.2857142857142857,11084.833333333334,5741.768787190543,2.0,0.9004166666666666,12,金毛,0.4836105371499298,0.5141362827039206,0.5362007654381169,,0.1578390166886174,0.2340357065748454,0.18935540372213489,,cyclical_long_period_three_cycles_goldenretriever_10,2026-01-12,C1,answered_consistent,1,1,1,0,2,1,0,0,0,S1
12.0,0.5244755244755245,0.7670143956154043,0.03352335645172222,3.8350719780770213,3.9656927797552717,5.29713219554766,1.0505422730032377,0.3333333333333333,6185.727272727273,4318.075604435365,4.0,0.9533333333333333,13,金毛,0.4452574174014612,0.535102096870868,0.5352988238256098,,0.10670278892949735,0.22622090974982278,0.18132316084351296,,cyclical_long_period_three_cycles_goldenretriever_10,2026-01-13,C1,answered_consistent,1,1,1,0,2,2,0,0,1,S1
9.0,0.394563787812363,0.690953440812935,0.03029168964545967,4.606356272086233,4.55405622706753,5.853480373931372,1.0633315996311996,0.2222222222222222,6720.25,4840.103659788703,2.0,0.9504166666666666,14,金毛,0.41432114049886243,0.4583716353249855,0.525246321253235,,0.10172503271203996,0.146242835543529,0.17822385986978312,,cyclical_long_period_three_cycles_goldenretriever_10,2026-01-14,C1,answered_consistent,1,0,0,0,0,0,0,0,0,S0
12.0,0.7142857142857143,0.8064976078436419,0.04800580999069297,4.032488039218209,4.365328715894812,5.591091484905861,1.2291682829891226,0.25,6491.727272727273,4423.989665673223,3.0,0.7000000000000001,15,金毛,0.5444416755245339,0.4747293234383988,0.5233566765064475,0.5378489474554002,0.16079338592660336,0.1692847391862721,0.17588823628734712,0.1785421467368637,cyclical_long_period_three_cycles_goldenretriever_10,2026-01-15,C1,answered_consistent,1,1,2,0,1,1,0,0,2,S1
17.0,0.9906759906759907,1.065411828692638,0.06208693640399988,3.7602770424446046,3.3330828857336705,5.760929072501182,1.3250066653979837,0.23529411764705882,4901.1875,3874.9664872542767,4.0,0.715,16,金毛,0.6998418309246892,0.5821189469570546,0.549540686127807,0.5661506376566872,0.2983184689650338,0.22428577196004656,0.21498058083745114,0.2063199351556731,cyclical_long_period_three_cycles_goldenretriever_10,2026-01-16,C1,answered_consistent,2,1,2,0,1,2,1,1,1,S2
18.0,1.0477299185098952,1.1650231638179878,0.06781275691606448,3.883410546059959,3.664623247918804,5.872418318549854,1.3146462589304733,0.1111111111111111,4295.764705882353,3201.8577792828846,2.0,0.7158333333333333,17,金毛,0.9175638744905333,0.6404325233554781,0.5911387679123445,0.5944788306480524,0.1783403921788643,0.28621621189570634,0.25079817601320037,0.231408063220858,cyclical_long_period_three_cycles_goldenretriever_10,2026-01-17,C1,answered_consistent,2,1,1,0,1,1,0,0,1,S1
5.0,0.28868360277136257,0.38913500233633874,0.022467378887779374,4.669620028036065,4.830084519193888,5.947075245715816,1.0103109821249114,0.4,19549.25,6028.206672593434,2.0,0.7216666666666667,20,金毛,0.39537908719275583,0.6190560961231757,0.5770790964970219,0.5646138691297579,0.1262518943356486,0.3064042436912504,0.26238927662288714,0.22823786694296852,cyclical_long_period_three_cycles_goldenretriever_10,2026-01-20,C1,answered_consistent,1,1,0,0,1,1,1,0,1,S1
22.0,0.9734513274336283,2.0385495482797102,0.09020130744600487,5.559680586217392,5.467762412173968,7.943288911785577,1.5671401346734413,0.18181818181818182,3680.5714285714284,3570.974971194556,4.0,0.9416666666666668,22,金毛,0.5250646547314192,0.6444362188838639,0.5595827711611314,0.5717630792735479,0.3885054653469925,0.3460628589906469,0.27614133198988894,0.24093680361859118,cyclical_long_period_three_cycles_goldenretriever_10,2026-01-22,C2,answered_consistent,2,1,2,0,2,2,1,1,2,S2
19.0,0.9095260890378171,2.00452639528287,0.09595626593024748,6.330083353524852,6.832865758315364,8.36621792374492,1.7941792815469262,0.3157894736842105,4534.666666666667,3713.4017498185613,6.0,0.8704166666666667,23,金毛,0.7320121501535706,0.6328433757926964,0.6074811613748754,0.5864484275241683,0.3642291781060738,0.3336682273975411,0.2743996170316408,0.2457072438934065,cyclical_long_period_three_cycles_goldenretriever_10,2026-01-23,C1,answered_consistent,2,1,2,1,1,1,1,0,1,S1
22.0,1.262191623637407,2.1774875775815565,0.12492757186354311,5.938602484313336,6.046942284220322,8.637768409132885,1.7639951911268918,0.22727272727272727,3617.095238095238,3903.9789946834635,3.0,0.72625,24,金毛,1.0483896800362842,0.6634807622394838,0.651956642797481,0.6146043940288866,0.18789641386067932,0.3841407605394694,0.32566645723257415,0.27708009811440615,cyclical_long_period_three_cycles_goldenretriever_10,2026-01-24,C2,answered_consistent,1,1,1,1,2,2,2,2,3,S2
26.0,1.5125072716695753,2.634136694493887,0.15323657326898701,6.078776987293585,6.434659076177933,8.675430253172621,1.5518296127731497,0.23076923076923078,3064.32,1961.3520585555261,6.0,0.71625,25,金毛,1.2280749947815996,0.827739758118261,0.7251805465938678,0.6505205091345141,0.3029348691144059,0.47026431176476335,0.3939111048044775,0.32530550719691803,cyclical_long_period_three_cycles_goldenretriever_10,2026-01-25,C2,answered_consistent,3,0,1,0,1,1,0,0,1,S1
25.0,1.2594458438287153,2.4883398622267987,0.1253571719005944,5.972015669344317,5.982760715169282,8.697647157747367,1.8464657769823356,0.16,3367.75,3675.1238329476737,4.0,0.8270833333333334,26,金毛,1.3447149130452327,0.9312663989096818,0.7920035276381546,0.6739407143150603,0.1453189304124885,0.47476299522284837,0.3999111236353805,0.3403702136943086,cyclical_long_period_three_cycles_goldenretriever_10,2026-01-26,C2,answered_consistent,2,0,2,0,2,3,1,2,3,S2
16.0,0.7561436672967864,1.559629169625969,0.07370648249650137,5.848609386097384,5.506575912897532,8.539958074575761,1.7402072825045984,0.4375,4890.4,2453.7369269476844,6.0,0.8816666666666667,27,金毛,1.1760322609316922,0.9980464081275995,0.8085512521253876,0.6769852681291982,0.3850192785611366,0.39558769436843944,0.3927180340027402,0.334135170334875,cyclical_long_period_three_cycles_goldenretriever_10,2026-01-27,C2,answered_consistent,1,1,2,1,2,3,2,1,2,S2
24.0,1.3186813186813187,2.0554812197368237,0.11293852855696834,5.138703049342059,4.767302986113075,8.393657728544213,1.5987308330316305,0.3333333333333333,3237.6521739130435,3255.8715470962497,7.0,0.7583333333333333,28,金毛,1.1114236099356067,1.1417067345121783,0.8745596471874559,0.6999029842203454,0.30910368584236575,0.26710446180998915,0.39543592830594093,0.34959615467487726,cyclical_long_period_three_cycles_goldenretriever_10,2026-01-28,C2,answered_consistent,3,0,1,0,1,1,0,0,1,S1
5.0,0.25654181631605955,0.31138190496479534,0.015976495893524647,3.736582859577544,4.064932112007014,5.371415352548707,1.2422404815475179,0.6,11824.25,9212.939796150846,2.0,0.8120833333333333,29,金毛,0.7771222674313881,1.0392910900668113,0.8418636544753377,0.6846146680857149,0.5313804257487146,0.43008779373454253,0.42734388680748914,0.3530308872728395,cyclical_long_period_three_cycles_goldenretriever_10,2026-01-29,C1,answered_consistent,1,1,1,0,1,1,0,0,0,S1
17.0,0.9350935093509352,1.1230337293037553,0.06177303241494804,3.963648456366195,4.290164690396367,5.967339768026124,1.3879303927520643,0.11764705882352941,4244.875,3595.672935540022,2.0,0.7575,30,金毛,0.8367722147827713,1.042943578682971,0.8378934772378337,0.6929639627945556,0.5378525711989758,0.4289090535960638,0.42611143277361563,0.3498921476476798,cyclical_long_period_three_cycles_goldenretriever_10,2026-01-30,C1,answered_consistent,2,0,2,1,2,3,1,1,2,S2
8.0,0.3750586029067042,0.5341307072275309,0.025041289602790947,4.005980304206481,4.0517826206702185,5.805897734509275,1.4568840034357526,0.25,10991.285714285714,12444.808139648158,2.0,0.8887499999999999,34,金毛,0.49403321169446457,0.6281152578770558,0.8130808330023277,0.6798388889961076,0.28373312155482133,0.40294326799406827,0.4289602010124895,0.36152489766960927,cyclical_long_period_three_cycles_goldenretriever_10,2026-02-03,C1,answered_consistent,1,1,2,1,2,1,2,1,2,S2
28.0,1.2879484820607177,2.752031190240177,0.1265883712161995,5.897209693371808,6.127737121125039,8.578982659180244,1.4939413629842475,0.39285714285714285,2826.8888888888887,2774.8233888855293,9.0,0.9058333333333333,36,金毛,0.5982724260963462,0.6059060493606209,0.8225985697137161,0.6960665896124408,0.6095344484271139,0.4158279321149027,0.46448560083304785,0.38710816780285867,cyclical_long_period_three_cycles_goldenretriever_10,2026-02-05,C2,answered_consistent,2,1,1,0,1,1,0,0,0,S1
24.0,1.2910166756320602,2.3789733957981998,0.1279705968691877,5.947433489495499,6.008444822706506,8.086794655229475,1.5024631906119952,0.125,3280.9565217391305,2709.2441827173684,3.0,0.7745833333333333,37,金毛,0.9035917836714648,0.6567522159722102,0.8498478973275907,0.7080445781790582,0.6683842239723742,0.4796512748103653,0.48087845260336265,0.3999947602285726,cyclical_long_period_three_cycles_goldenretriever_10,2026-02-06,C1,answered_consistent,2,1,2,0,2,2,0,1,2,S2
23.0,1.2588943623426383,2.474618078160402,0.13544707598031758,6.455525421288005,6.829071864097552,8.60344145055557,1.5524261447493604,0.21739130434782608,3468.2727272727275,2776.7075202283295,5.0,0.76125,38,金毛,1.2792865066784722,0.7788241926343467,0.8496123786636786,0.7300149936740855,0.017726621672161737,0.5123426330562814,0.480661723817707,0.4117712848620699,cyclical_long_period_three_cycles_goldenretriever_10,2026-02-07,C1,answered_consistent,2,1,1,0,1,1,0,0,1,S1
25.0,1.2953367875647668,2.573085125172054,0.13332047280684217,6.175404300412929,6.755713613503485,8.601584053646699,1.5841331724110372,0.48,3413.0416666666665,4498.441910624599,11.0,0.8041666666666667,39,金毛,1.2817492751798218,0.8470316757620754,0.8341002012276209,0.7652279323913976,0.019910452590894523,0.5488872952132703,0.4607131452014151,0.41349461747363264,cyclical_long_period_three_cycles_goldenretriever_10,2026-02-08,C1,answered_consistent,2,1,2,0,1,2,1,1,2,S2
35.0,1.7757483510908167,3.3787143242020474,0.17142132542882027,5.792081698632081,5.771949717618723,8.607322095666856,1.6630667215932806,0.4,2389.9117647058824,3188.9484655202477,12.0,0.82125,40,金毛,1.4433265003327407,1.0594019221313313,0.8709789517463423,0.8031017146370606,0.28846183063810404,0.5835588828801395,0.5148620098330661,0.4518420625192148,cyclical_long_period_three_cycles_goldenretriever_10,2026-02-09,C2,answered_consistent,3,0,1,0,1,0,0,0,1,S1
33.0,1.6216216216216215,3.1987231993735885,0.15718541520263332,5.815860362497434,6.253401384802457,8.686808555678233,1.7410177128281723,0.3939393939393939,2445.84375,2694.348171513091,11.0,0.8479166666666668,41,金毛,1.5642355867590683,1.2374823533763197,0.9327988056266878,0.8409100147404426,0.24529306011446958,0.5274186431274911,0.5507233784069353,0.47153755047317136,cyclical_long_period_three_cycles_goldenretriever_10,2026-02-10,C2,answered_consistent,3,1,2,0,3,2,2,2,2,S2
21.0,1.037037037037037,2.0094430761361584,0.09923175684623005,5.741265931817596,5.674566977907986,8.604137605712028,1.9372385768851936,0.23809523809523808,3688.5,2780.329575787734,5.0,0.84375,42,金毛,1.4781356699164918,1.366800473907094,0.9126813569378104,0.8646804456680538,0.3896983001378256,0.2482027786406721,0.5405940780882451,0.4624642601081076,cyclical_long_period_three_cycles_goldenretriever_10,2026-02-11,C2,answered_consistent,2,0,2,0,2,3,2,2,3,S2
8.0,0.4121586810922205,0.4590271467277488,0.023649002922604266,3.442703600458116,3.168058363223098,5.235284659597456,0.9542856244692313,0.25,10078.42857142857,8815.288275930352,2.0,0.80875,43,金毛,1.0236057799169596,1.2416876451973085,0.9237968472789648,0.8609365508886104,0.6048433269280366,0.44067722363161477,0.5275064373609397,0.46575628601864105,cyclical_long_period_three_cycles_goldenretriever_10,2026-02-12,C1,answered_consistent,1,1,1,1,2,1,0,0,1,S1
11.0,0.4822446295484437,0.654285623179078,0.028684157088078827,3.56883067188588,3.341396134305141,5.7681616874162405,1.149725328883293,0.18181818181818182,6228.1,8769.505738067568,2.0,0.9504166666666666,44,金毛,0.6438134492259003,1.1261487814710778,0.8914504987216441,0.8638592456131465,0.3423398933093383,0.5237770247796574,0.5404849871709163,0.46299573148497164,cyclical_long_period_three_cycles_goldenretriever_10,2026-02-13,C1,answered_consistent,1,0,2,0,2,2,1,1,3,S2
13.0,0.6742738589211618,0.7777591007627191,0.0403402023217178,3.589657388135627,3.5712942265428778,5.086923162501057,0.7466955177368723,0.3076923076923077,5988.25,5869.383629266365,3.0,0.8033333333333333,47,金毛,0.5799148095470078,0.7561151997057637,0.9077585609185476,0.8300943391187938,0.08484390021514297,0.4337561389087081,0.5184334445062941,0.4685410760038027,cyclical_long_period_three_cycles_goldenretriever_10,2026-02-16,C1,answered_consistent,2,1,1,0,1,1,0,0,1,S1
13.0,0.604932526756631,0.7727651680745236,0.03595929120867956,3.5666084680362626,3.638700999820239,4.906875416938041,0.9472747909958654,0.23076923076923078,5726.333333333333,4285.105781139546,3.0,0.8954166666666666,48,金毛,0.6115873137444495,0.6108739004393364,0.924178126907828,0.8381689466600771,0.059638272366761114,0.2061374611677839,0.5036949629879893,0.46225349532387977,cyclical_long_period_three_cycles_goldenretriever_10,2026-02-17,C1,answered_consistent,1,0,0,0,1,0,1,0,0,S0
26.0,1.291604570293095,2.756347895533689,0.13692736689188717,6.360802835846974,6.739150218928854,8.675847371793502,1.837877576923311,0.4230769230769231,3394.0,3306.008929207542,11.0,0.83875,50,金毛,0.7491894170215483,0.6385081870363017,0.9400979161168053,0.8654753721016731,0.48659749860020673,0.30534681952497433,0.4802233197927518,0.46324257704612704,cyclical_long_period_three_cycles_goldenretriever_10,2026-02-19,C1,answered_consistent,1,0,0,0,1,0,0,0,0,S0
20.0,1.2084592145015105,1.7760086049212307,0.10731169818255169,5.328025814763692,5.538792207924991,8.611911090752828,1.8426028528167517,0.2,4109.684210526316,4236.962045376524,4.0,0.6895833333333333,51,金毛,0.9503649796031747,0.7422531277438826,0.9342009546074801,0.8953220447854146,0.5207005506220614,0.3615948161540883,0.47607163745567305,0.455198564474393,cyclical_long_period_three_cycles_goldenretriever_10,2026-02-20,C1,answered_consistent,2,1,2,0,1,1,0,0,1,S1
16.0,0.825593395252838,1.4121585953609965,0.07286680058622273,5.295594732603737,5.133766596839735,8.271595523142167,1.5600463138662015,0.25,5557.133333333333,6201.684038674943,4.0,0.8075,52,金毛,1.1085523933491477,0.7873500393279586,0.9032508855296373,0.8903934470460548,0.24855106819359735,0.34718711274634206,0.46734386532384453,0.45512390989461604,cyclical_long_period_three_cycles_goldenretriever_10,2026-02-21,C1,answered_consistent,2,1,0,0,0,0,0,0,0,S0
35.0,2.147239263803681,3.572873504619797,0.21919469353495685,6.124926007919652,6.3515818007604405,8.623365232609329,1.7199425909370174,0.4,2490.029411764706,3043.48820275542,12.0,0.6791666666666667,53,金毛,1.3937639578526764,1.014733426220548,0.9641010624038454,0.9316505528715837,0.6800296584677096,0.5995666400600659,0.56712982262735,0.5097405125211261,cyclical_long_period_three_cycles_goldenretriever_10,2026-02-22,C2,answered_consistent,3,1,2,0,1,2,1,2,3,S2
24.0,1.2115093387178193,2.392192201750715,0.12075679968453887,5.980480504376787,6.207738365994631,8.640033140676618,1.6804769306794205,0.25,3726.1739130434785,3596.7305885033975,6.0,0.8254166666666666,54,金毛,1.3947806659247795,1.0914813519057849,0.9237982758057742,0.9299611433742642,0.6796162409746614,0.5828746676790877,0.5233744205944173,0.5086901445081696,cyclical_long_period_three_cycles_goldenretriever_10,2026-02-23,C1,answered_consistent,2,1,2,0,2,2,1,1,2,S2
26.0,1.527614571092832,2.5275842781743645,0.1485067143463199,5.832886795786995,5.855546533394312,8.299929004417425,1.334778512480211,0.2692307692307692,3013.12,2913.593922563678,7.0,0.7091666666666666,55,金毛,1.6287877245381106,1.2232930725252422,0.9170834864822892,0.9304647200217061,0.47599855925080825,0.5583188138074044,0.5142564200767781,0.5092938400834425,cyclical_long_period_three_cycles_goldenretriever_10,2026-02-24,C2,answered_consistent,2,1,1,1,1,1,0,0,1,S1
16.0,0.8524240809802877,1.535532134874827,0.08180778555539835,5.758245505780601,5.0404295108669155,8.52183633754984,1.8431409765614866,0.1875,5024.4,3657.0062947717224,3.0,0.7820833333333334,56,金毛,1.1971826635969796,1.2949206335202947,0.9038968467639501,0.9168973279267584,0.33782316335565055,0.4492788275031081,0.5133100137315963,0.5056360210779319,cyclical_long_period_three_cycles_goldenretriever_10,2026-02-25,C2,answered_consistent,2,1,1,0,1,1,0,0,1,S1
9.0,0.5208333333333333,0.5858314858005478,0.03390228505790207,3.905543238670319,4.0276333673853095,5.863330936011911,1.0430888493960475,0.2222222222222222,7359.5,3696.724259395066,2.0,0.7200000000000001,58,金毛,0.6425270464563511,1.0913625297480318,0.9168078287459573,0.8835750636737806,0.18254581729221372,0.5861265269632875,0.5017156343728718,0.5079406963879639,cyclical_long_period_three_cycles_goldenretriever_10,2026-02-27,C1,answered_consistent,1,1,0,0,0,0,0,0,0,S0
3.0,0.1763668430335097,0.08378402258152579,0.0049255745197839965,1.6756804516305157,1.5177534376313888,2.0597621225764287,0.3343692573832136,0.6666666666666666,17229.0,13035.0,2.0,0.7087500000000001,8,马尔济斯,0.09784973147468205,0.057085825472591764,0.0561138053753028,,0.06800163355370546,0.059075610551944095,0.05476244367969673,,cyclical_short_period_severe_maltese_11,2026-01-08,C1,answered_consistent,0,1,1,0,2,0,0,1,2,S1
5.0,0.22281639928698752,0.3693559257216363,0.016459711484921404,4.432271108659636,4.370342414108809,5.0,0.5005153898399868,0.8,5099.5,8402.073687489297,3.0,0.935,23,马尔济斯,0.09190881739901346,0.06145932937187336,0.048446854864280735,0.05296700401482471,0.11641505345767628,0.08039931925162994,0.06154325271529996,0.057226968565826326,cyclical_short_period_severe_maltese_11,2026-01-23,C2,answered_consistent,0,1,2,1,3,3,2,3,3,S2
5.0,0.3065603923973023,1.5031339159383845,0.09216026461915296,18.037606991260613,4.401444474108166,75.0,31.85719977512145,0.6,10798.25,11498.346976304898,3.0,0.6795833333333333,24,马尔济斯,0.1940956148647809,0.09715519365668397,0.07034402574980234,0.06353339519742794,0.12924119418308302,0.12241780810540723,0.09063923866908355,0.07623716147810373,cyclical_short_period_severe_maltese_11,2026-01-24,C2,answered_consistent,0,0,2,0,2,2,1,0,3,S2
7.0,0.36706869428421607,0.494144335676229,0.025912130869230676,4.2355228772248195,4.748251223484406,5.176687240456671,1.0522836076867579,0.8571428571428571,4829.0,9996.590001928991,6.0,0.7945833333333333,25,马尔济斯,0.298815161989502,0.14959357855442912,0.09267065299820779,0.07567480716089947,0.07243737017965453,0.14948935031173424,0.12013351574797296,0.09620437032162363,cyclical_short_period_severe_maltese_11,2026-01-25,C2,answered_consistent,1,0,2,0,3,3,2,2,3,S2
4.0,0.19598236158745713,0.20257646581450797,0.009925353543092012,3.0386469872176196,2.9769764316107787,4.3688136968118485,1.0588531004615698,0.0,14517.666666666666,20029.759964168872,0.0,0.8504166666666667,30,马尔济斯,0.06532745386248572,0.13863112855455412,0.10004522896321374,0.07295529974076158,0.11315046921893694,0.15425066105764534,0.12477305703337456,0.09362257423012005,cyclical_short_period_severe_maltese_11,2026-01-30,C1,answered_consistent,0,1,1,0,2,1,0,1,1,S1
4.0,0.17675651789659744,0.17977460040511192,0.007944083093464956,2.696619006076679,2.3397264571812517,3.982133817955779,0.8769942857638506,0.75,3364.3333333333335,4243.150113876351,3.0,0.9429166666666666,31,马尔济斯,0.12424629316135154,0.12008771791159627,0.1086214557841401,0.07720352818083881,0.10802899744817926,0.137602022593011,0.12568681177941904,0.09538751440856243,cyclical_short_period_severe_maltese_11,2026-01-31,C2,answered_consistent,1,0,2,1,3,3,2,2,3,S2
4.0,0.23894862604540026,0.28587652373872874,0.01707745064150112,4.288147856080931,4.778203677148436,5.042522911006001,1.1682923306801756,0.0,10943.333333333334,14948.009284033627,0.0,0.6974999999999999,32,马尔济斯,0.20389583517648494,0.10178485102033687,0.12568921478738299,0.08310705174949297,0.031842296983435006,0.10359315290071937,0.12602548692372906,0.09978330658168659,cyclical_short_period_severe_maltese_11,2026-02-01,C1,answered_consistent,0,0,0,0,0,0,1,0,1,S0
3.0,0.14705882352941177,0.2167739250390945,0.010626172796034046,4.33547850078189,4.521794443171142,5.025767579828561,0.7998903070565908,1.0,41779.0,28162.0,3.0,0.85,37,马尔济斯,0.0781826291321428,0.10054908562834965,0.11959010709145187,0.08733196638841273,0.0739698025552963,0.09103210516278655,0.12327471217992132,0.10008153861303111,cyclical_short_period_severe_maltese_11,2026-02-06,C1,answered_consistent,0,1,1,1,1,1,0,1,0,S1
5.0,0.282326369282891,0.24507025528337528,0.013837959078677317,2.940843063400503,2.9528579325748243,3.746049473006817,0.5700714681973814,0.8,4960.5,7961.966135949085,4.0,0.7379166666666667,38,马尔济斯,0.17229141889310648,0.11563049296924872,0.11785910544042251,0.09086395059672545,0.09983940503138346,0.11207462633623554,0.12058822653662189,0.10507706158863152,cyclical_short_period_severe_maltese_11,2026-02-07,C2,answered_consistent,1,1,2,0,2,2,1,1,3,S2
5.0,0.2669514148424987,0.33647882595797246,0.017964699730804723,4.037745911495669,4.596129356642167,4.812065860371007,1.0524520256201686,0.8,13800.75,23265.633124578835,4.0,0.7804166666666666,39,马尔济斯,0.23211220255160048,0.11963089136883422,0.11070787119458554,0.09672650838352155,0.07405845845229363,0.11757477645462898,0.10685968526855402,0.1098855424009735,cyclical_short_period_severe_maltese_11,2026-02-08,C2,answered_consistent,0,1,2,0,3,3,2,2,3,S2
56.0,2.7118644067796613,4.954419861493488,0.2399234799754716,5.3083069944573085,5.418689036910951,7.989045534010924,1.8798250584107619,0.8214285714285714,1081.0727272727272,3552.8628551406277,10.0,0.8604166666666666,1,比熊,,,,,,,,,decline_fast_recovery_bichon_02,2026-01-01,C2,answered_conflicting_better,4,1,0,0,0,0,0,0,0,S1
54.0,2.463503649635036,4.752743301568812,0.21682223091098596,5.280825890632014,5.548562561729476,8.064956069231075,1.8357469092620966,0.8148148148148148,1190.4528301886792,3059.3695895577666,10.0,0.9133333333333334,2,比熊,2.5876840282073488,,,,0.17561757555758972,,,,decline_fast_recovery_bichon_02,2026-01-02,C2,answered_conflicting_better,4,1,1,1,1,1,0,0,2,S1
51.0,2.5822784810126582,4.379069610034116,0.2217250435460312,5.151846600040136,5.25313361964638,8.093569808136152,1.8024990503191807,0.803921568627451,1510.44,4117.625321274388,10.0,0.8229166666666666,3,比熊,2.5858821791424518,2.5858821791424518,,,0.12421958944756208,0.12421958944756208,,,decline_fast_recovery_bichon_02,2026-01-03,C2,answered_conflicting_better,3,0,1,0,0,1,0,0,0,S1
28.0,1.2681159420289856,2.444253950037289,0.11069990715748593,5.237687035794191,5.6910674653057995,7.972042523475085,1.7230557842867107,0.0,1199.0,1709.2741582754209,0.0,0.9199999999999999,4,比熊,2.104632690892227,2.2564406198640854,,,0.7268748643946499,0.6666438090820265,,,decline_fast_recovery_bichon_02,2026-01-04,C1,answered_conflicting_better,3,0,0,0,0,0,0,0,1,S0
25.0,1.191043353978085,2.317587615086739,0.11041389304843921,5.562210276208174,5.4893058983483805,8.183351446406748,1.9731975050719812,0.6,2910.5,3683.425568226765,9.0,0.8745833333333333,5,比熊,1.6804792590065762,2.043361166686885,,,0.7819312140881043,0.7485484239326258,,,decline_fast_recovery_bichon_02,2026-01-05,C2,answered_conflicting_better,2,1,0,0,0,0,0,1,0,S1
41.0,2.1936864633493847,3.5092528332313875,0.18776098626171148,5.135491951070323,5.183820738507712,7.989733714083227,1.7043813359261688,0.7560975609756098,1704.05,4212.984873875053,10.0,0.77875,6,比熊,1.5509485864521517,2.0684153827973017,,,0.5579597026273382,0.6723288457645255,,,decline_fast_recovery_bichon_02,2026-01-06,C2,answered_conflicting_better,2,1,0,0,1,0,0,0,0,S1
44.0,2.573099415204678,3.884371382421849,0.22715622119426016,5.296870066938886,5.184925190381585,8.18536252050066,1.756381883613117,0.0,1048.6511627906978,2244.768169349912,0.0,0.7125,7,比熊,1.985943077510716,2.1405131017126413,2.1405131017126413,,0.7140642302083731,0.6427090826199022,0.6427090826199022,,decline_fast_recovery_bichon_02,2026-01-07,C1,answered_conflicting_better,3,0,0,1,0,0,0,0,0,S0
18.0,0.9146341463414634,1.4895792667266758,0.07569000339058313,4.9652642224222525,4.604830172529092,7.541360784524807,1.4952294843320355,0.4444444444444444,3627.294117647059,5596.298627241002,8.0,0.82,8,比熊,1.8938066749651756,1.8837659216500418,1.9872782322912441,,0.868949180112049,0.7295378545606986,0.736146491716142,,decline_fast_recovery_bichon_02,2026-01-08,C1,answered_conflicting_better,1,0,0,1,0,0,0,0,1,S0
25.0,1.392757660167131,2.3583085118836995,0.1313820897985348,5.659940428520879,5.732487174763851,7.9970801769999955,1.7410959461412137,0.6,2387.125,4349.017363272038,10.0,0.7479166666666667,9,比熊,1.6268304072377575,1.7308022088689123,1.9212203909441203,,0.853650572656796,0.6993521865534935,0.7165510768526636,,decline_fast_recovery_bichon_02,2026-01-09,C2,answered_conflicting_better,2,1,1,0,1,1,0,0,1,S1
21.0,1.0802469135802468,1.811471189262383,0.09318267434477277,5.175631969321094,5.615600144882143,8.079553153803861,1.9610035306705769,0.5238095238095238,3289.85,4275.992122010984,10.0,0.81,10,比熊,1.1292129066962804,1.5162262706642822,1.837123043207733,,0.24279368809676863,0.6205469902207844,0.7260300205437048,,decline_fast_recovery_bichon_02,2026-01-10,C1,answered_conflicting_better,1,0,0,0,1,0,0,0,0,S0
50.0,2.36630383341221,4.259437651095697,0.20158247283936095,5.111325181314836,5.32534908177535,8.121237026484264,1.8341121221320023,0.0,838.4285714285714,2391.2361332369414,0.0,0.8804166666666666,11,比熊,1.6131028023865295,1.6731102551476,1.8852303877717764,,0.6707455452976817,0.6830393397446513,0.7070113961377587,,decline_fast_recovery_bichon_02,2026-01-11,C1,answered_conflicting_better,3,1,0,0,0,0,0,0,0,S0
31.0,1.4664143803216652,2.612583089177617,0.12358481973404055,5.056612430666355,5.236834092689488,8.044811190710943,2.0399981861806067,0.6774193548387096,2437.766666666667,4982.449649742807,10.0,0.8808333333333334,12,比熊,1.6376550424380405,1.7124489731966828,1.8503290538176005,,0.6599076628843313,0.6581233904235484,0.6848650001969007,,decline_fast_recovery_bichon_02,2026-01-12,C2,answered_conflicting_better,2,0,0,0,0,0,1,0,0,S1
91.0,4.527363184079602,7.804220760044251,0.3882696895544403,5.145640061567638,5.113236756489766,7.976805819538998,1.6500405320149758,0.0,467.81111111111113,1639.7395178939885,0.0,0.8375,13,比熊,2.786693799271159,2.0458313618724278,2.0562547561454467,,1.5731807548253793,1.2591600477622393,0.9905672766399867,,decline_fast_recovery_bichon_02,2026-01-13,C2,answered_conflicting_better,4,0,1,0,1,1,0,0,1,S1
15.0,0.8586147681740126,1.3606775097283328,0.07788652030499903,5.442710038913331,5.580567239226167,7.993697433880474,1.4659362366278845,0.3333333333333333,3798.714285714286,3968.04033009047,5.0,0.7279166666666667,14,比熊,2.284130777525093,1.8009049837251905,1.9707090427189158,,1.9663224085825695,1.3054024462839962,1.0040905156940851,,decline_fast_recovery_bichon_02,2026-01-14,C1,answered_conflicting_better,2,1,0,0,1,1,0,0,0,S0
45.0,1.9693654266958422,3.6727006667565587,0.160730882571403,4.896934222342078,4.645912476599722,7.669799608984845,1.6231759937118269,0.7777777777777778,1764.9318181818182,4963.103104628134,10.0,0.9520833333333334,15,比熊,2.4517811263164857,1.9515808809186728,1.9176734012843573,1.9706194683173774,1.881348562928411,1.2455543359129326,0.9812818363338423,0.9675658934053828,decline_fast_recovery_bichon_02,2026-01-15,C2,answered_conflicting_better,3,1,1,1,1,1,0,0,1,S1
45.0,2.0519835841313268,4.055274802295158,0.18491905163224615,5.407033069726878,5.289687669219218,8.071317169407838,1.7629160029234683,0.7777777777777778,1368.3636363636363,2762.5862231785395,10.0,0.91375,16,比熊,1.626654593000394,2.0457560129135577,1.8882791108912351,1.9757047255557494,0.6664235285267277,1.220938726597049,0.9697697892972464,0.9349787510962408,decline_fast_recovery_bichon_02,2026-01-16,C2,answered_conflicting_better,4,1,2,1,2,1,0,0,1,S1
29.0,1.455092824887105,2.4228621842322493,0.12156859930919464,5.0128183122046535,5.303642123082201,7.939142782059567,1.6957957880746881,0.6551724137931034,2108.535714285714,4100.105342567806,10.0,0.8304166666666667,17,比熊,1.825480611904758,2.099305428814538,1.8077658497394098,1.9450804961046528,0.3234142460736471,1.1790356685173795,0.9543889150249304,0.9140525281623268,decline_fast_recovery_bichon_02,2026-01-17,C2,answered_conflicting_better,3,1,0,0,0,1,0,0,0,S1
33.0,1.6121152906692722,2.4813878725718355,0.12122070701376823,4.511614313766973,4.27388800810105,7.527648786523874,1.7564553284649074,0.0,918.65625,2290.2258432490753,0.0,0.8529166666666667,18,比熊,1.7063972332292348,1.9915642084226892,1.8323372317851447,1.9265824291360205,0.3094130865646242,1.185014735102829,0.9437959848621821,0.8902273008884508,decline_fast_recovery_bichon_02,2026-01-18,C1,answered_conflicting_better,3,1,0,0,0,0,0,0,0,S0
78.0,4.66786355475763,7.054575206043022,0.42217685254596177,5.426596312340785,5.7590443256150134,8.147611056058745,1.7336727329855297,0.0,697.0,2279.32041022484,0.0,0.69625,19,比熊,2.5783572234380023,2.44891409048497,2.0806815318408267,2.0708603831161048,1.8112679385333033,1.519219809713009,1.1879285268878337,1.0695714297688919,decline_fast_recovery_bichon_02,2026-01-19,C2,answered_conflicting_better,4,1,1,1,1,1,0,0,1,S1
17.0,0.8564231738035264,1.399071948918916,0.07048221405133077,4.93790099618441,4.252725232661551,8.14157397356118,1.7265029875361508,0.4117647058823529,4118.5625,5617.357185197836,7.0,0.8270833333333334,20,比熊,2.3788006730768094,1.9244940890169595,1.9851627254446935,2.010138522650476,2.0180744042502328,1.2999445693834533,1.231121097097614,1.0758793130663051,decline_fast_recovery_bichon_02,2026-01-20,C1,answered_conflicting_better,2,1,0,0,0,0,0,0,1,S0
79.0,3.436276642018269,6.793212819222197,0.2954855510753457,5.159402141181416,5.100156843928279,8.020280694254053,1.7928338549319611,0.8734177215189873,916.1025641025641,2760.899647085253,10.0,0.9579166666666666,21,比熊,2.9868544568598083,2.2927314995661385,2.0468182416456644,2.07804986166799,1.9450590401775316,1.3127154761587378,1.2833373390248592,1.0938425073016724,decline_fast_recovery_bichon_02,2026-01-21,C2,answered_conflicting_better,4,1,1,0,1,1,0,0,0,S1
49.0,2.3377862595419847,4.239405397189469,0.20226170788117698,5.191108649619758,5.049905722955852,7.916029353950283,1.5647720972504244,0.02040816326530612,1446.8125,3360.5419060538065,1.0,0.8733333333333334,22,比熊,2.21016202512126,2.3453630471155877,2.1484719640171304,2.0898560615713535,1.2946532115873792,1.3049524438212774,1.2424716151077924,1.0689163429368052,decline_fast_recovery_bichon_02,2026-01-22,C1,answered_conflicting_better,3,0,0,1,0,0,0,0,0,S0
21.0,0.9606587374199451,2.8849609279812487,0.1319744248847781,8.242745508517853,5.0529009592643455,75.0,15.390358413966837,0.0,2470.6,3005.3250473118546,0.0,0.9108333333333333,23,比熊,2.2449072129934,2.18945949758539,2.117607755249474,2.040760525738684,1.2404196428458312,1.4070417183169976,1.2677971218251922,1.0705536622218588,decline_fast_recovery_bichon_02,2026-01-23,C1,answered_conflicting_better,2,1,0,0,0,0,0,0,0,S0
44.0,2.4957458876914353,2.957935119068452,0.1677785093062083,4.033547889638798,3.884931687684154,6.623465846219807,1.4947524364127371,0.7727272727272727,1440.1860465116279,4130.162220226549,10.0,0.7345833333333333,25,比熊,1.4667565011341628,2.2426598762177,2.1171120423201946,2.0150841143188902,0.8911705093088229,1.450946988788693,1.279354228341056,1.0529241613581373,decline_fast_recovery_bichon_02,2026-01-25,C1,answered_conflicting_better,3,0,0,0,0,0,0,0,0,S0
21.0,1.2765957446808511,1.4200587775778675,0.08632576155488557,4.057310793079621,4.379191451626256,5.925220554907875,1.3852482752129622,0.5238095238095238,3860.0,6995.761159445054,10.0,0.6854166666666667,26,比熊,1.572068836887798,1.7581930462067312,2.1035535683458506,1.9866807154866584,0.8170446303587696,1.0033438463310373,1.287758956443313,1.0417671993706952,decline_fast_recovery_bichon_02,2026-01-26,C1,answered_conflicting_better,2,2,1,0,0,0,0,0,0,S0
14.0,0.6631927996210327,0.80333614955179,0.038054767861288016,3.4428692123648146,3.138133159045159,5.554519116732318,1.3816655782177447,0.2857142857142857,5608.153846153846,6214.863360663369,4.0,0.8795833333333333,27,比熊,1.4785114773311063,1.7305887070378037,1.8275413980273816,1.9376626445286722,0.932813045292497,1.03446410315391,1.1331178472611618,1.052811581524351,decline_fast_recovery_bichon_02,2026-01-27,C1,answered_conflicting_better,1,0,0,0,0,0,0,1,0,S0
27.0,1.582649472450176,1.602662337770903,0.09394269271810687,3.5614718617131182,3.792248538169304,4.952293657395705,1.1448999149988537,0.6296296296296297,2709.6153846153848,5244.237028006759,10.0,0.7108333333333333,28,比熊,1.17414600558402,1.4657848256709334,1.8792581626185358,1.924983602668726,0.4682116028926133,0.7120817954851202,1.1015770944067151,1.0353072724498995,decline_fast_recovery_bichon_02,2026-01-28,C1,answered_conflicting_better,2,0,0,0,0,0,0,0,1,S0
20.0,0.9442870632672332,0.9066977183173106,0.042809146285047714,2.7200931549519316,2.76541201155619,3.9850160201955793,0.966870631471937,0.25,4145.105263157895,3211.0416394018152,5.0,0.8825,30,比熊,0.9438350212120636,1.172986339131517,1.6812229183584535,1.8382798821970112,0.6390405921771205,0.7126348486873478,1.1942796616946934,1.0554004905644763,decline_fast_recovery_bichon_02,2026-01-30,C1,answered_conflicting_better,2,0,1,0,1,0,0,0,0,S0
17.0,1.0185739964050329,0.6736346706132014,0.04036157403314568,2.3775341315760046,2.6646563296551773,3.774433541540652,0.9396078685730149,0.11764705882352941,3404.125,2378.9347898534334,2.0,0.6954166666666667,33,比熊,0.6290886491978701,0.7688519729786906,1.263522509592711,1.6426005292025532,0.33956160158197474,0.4488823791526643,0.9061733041422346,1.0837827952927257,decline_fast_recovery_bichon_02,2026-02-02,C1,answered_conflicting_better,2,0,1,1,0,0,1,0,0,S0
9.0,0.40431266846361186,0.332431367064742,0.014934023677661366,2.216209113764947,1.5250542157279323,3.9352887292420906,1.1689454598355198,0.2222222222222222,8638.75,5828.408160681611,2.0,0.9275000000000001,34,比熊,0.6060478606215641,0.7318690970990591,1.2312289020684315,1.613807086750374,0.35728680522375483,0.46924109896476357,0.9295516762850605,1.1053352670348389,decline_fast_recovery_bichon_02,2026-02-03,C1,answered_conflicting_better,1,0,0,0,0,1,0,0,1,S0
12.0,0.544464609800363,0.48359467978484055,0.02194168238588206,2.4179733989242025,2.289074436124194,3.849327442708733,0.9737542258290508,0.3333333333333333,6618.909090909091,4173.765891734737,4.0,0.9183333333333333,39,比熊,0.45910647126127246,0.49056456381503816,0.6481383932737085,1.4053352281769032,0.0888151743518711,0.2511818707601155,0.40392986843038436,1.1677794213965844,decline_fast_recovery_bichon_02,2026-02-08,C1,answered_conflicting_better,1,0,0,0,0,0,0,0,0,S0
6.0,0.31023784901758017,0.3351447870768161,0.01732909964202772,3.3514478707681614,3.316898660847585,4.217243831575995,0.6178706532177772,0.6666666666666666,5591.6,7913.028664171514,4.0,0.8058333333333333,1,马尔济斯,,,,,,,,,decline_incomplete_maltese_03,2026-01-01,C1,answered_conflicting_worse,1,1,2,0,3,3,2,2,3,S2
7.0,0.38631346578366443,0.36315352651170774,0.020041585348328242,3.112744512957495,2.8167709338829945,4.17580417561186,0.6160543461445804,0.7142857142857143,4898.166666666667,6495.355171624994,5.0,0.755,2,马尔济斯,0.3482756574006223,,,,0.05379358449824721,,,,decline_incomplete_maltese_03,2026-01-02,C1,answered_conflicting_worse,1,0,2,0,1,2,1,0,2,S2
8.0,0.36496350364963503,0.43493610865084426,0.019841975759618807,3.262020814881332,3.3295998217184155,4.391902475252143,0.7661605984105853,0.75,6597.285714285715,12503.346817258693,6.0,0.9133333333333334,3,马尔济斯,0.35383827281695984,0.35383827281695984,,,0.03923904863009883,0.03923904863009883,,,decline_incomplete_maltese_03,2026-01-03,C1,answered_conflicting_worse,1,1,2,0,3,3,3,1,3,S2
4.0,0.21186440677966104,0.20583885728460677,0.01090248184770163,3.0875828592691015,3.2834168054666804,3.865717922231096,0.9117385043633542,1.0,3989.0,3664.920462984156,3.0,0.7866666666666666,4,马尔济斯,0.3210471254043202,0.3183448063076352,,,0.09515568693191562,0.07788204725303766,,,decline_incomplete_maltese_03,2026-01-04,C1,answered_conflicting_worse,0,1,1,1,3,2,2,2,2,S2
8.0,0.4540295119182747,0.3682898500688998,0.02090180760890464,2.7621738755167486,2.6846588668860383,4.300795354269941,0.7535989078248044,0.75,10101.714285714286,15548.013577434309,6.0,0.7341666666666667,7,马尔济斯,0.1690736670933256,0.2543714609300739,0.2543714609300739,,0.2482079949559529,0.17301674001307796,0.17301674001307796,,decline_incomplete_maltese_03,2026-01-07,C1,answered_conflicting_worse,1,0,2,0,2,2,1,1,2,S2
7.0,0.3280224929709466,0.3702115971134456,0.017348247287415446,3.173242260972391,3.233136801692123,4.212928737210484,0.8475356859155406,0.7142857142857143,3205.1666666666665,4017.7329186439906,5.0,0.8891666666666667,9,马尔济斯,0.2774176027006909,0.20889602969901014,0.23986928029936838,,0.20661570047583713,0.17875170677954363,0.1676402646869467,,decline_incomplete_maltese_03,2026-01-09,C1,answered_conflicting_worse,1,1,2,1,1,2,0,1,1,S2
7.0,0.31055900621118016,0.3552488975274726,0.01576082065339275,3.0449905502354793,3.1661077140320475,4.048449569199654,0.9276524721936508,0.7142857142857143,5526.0,9667.557516422301,5.0,0.9391666666666666,10,马尔济斯,0.22959410079832607,0.20112395863637372,0.24693825289054958,,0.15560433720303268,0.17188586562375532,0.159625742970172,,decline_incomplete_maltese_03,2026-01-10,C1,answered_conflicting_worse,0,0,2,0,2,2,1,1,2,S2
5.0,0.29886431560071725,0.25226287883335935,0.015078474526799722,3.0271545460003124,3.56983325830281,4.2136690472718845,1.0974359902865072,0.6,4285.75,5188.160915729195,3.0,0.6970833333333334,11,马尔济斯,0.312481938260948,0.21355251703938175,0.25165880404601937,,0.014673891019066174,0.1758906106612506,0.1522414518855721,,decline_incomplete_maltese_03,2026-01-11,C1,answered_conflicting_worse,1,0,1,1,2,2,1,1,3,S2
6.0,0.26155187445510025,0.2622028926927794,0.011429943011890993,2.622028926927794,2.647414222401589,3.975942971875437,0.9893403887839817,0.6666666666666666,10778.6,17109.285895092176,4.0,0.9558333333333334,12,马尔济斯,0.29032506542233255,0.24331828633843863,0.2524832265801094,,0.025595191656758498,0.1612510017919545,0.1451846202392639,,decline_incomplete_maltese_03,2026-01-12,C1,answered_conflicting_worse,1,1,2,0,2,2,2,3,3,S2
6.0,0.32379924446842956,0.292788203414611,0.015800766509153318,2.92788203414611,2.852511109575253,4.315873660429077,1.379723151020287,0.6666666666666666,4888.4,5905.284094774781,4.0,0.7720833333333333,13,马尔济斯,0.294738478174749,0.28957532126249996,0.2579690741099802,,0.03132811308143527,0.12131688304363608,0.14040389925173208,,decline_incomplete_maltese_03,2026-01-13,C1,answered_conflicting_worse,1,0,2,1,3,3,2,1,2,S2
6.0,0.32661948829613496,0.28071351766565605,0.015281084249627439,2.8071351766565606,2.5078381507718923,4.370669630086451,0.936907606115218,0.6666666666666666,9192.2,11716.694250512812,4.0,0.7654166666666667,14,马尔济斯,0.3039902024065549,0.27137388931648004,0.262872675123277,,0.03677971184360088,0.10026195795790015,0.13613774252811026,,decline_incomplete_maltese_03,2026-01-14,C1,answered_conflicting_worse,1,1,2,1,3,3,2,2,3,S2
7.0,0.35750766087844743,0.3742682304738692,0.01911482280254695,3.208013404061736,3.3683079105624665,3.992276640576944,0.731730337110843,0.7142857142857143,9173.166666666666,12652.502722342679,5.0,0.8158333333333333,17,马尔济斯,0.24586610006375462,0.27834760328737795,0.23973578096187584,0.25987151481865534,0.09676471906261135,0.06707088840055286,0.13159721436102154,0.12756779529694928,decline_incomplete_maltese_03,2026-01-17,C1,answered_conflicting_worse,1,1,2,1,2,2,1,2,2,S2
5.0,0.26666666666666666,0.32349068303833395,0.017252836428711144,3.8818881964600074,4.035813966695814,4.156261528742044,0.32165987620987085,0.6,12277.25,13635.476804552894,3.0,0.78125,18,马尔济斯,0.270092848635799,0.2737479391539422,0.24365022809666195,0.260249023254656,0.08575307031682429,0.06653123934193411,0.13151943036191488,0.12376930323893645,decline_incomplete_maltese_03,2026-01-18,C1,answered_conflicting_worse,1,0,1,0,3,3,3,2,3,S2
6.0,0.3510825043885313,0.2939709619326852,0.017201343588805453,2.9397096193268517,2.6640544896072393,4.171313637293885,0.928134369239395,0.6666666666666666,11579.8,22299.32773336452,4.0,0.7120833333333333,20,马尔济斯,0.24722163611794498,0.2579832424058905,0.27377928183419525,0.2579740330135488,0.11482494035399754,0.0918288278450233,0.1046588327234929,0.12293649660544725,decline_incomplete_maltese_03,2026-01-20,C1,answered_conflicting_worse,1,0,1,1,3,2,1,2,3,S2
5.0,0.21767522855899,0.23965604282106506,0.010433436779323686,2.875872513852781,2.5544736007552764,4.198187030300072,1.0759487005778778,0.6,8192.75,8218.114849982325,3.0,0.9570833333333333,21,马尔济斯,0.2308911567487194,0.24241977672915552,0.25689683302281774,0.25605504232523646,0.1141585764888281,0.08738178035077356,0.09159375471233895,0.1201459367529277,decline_incomplete_maltese_03,2026-01-21,C1,answered_conflicting_worse,1,1,2,0,3,3,2,2,2,S2
6.0,0.35398230088495575,0.3359172450247614,0.019818126550133416,3.359172450247614,3.2238420996399255,5.0,1.0690368472645242,0.6666666666666666,14545.4,16941.904598952267,4.0,0.7062499999999999,22,马尔济斯,0.30758001127749235,0.2652763310055016,0.27859551142796807,0.26050628135067827,0.07787332451922147,0.09332461764717381,0.07294523184572171,0.11909475473213128,decline_incomplete_maltese_03,2026-01-22,C1,answered_conflicting_worse,1,0,2,0,2,3,1,2,3,S2
7.0,0.358974358974359,0.3097941785832475,0.01588688095298705,2.6553786735706923,2.405944401640688,3.97074220715414,0.9492607110873506,0.7142857142857143,8840.0,17182.224846237656,5.0,0.8125,26,马尔济斯,0.16789430216138737,0.22592310000093738,0.24000436692340668,0.2457638406111156,0.16738897485239532,0.13121027301164534,0.10821129593227397,0.1241122743589039,decline_incomplete_maltese_03,2026-01-26,C1,answered_conflicting_worse,1,0,1,1,3,2,2,2,2,S2
7.0,0.3330161750713606,0.3009838410971833,0.014318926788638596,2.5798614951187138,2.6897406762392504,3.466048022492437,0.7180565132527827,0.7142857142857143,7192.5,10175.690832403796,5.0,0.8758333333333334,27,马尔济斯,0.26318383655182526,0.22334219581277015,0.2406627191093303,0.24899540855408767,0.14401963712585314,0.12848750731694084,0.1087868227106449,0.12285504657385515,decline_incomplete_maltese_03,2026-01-27,C1,answered_conflicting_worse,1,1,2,1,2,3,1,2,2,S2
3.0,0.16901408450704225,0.10787275135057647,0.00607733810425783,2.1574550270115296,2.190461234778553,2.3851655698541188,0.2458807893281429,1.0,2929.5,2696.5,2.0,0.7395833333333334,31,马尔济斯,0.24081610173275544,0.2302429588802597,0.22337210582496914,0.2411595794816376,0.17020903754152325,0.1414552065917695,0.12443096860969732,0.12693557534323227,decline_incomplete_maltese_03,2026-01-31,C1,answered_conflicting_worse,0,1,1,1,3,3,2,1,2,S2
4.0,0.18867924528301888,0.43123837120306074,0.02034143260391796,6.468575568045911,6.7604419167169905,7.392290202021503,1.067897294600063,0.5,25776.666666666668,19052.22339314292,2.0,0.8833333333333333,1,金毛,,,,,,,,,decline_moderate_recovery_goldendoodle_03,2026-01-01,C1,answered_consistent,0,1,2,0,2,2,1,1,2,S2
19.0,0.878409616273694,1.6707662964072887,0.07724300954263934,5.276104093917754,5.149865772290722,7.015534458052974,0.9470436874183746,0.3684210526315789,4422.055555555556,3917.151607882417,7.0,0.90125,2,金毛,0.5335444307783564,,,,0.48771302251781956,,,,decline_moderate_recovery_goldendoodle_03,2026-01-02,C1,answered_consistent,2,1,1,0,0,1,0,0,0,S1
13.0,0.7202216066481995,1.0201103394135738,0.056515808277760315,4.7082015665241865,4.021121923708603,7.282043891849823,1.6812444757790037,0.46153846153846156,6693.583333333333,4722.0707402991,6.0,0.7520833333333333,4,金毛,0.6794777706606054,0.5567781393162088,,,0.22212425770361657,0.3051451928210435,,,decline_moderate_recovery_goldendoodle_03,2026-01-04,C1,answered_consistent,2,1,0,0,0,0,0,0,0,S0
8.0,0.3626473254759746,0.7027292471816925,0.031855360253023234,5.270469353862694,4.985939012651098,7.062460295382121,1.3289129592339264,0.625,9274.42857142857,6875.183256926795,4.0,0.9191666666666666,5,金毛,0.5075570070613656,0.5179519765481619,,,0.18816983903908463,0.2781592099909658,,,decline_moderate_recovery_goldendoodle_03,2026-01-05,C1,answered_consistent,1,0,2,1,2,2,1,1,2,S2
10.0,0.6060606060606061,0.9123766612503729,0.055295555227295325,5.4742599675022365,5.588365124169849,7.74005075081555,1.6224748138000922,0.5,7063.333333333333,9230.46547520161,5.0,0.6875,6,金毛,0.56297651272826,0.5326367481335693,,,0.18263904555888663,0.2513799752990124,,,decline_moderate_recovery_goldendoodle_03,2026-01-06,C1,answered_consistent,1,1,1,1,1,1,0,0,0,S1
16.0,0.9679370840895342,1.4774702475763193,0.08938114020425403,5.540513428411197,4.733971480584971,8.161286569526306,1.8900023813055211,0.25,5257.333333333333,4927.245067535768,4.0,0.6887500000000001,8,金毛,0.57385428825631,0.5889490717466744,0.5389153434387175,,0.4111331325033927,0.29246699267240633,0.3055231094946917,,decline_moderate_recovery_goldendoodle_03,2026-01-08,C1,answered_consistent,1,0,0,0,0,0,0,0,1,S0
10.0,0.4599816007359706,0.9354544573623385,0.04302918387131272,5.612726744174031,5.057815107814316,8.160168012512523,1.778942393316919,0.4,8315.111111111111,6093.188007830173,4.0,0.9058333333333333,9,金毛,0.5251612864814316,0.5291736409555712,0.5301449275828567,,0.41405170092341914,0.2649072597703558,0.2869993133780198,,decline_moderate_recovery_goldendoodle_03,2026-01-09,C1,answered_consistent,1,0,1,0,1,1,0,1,1,S1
16.0,0.9461856889414547,1.4039744218094572,0.08302628159724762,5.264904081785464,4.956083712508999,8.234331256006406,2.0488727053019002,0.3125,5529.666666666667,4702.668698610279,5.0,0.7045833333333333,10,金毛,0.7913681245889864,0.6015141552243614,0.5717490037187165,,0.2871951460962755,0.3028571889848045,0.30087460855097026,,decline_moderate_recovery_goldendoodle_03,2026-01-10,C1,answered_consistent,2,0,1,0,1,1,1,1,3,S2
9.0,0.41647385469689957,0.7482103514284961,0.03462333879817196,4.988069009523308,4.73201570277072,8.15479734900658,1.7883036804909995,0.2222222222222222,6645.25,8197.109837467106,2.0,0.9004166666666666,11,金毛,0.6075470481247749,0.5581216192313184,0.5576330810803696,,0.2940753777213867,0.3047684722471206,0.28924873215777347,,decline_moderate_recovery_goldendoodle_03,2026-01-11,C1,answered_consistent,1,1,0,0,0,0,0,1,0,S0
22.0,0.9795191451469278,2.038006742286432,0.09073939190945823,5.558200206235724,5.2855812222207925,8.11960835082081,1.5970023265693478,0.4090909090909091,3979.0476190476193,3639.3308971134798,9.0,0.9358333333333334,12,金毛,0.780726229595094,0.6462461648985975,0.592790253085916,,0.3158917920584225,0.32718676026092985,0.3014817679820238,,decline_moderate_recovery_goldendoodle_03,2026-01-12,C1,answered_consistent,2,1,0,0,1,1,0,0,1,S1
12.0,0.5489478499542544,1.1028871866295085,0.05045229582019709,5.514435933147542,5.403878083948067,8.258101753729303,1.7175158417484548,0.25,6284.0,4000.623519584734,3.0,0.9108333333333333,13,金毛,0.6483136165993605,0.6380871997405473,0.5894177605373266,,0.29438098861885836,0.3290625975162867,0.2889028266297223,,decline_moderate_recovery_goldendoodle_03,2026-01-13,C1,answered_consistent,1,0,1,0,0,0,1,0,0,S0
9.0,0.4130335016062414,0.8912236870710184,0.04090058224281865,5.941491247140123,5.5475095592353245,7.868155217141427,1.5794387309997113,0.3333333333333333,8263.0,6290.871700328978,3.0,0.9079166666666666,15,金毛,0.49824880072439176,0.613843813099204,0.6013964424229392,0.5738819626136112,0.07424086577808253,0.2442362533628565,0.25918494348362575,0.2715403995066581,decline_moderate_recovery_goldendoodle_03,2026-01-15,C1,answered_consistent,1,1,2,1,2,2,0,2,2,S2
15.0,0.7015902712815716,1.37053738774985,0.06410371317819691,5.4821495509994,5.609222204231368,7.940408663598519,1.5431051562086195,0.5333333333333333,5857.714285714285,3895.8241091963996,8.0,0.8908333333333333,16,金毛,0.5491296078334975,0.6483593374628613,0.5887664892092161,0.5818637319053588,0.14497276082471636,0.23579464770427763,0.24874579839851435,0.26426864030700536,decline_moderate_recovery_goldendoodle_03,2026-01-16,C1,answered_consistent,2,1,1,1,2,1,1,1,2,S2
13.0,0.6106153123532175,1.363775113200552,0.0640570743635769,6.29434667631024,6.475270369719829,7.9668494643764305,1.2346890533083559,0.5384615384615384,6018.75,5242.589597469937,6.0,0.8870833333333333,17,金毛,0.5750796950803435,0.6004207122359703,0.6009674337301659,0.583555001343468,0.14752402313721139,0.19588771809033143,0.24503862093900775,0.25597201268579167,decline_moderate_recovery_goldendoodle_03,2026-01-17,C1,answered_consistent,2,1,1,0,1,1,1,0,2,S1
10.0,0.48169556840077066,0.9797143973320837,0.047192408349329654,5.878286383992502,5.294649144281595,8.12835981355028,1.57930789870475,0.3,8115.444444444444,7101.326247197477,3.0,0.8650000000000001,18,金毛,0.5979670506785199,0.6097380999079519,0.5839298595696353,0.5778961439577627,0.11049164665848092,0.18703097157993318,0.24440057752149288,0.24948720072435143,decline_moderate_recovery_goldendoodle_03,2026-01-18,C1,answered_consistent,1,1,1,1,2,2,1,1,2,S2
6.0,0.2881844380403458,0.520410697824491,0.02499571075045586,5.20410697824491,4.964930255959722,6.617671242398358,1.2174606818097895,0.3333333333333333,9668.8,9091.626001986664,2.0,0.8675,19,金毛,0.46016510626477786,0.5109759988927258,0.5786110818956617,0.5626481594357934,0.16229013456579142,0.1343283128784645,0.25032512592846173,0.25140284510318356,decline_moderate_recovery_goldendoodle_03,2026-01-19,C1,answered_consistent,1,1,1,0,1,0,0,0,1,S1
8.0,0.42171850289931473,0.9015224922213542,0.04752358946870607,6.761418691660157,6.738935307437867,8.3239793604697,1.387124969420961,0.25,10251.714285714286,9369.610324482714,2.0,0.7904166666666667,20,金毛,0.397199503113477,0.4928003778848774,0.5654437888127124,0.5556016766089694,0.0990581920197197,0.1369167268631291,0.2535970776329579,0.24671837120964582,decline_moderate_recovery_goldendoodle_03,2026-01-20,C1,answered_consistent,1,0,0,0,0,0,0,0,0,S0
15.0,0.9140767824497258,1.5025640344591398,0.09156392653620596,6.010256137836559,7.023692921237195,8.211999939687423,1.7833682609604458,0.5333333333333333,5911.714285714285,6320.734263727043,8.0,0.68375,22,金毛,0.5044717262590347,0.5136429669790014,0.5637433900391028,0.5547150094571445,0.3751376538408052,0.25109389450179675,0.2435850319621537,0.26075773039251726,decline_moderate_recovery_goldendoodle_03,2026-01-22,C1,answered_consistent,1,1,1,0,3,2,1,0,1,S2
9.0,0.5576208178438662,0.9302762832724352,0.05763793576656971,6.2018418884829005,6.582582126027737,7.940899567750005,1.563464524871388,0.6666666666666666,9393.25,10442.614408638288,5.0,0.6725,23,金毛,0.5497724979072186,0.4930759022021864,0.5707176198325238,0.5548413489522194,0.3682911680195943,0.2387249799224448,0.24177670880730218,0.2547632189230376,decline_moderate_recovery_goldendoodle_03,2026-01-23,C1,answered_consistent,0,0,1,1,0,1,0,0,1,S0
10.0,0.5405405405405406,0.7301738763698398,0.0394688581821535,4.381043258219039,3.8040130915194514,7.181705759125663,1.2966726570131024,0.3,7788.666666666667,4801.735311322355,3.0,0.7708333333333334,25,金毛,0.4014770946651529,0.4294329858304155,0.5195855428691838,0.5363264596821055,0.25579950833395254,0.2743208222400761,0.24419093359286698,0.2598673825719445,decline_moderate_recovery_goldendoodle_03,2026-01-25,C1,answered_consistent,1,0,0,1,0,0,0,0,0,S0
5.0,0.23485204321277597,0.36944693369434817,0.017353073447362526,4.433363204332178,4.304384792524554,5.68871729043773,1.172560651677326,0.6,20431.0,11017.75961799857,3.0,0.8870833333333333,26,金毛,0.2938875031214561,0.42181407228361983,0.46639503558817286,0.5247312898179005,0.22307315143867243,0.2795877134754432,0.21574642934053445,0.26139139490900537,decline_moderate_recovery_goldendoodle_03,2026-01-26,C1,answered_consistent,1,1,1,0,1,1,0,0,1,S1
14.0,0.865265760197775,1.1966159438683601,0.07395648602400248,5.1283540451501155,5.220398729043164,7.362155552780879,1.304929734203586,0.14285714285714285,6401.0,5107.14020533244,2.0,0.6741666666666667,27,金毛,0.5468861146503637,0.48517796618339987,0.4889891720341386,0.5373436776097477,0.31525475947842246,0.32597552213521774,0.24023077699738202,0.2645609793043118,decline_moderate_recovery_goldendoodle_03,2026-01-27,C1,answered_consistent,1,1,2,1,2,2,1,2,2,S2
6.0,0.29850746268656714,0.4381092845729252,0.021796481819548515,4.381092845729252,4.237288705021584,6.289805589480732,1.538179507743843,0.5,13202.6,16687.141224308016,2.0,0.8375,30,金毛,0.3231098862710477,0.3880368469107553,0.4405563745564708,0.5159202984758777,0.03734098793507359,0.24809212794316426,0.24016855153377986,0.25907750948053465,decline_moderate_recovery_goldendoodle_03,2026-01-30,C1,answered_consistent,1,0,0,0,0,0,0,0,0,S0
9.0,0.40613718411552346,0.6903237894297212,0.031151795551882723,4.602158596198141,4.207287865728836,6.661176677739356,1.1315834859308669,0.2222222222222222,9430.625,8881.572283913192,2.0,0.9233333333333333,32,金毛,0.31747157205923665,0.3890506736735482,0.4092418297519819,0.5021475782070254,0.08086880635315569,0.21857243091968648,0.2392074229309793,0.2481861476090226,decline_moderate_recovery_goldendoodle_03,2026-02-01,C1,answered_consistent,1,1,2,1,2,2,1,1,3,S2
4.0,0.21265284423179162,0.21422865170602856,0.011389083025307207,3.2134297755904284,3.135439684561864,4.314710348213465,0.9584146596860312,0.5,15483.333333333334,11824.161149480706,2.0,0.78375,38,金毛,0.18900375455181406,0.22987722530801866,0.31906418923542745,0.43410656177661144,0.06922867229245305,0.1327172254226712,0.20072247247082367,0.2517798930189742,decline_moderate_recovery_goldendoodle_03,2026-02-07,C1,answered_consistent,0,0,0,0,0,0,0,0,0,S0
11.0,0.5572441742654509,0.9670369279816421,0.048988699492484404,5.274746879899866,5.547557324844374,5.978796102101821,0.7081246191110275,0.09090909090909091,5369.2,11817.19981044579,1.0,0.8224999999999999,29,比熊,0.3297804060908068,0.2538138109897346,0.17344705880818806,0.145265442757972,0.1990979689236065,0.15735830754277577,0.14480233041548202,0.11926788660058572,loose_days_masking_true_spike_06,2026-01-29,C2,answered_consistent,2,0,2,0,1,2,0,0,1,S1
6.0,0.32679738562091504,0.3549622811292513,0.019333457577845933,3.5496228112925134,3.6064727801201566,5.21030762137864,1.2491507147661163,0.3333333333333333,15932.4,11997.575731788485,2.0,0.765,5,金毛,0.46548118791081755,0.41775342996284925,,,0.30737029949861966,0.22701056322146712,,,loose_days_ramp_onset_long_scratch_13,2026-01-05,C1,answered_consistent,1,0,0,0,0,0,0,0,1,S0
5.0,0.2407318247472316,0.4052232633666885,0.019510027124058187,4.862679160400262,5.201961108949098,5.427046574518014,0.6655792149092448,0.6,16696.25,11184.263082005002,3.0,0.8654166666666666,6,金毛,0.27313945971129655,0.38824982909357963,,,0.04680279202225512,0.21552218316642296,,,loose_days_ramp_onset_long_scratch_13,2026-01-06,C1,answered_consistent,1,0,1,0,1,1,0,0,1,S1
3.0,0.1514386673397274,0.1666972960827512,0.008414805455969268,3.333945921655024,3.419692351236229,3.5972790836539,0.31508202555205245,0.6666666666666666,32581.0,4257.0,2.0,0.8254166666666666,7,金毛,0.23965595923595803,0.3544196631287436,0.3544196631287436,,0.08768430951004878,0.2161470265856309,0.2161470265856309,,loose_days_ramp_onset_long_scratch_13,2026-01-07,C1,answered_consistent,0,0,0,1,1,0,0,0,0,S0
9.0,0.47694753577106513,1.8599035180609473,0.09856404441234484,12.399356787072982,4.598213562286061,75.0,23.487513600857735,0.1111111111111111,4634.0,2826.699842572607,1.0,0.78625,23,金毛,0.3862016380590208,0.26597788359632374,0.25197060434543733,0.2793184273568403,0.12588877192784304,0.1637855613985857,0.13450706213889407,0.16205350461080423,loose_days_ramp_onset_long_scratch_13,2026-01-23,C1,answered_consistent,1,1,0,0,1,2,0,0,0,S1
9.0,0.4704652378463147,0.6929950768747202,0.03622556596313226,4.619967179164801,4.177385928547946,6.602219457222352,1.241172518235944,0.2222222222222222,8592.0,3565.3072448247713,2.0,0.7970833333333333,25,金毛,0.5645604767779326,0.39687247909850665,0.31612230932245644,0.3056423089508024,0.1573972745603111,0.21618430382971635,0.1852563267194089,0.18427847983770657,loose_days_ramp_onset_long_scratch_13,2026-01-25,C1,answered_consistent,1,1,0,0,0,0,0,0,0,S0
13.0,0.7246376811594203,0.896096579069427,0.04994964208859682,4.135830364935817,3.3956647154046267,6.698330852258321,1.4198207756817913,0.46153846153846156,6247.25,8953.727009137963,5.0,0.7475,27,金毛,0.47911699367374627,0.4774606502735313,0.34114959357623204,0.3188127209979624,0.24131115975774156,0.20224107484284495,0.21184334309260458,0.19512303162990355,loose_days_ramp_onset_long_scratch_13,2026-01-27,C2,answered_consistent,2,1,2,0,3,3,2,1,2,S2
7.0,0.3769520732364028,0.5201046291396879,0.028007788322007964,4.4580396783401826,4.406115692471247,7.167360385122563,1.486640714079068,0.42857142857142855,11299.0,11876.879219727714,2.0,0.77375,28,金毛,0.4479459388037756,0.496670514137565,0.34488364704488056,0.3208891264350496,0.24890767942271652,0.18152734976261745,0.21199129844336792,0.19179052980281125,loose_days_ramp_onset_long_scratch_13,2026-01-28,C1,answered_consistent,1,0,2,1,3,2,1,1,2,S2
18.0,0.9544008483563097,1.6001889447173017,0.08484564924269893,5.333963149057672,5.408290495197515,7.810751663523198,1.6156808805283465,0.2222222222222222,4075.1176470588234,4372.656143680298,4.0,0.7858333333333333,29,金毛,0.6853302009173775,0.5702742993002049,0.39440537866003655,0.3427343582254378,0.29072423441141615,0.24698235502685373,0.26521128903029795,0.22205656366754717,loose_days_ramp_onset_long_scratch_13,2026-01-29,C2,answered_consistent,2,1,2,0,1,2,1,0,2,S2
18.0,0.8337193144974525,1.7234876309551475,0.07982805145693134,5.744958769850491,6.539856435046951,8.029959150750459,1.8836340115463406,0.3888888888888889,4964.764705882353,5419.330103266094,7.0,0.8995833333333333,30,金毛,0.7216907453633884,0.6212416962611174,0.4436097899287206,0.359100523434505,0.3045891859514048,0.2609314611599249,0.27890016732435047,0.23589053389636283,loose_days_ramp_onset_long_scratch_13,2026-01-30,C2,answered_consistent,2,1,2,1,2,2,1,1,1,S2
11.0,0.8112094395280236,0.956079823038207,0.07050736158098872,5.214980852935675,5.168158476061368,8.295545138297863,1.4530117504998825,0.36363636363636365,7868.3,6178.154612018058,3.0,0.5650000000000001,31,金毛,0.8664432007939286,0.6305189509484895,0.4868105821226359,0.37483501558685234,0.07700054831827972,0.26719683599605293,0.2860797171955674,0.24984575798779543,loose_days_ramp_onset_long_scratch_13,2026-01-31,C2,answered_consistent,1,0,1,1,0,1,1,0,1,S1
13.0,0.6319883325230918,1.3080168655103412,0.06358856905738168,6.037000917740036,5.937378625007034,8.557309369227635,1.705369483910033,0.3076923076923077,6293.5,5373.535296556014,4.0,0.8570833333333333,32,金毛,0.758972362182856,0.6535936787594577,0.5252330789289822,0.38412966296681567,0.11054583420128788,0.2578832945207891,0.2645906695161652,0.2541605525658925,loose_days_ramp_onset_long_scratch_13,2026-02-01,C2,answered_consistent,2,1,1,0,2,1,0,0,2,S1
10.0,0.493339911198816,0.9617080665937333,0.04744489721725374,5.7702483995624,5.685978932976034,8.328054521316416,1.7091314447289458,0.2,7435.555555555556,4583.984998790442,2.0,0.8445833333333334,33,金毛,0.6455125610833105,0.6894639429285024,0.5567358400696031,0.3733157596952497,0.15936573605599785,0.20268698535730464,0.22762411998446702,0.24166919507584592,loose_days_ramp_onset_long_scratch_13,2026-02-02,C2,answered_consistent,1,1,2,1,1,1,0,0,1,S1
12.0,0.628930817610063,1.086858706855893,0.05696324459412438,5.434293534279465,4.818761979489178,8.689900577682366,1.7695527835223495,0.16666666666666666,6159.090909090909,3054.358508889624,2.0,0.7949999999999999,34,金毛,0.5847530204439902,0.6757915338500229,0.5766260920617771,0.38588381465672705,0.07918083420729717,0.20314633814445562,0.2202607388740332,0.2449188434403218,loose_days_ramp_onset_long_scratch_13,2026-02-03,C1,answered_consistent,1,0,0,0,1,0,0,0,0,S0
9.0,0.43583535108958843,0.9457612196057245,0.04579957479930869,6.305074797371496,6.143620231913849,9.473926920665043,1.576896241455041,0.3333333333333333,6347.375,7599.940673082587,3.0,0.8604166666666666,35,金毛,0.5193686932994891,0.6842034306861923,0.5904369724118785,0.38951841350568284,0.09914427830653272,0.18946821834433175,0.20309004986587564,0.24482080687749022,loose_days_ramp_onset_long_scratch_13,2026-02-04,C1,answered_consistent,1,1,0,1,1,0,0,0,1,S1
18.0,0.8053691275167785,1.5194472541793962,0.06798421718923472,5.064824180597987,4.658601957694208,8.618561811580546,1.6586612310497655,0.16666666666666666,4343.35294117647,3995.044517769725,3.0,0.93125,36,金毛,0.6233784320721433,0.6629131848519734,0.6165937420760892,0.4083396569313344,0.18482944765108827,0.16015138368354465,0.20567512980223224,0.2545006461715764,loose_days_ramp_onset_long_scratch_13,2026-02-05,C2,answered_consistent,2,1,2,0,1,1,0,0,1,S1
21.0,1.1797752808988764,2.494127959827056,0.14011954830489076,7.12607988522016,7.288861873627315,9.194695065049803,1.6510743824051284,0.2857142857142857,4217.55,3516.2498841094903,4.0,0.7416666666666667,37,金毛,0.8069932531684145,0.7123497514807483,0.6667957238709328,0.4426175440499727,0.37197262416643134,0.24991820920045166,0.24997206064166852,0.28600773954226755,loose_days_ramp_onset_long_scratch_13,2026-02-06,C2,answered_consistent,2,1,2,0,2,3,3,1,2,S2
8.0,0.4833836858006042,0.40753789320699796,0.02462464611522646,3.056534199052485,2.5123792573890187,5.484658327423173,1.511855633206958,0.25,10616.57142857143,7948.847155533991,2.0,0.6895833333333333,9,马尔济斯,0.23422731047154643,0.14040209284619784,0.18473523477570683,,0.2420374034269996,0.17466543181685126,0.17509186253070289,,off_body_gap_masking_ramp_onset_04,2026-01-09,C1,answered_consistent,1,0,2,1,2,1,2,2,2,S2
7.0,0.3248259860788863,0.4361239520787038,0.020237770398083704,3.7382053035317466,3.3873930715128777,5.946776354228572,1.6250149751483751,0.42857142857142855,12645.333333333334,6548.173477305629,3.0,0.8979166666666667,17,马尔济斯,0.18270593143613564,0.1157161518442,0.12960030392464397,0.15524731184568252,0.13481790222569512,0.11606730713952045,0.14335913017985555,0.14683752174782874,off_body_gap_masking_ramp_onset_04,2026-01-17,C1,answered_consistent,1,1,2,0,2,1,1,1,1,S2
5.0,0.24715768660405338,0.3234610394108401,0.015989176441465153,3.8815324729300813,3.967415642230538,4.856565748087092,0.7990613751992414,0.6,12730.0,10812.161277931438,3.0,0.8429166666666666,19,马尔济斯,0.205332585729994,0.11989850934564321,0.15039828757543652,0.1542303196046157,0.1450028803625731,0.1283813976310569,0.13830579234874715,0.1425522947611292,off_body_gap_masking_ramp_onset_04,2026-01-19,C1,answered_consistent,0,1,2,1,2,2,1,1,2,S2
4.0,0.2031488065007618,1.4686027505722796,0.07458622400062365,22.029041258584193,5.013471306470345,75.0,35.328474731579156,0.75,14879.666666666666,16066.361573866756,3.0,0.8204166666666667,24,马尔济斯,0.06771626883358729,0.09718294231540847,0.10644954707980424,0.13831187073268592,0.11728801811876603,0.11012345938522038,0.1091205952694829,0.13743932410127466,off_body_gap_masking_ramp_onset_04,2026-01-24,C1,answered_consistent,0,1,1,0,1,2,0,0,1,S1
11.0,0.6670709520921771,0.6347048862500362,0.038490290251669876,3.462026652272925,2.9828279290885287,6.504752184325395,1.7588887966110491,0.09090909090909091,6548.9,6169.932713571518,1.0,0.6870833333333333,25,马尔济斯,0.290073252864313,0.18619106625614204,0.1478455184937031,0.15946223398706555,0.34192515016154973,0.2377853903545334,0.1849620535028798,0.1711313797315625,off_body_gap_masking_ramp_onset_04,2026-01-25,C2,answered_consistent,1,0,1,0,1,2,0,0,0,S1
18.0,0.8571428571428571,1.221951624277989,0.058188172584666145,4.07317208092663,4.457579781719545,6.813922437683573,1.6097386560118931,0.1111111111111111,4140.0,4164.845848429023,2.0,0.875,26,马尔济斯,0.5757875385785987,0.2733318049045425,0.1966151571250929,0.18629610410844216,0.3364172271983587,0.34941765118753154,0.26513321556790687,0.21641622488075773,off_body_gap_masking_ramp_onset_04,2026-01-26,C2,answered_consistent,2,0,2,0,2,2,1,1,2,S2
8.0,0.4444444444444444,0.4418968391835578,0.024549824399086546,3.3142262938766835,2.4056938515250987,6.927951135405461,2.061763700035955,0.25,11181.42857142857,7377.18802132905,2.0,0.75,27,马尔济斯,0.6562194178931596,0.31025815145432006,0.2283611888711246,0.19585715375051632,0.20656309400955852,0.35229178026399177,0.26638543130716097,0.21795129628077536,off_body_gap_masking_ramp_onset_04,2026-01-27,C2,answered_consistent,1,0,2,0,1,1,0,0,1,S1
5.0,0.2218278615794144,0.3471236650802591,0.015400340065672542,4.165483980963109,3.754880015033448,5.500548024500726,1.1260793352953298,0.4,19767.0,11054.68540936376,2.0,0.9391666666666666,29,马尔济斯,0.25216143473987296,0.35483527427934497,0.24660509731486183,0.1931097590013488,0.17905376494042913,0.31476635147822485,0.25650335012850994,0.21100849980427552,off_body_gap_masking_ramp_onset_04,2026-01-29,C1,answered_consistent,1,0,0,1,0,0,1,0,1,S0
16.0,0.7319304666056725,1.4740819593914958,0.06743284352202635,5.5278073477181096,5.569389371912452,7.982678171154006,1.5872635870191696,0.1875,3926.9333333333334,3114.466941370367,3.0,0.9108333333333333,30,马尔济斯,0.3479901087936157,0.45939676950872677,0.2869810830247908,0.21107044925482624,0.3389518146303305,0.2983923882932182,0.2857714350836541,0.22949258862813351,off_body_gap_masking_ramp_onset_04,2026-01-30,C2,answered_consistent,2,0,2,1,2,2,1,1,2,S2
21.0,0.9510869565217392,2.02872928104965,0.09188085512000227,5.796369374427572,5.598271883739415,8.61000327741985,1.994828801664981,0.23809523809523808,3691.25,3736.6440140184613,5.0,0.9199999999999999,37,马尔济斯,0.47251658254348605,0.3127409877087928,0.38606887860875977,0.24473556548085265,0.4554992900348414,0.34106934559883784,0.31713569160474103,0.27106892723976306,off_body_gap_masking_ramp_onset_04,2026-02-06,C2,answered_consistent,2,1,2,0,2,3,1,1,1,S2
10.0,0.6138735420503376,0.8978760108111156,0.05511823270786468,5.387256064866693,5.100394962399566,8.443345894364658,1.9052728779502073,0.3,7396.111111111111,5348.283202101075,3.0,0.67875,38,马尔济斯,0.6623853049120433,0.4004372080016982,0.4154063597194438,0.2651980168825306,0.2677622242166439,0.3258346440448172,0.3179091781649747,0.275097382591126,off_body_gap_masking_ramp_onset_04,2026-02-07,C1,answered_consistent,2,0,0,0,0,0,1,0,0,S0
6.0,0.35252643948296125,0.3386333214692198,0.019896199851305512,3.3863332146921983,2.6154960085409478,6.796052653918105,1.8780429122272935,0.16666666666666666,9781.4,5063.679239446354,1.0,0.7091666666666666,39,马尔济斯,0.6391623126850127,0.4507981279278355,0.3929388945330712,0.2608361086719425,0.3000805134952822,0.27724875111113045,0.30976579139334454,0.27254414430932017,off_body_gap_masking_ramp_onset_04,2026-02-08,C1,answered_consistent,1,1,0,0,0,1,1,0,1,S0
7.0,0.4013761467889908,0.6129186108155272,0.03514441575777105,5.253588092704519,5.91359125028527,6.624283429737003,1.610190585599976,0.42857142857142855,10344.0,10637.336054357469,3.0,0.7266666666666667,2,马尔济斯,0.2854338361063598,,,,0.16396718822025175,,,,off_body_then_partial_recovery_08,2026-01-02,C1,answered_consistent,1,1,2,1,2,2,1,1,1,S2
14.0,0.7575757575757576,1.0441564829619128,0.05650197418625069,4.474956355551055,4.688445969467193,7.000546337502663,1.8168994223451096,0.07142857142857142,4298.692307692308,6223.980291947927,1.0,0.77,3,马尔济斯,0.4428144765961591,0.4428144765961591,,,0.29622393118950746,0.29622393118950746,,,off_body_then_partial_recovery_08,2026-01-03,C1,answered_consistent,1,1,1,0,0,0,0,1,0,S0
4.0,0.20100502512562815,0.3369696618513185,0.016933148836749675,5.054544927769777,5.463458228687166,7.316599816730506,2.404731588265507,0.5,26566.666666666668,30763.983274096492,2.0,0.8291666666666666,6,马尔济斯,0.06700167504187605,0.2549080758190176,,,0.11605030536474889,0.28784908347512705,,,off_body_then_partial_recovery_08,2026-01-06,C1,answered_consistent,0,1,0,1,0,0,0,0,1,S0
12.0,0.6295907660020986,0.8282999115256648,0.04345749798140949,4.1414995576283244,3.987501783709531,6.542317301753877,1.449947018378329,0.25,7704.090909090909,6516.2193647787335,3.0,0.7941666666666666,8,马尔济斯,0.3677908865497587,0.32318922343057493,0.3039770111797192,,0.2295477772426841,0.292990242569993,0.27664567410920843,,off_body_then_partial_recovery_08,2026-01-08,C1,answered_consistent,0,1,2,1,2,1,2,0,2,S2
8.0,0.49049662783568365,0.5394089040459733,0.03307228105738647,4.045566780344799,3.487929688951618,6.730415600175825,1.6481274345602677,0.5,11429.142857142857,14448.83820765602,4.0,0.6795833333333333,9,马尔济斯,0.46428808745311057,0.33592072072295964,0.32470141303038186,,0.17984494724777134,0.2988320679101441,0.2661423169406376,,off_body_then_partial_recovery_08,2026-01-09,C1,answered_consistent,1,1,0,0,0,0,0,0,0,S0
11.0,0.5121042830540037,0.8817807157393929,0.04105124374950619,4.809712994942143,4.968278296297503,7.342410833822415,1.5573985603667502,0.18181818181818182,6464.5,2691.784027369209,2.0,0.895,10,马尔济斯,0.5440638922972619,0.3008533672198519,0.3434417000327441,,0.07485223634134594,0.25180788689960215,0.25782459908843885,,off_body_then_partial_recovery_08,2026-01-10,C1,answered_consistent,1,0,1,0,2,1,1,0,1,S1
8.0,0.439802089059923,0.5365823901147176,0.029498757015652424,4.024367925860382,3.771610483654003,7.224662065552611,1.6465062919584257,0.25,8012.142857142857,4903.183584703526,2.0,0.7579166666666667,11,马尔济斯,0.48080099998320347,0.3636822370855552,0.35220173539885125,,0.03711341689577666,0.21664294816676008,0.2463134018306205,,off_body_then_partial_recovery_08,2026-01-11,C1,answered_consistent,1,0,1,0,2,1,1,0,1,S1
12.0,0.6027122049221497,0.9289039504382545,0.0466551456774613,4.644519752191273,4.947837722299287,7.338166523127448,1.746344046666147,0.3333333333333333,7324.272727272727,5238.9136294206,4.0,0.8295833333333333,12,马尔济斯,0.5182061923453588,0.44978398064586234,0.3730776078591261,,0.08162629132400256,0.16051011711926874,0.24573244687941298,,off_body_then_partial_recovery_08,2026-01-12,C1,answered_consistent,1,1,1,1,0,0,0,0,0,S0
11.0,0.6447831184056273,0.8013428694285722,0.04697203220566074,4.370961105974031,4.098987392661932,6.756536090662428,1.6325628209089733,0.5454545454545454,6310.6,7337.82756951947,6.0,0.7108333333333333,15,马尔济斯,0.2149277061352091,0.38427118903962676,0.3537302062351008,0.3414476275143427,0.3722657069804153,0.27129948422466305,0.2731213701916982,0.267450882343271,off_body_then_partial_recovery_08,2026-01-15,C1,answered_consistent,1,1,2,1,3,3,0,0,3,S2
13.0,0.5767524401064774,0.894106246680894,0.039667535345203814,4.1266442154502805,4.1941518786172445,7.318526493423225,1.4717273480617068,0.38461538461538464,6924.083333333333,7300.047744802009,4.0,0.9391666666666666,16,马尔济斯,0.40717851950403494,0.39659344793545454,0.36625708432920706,0.35615417830135115,0.3542637482957915,0.27878390154328725,0.2794239322417584,0.2649940219676568,off_body_then_partial_recovery_08,2026-01-16,C1,answered_consistent,1,0,2,0,2,2,1,1,3,S2
24.0,1.448400724200362,1.862988560361437,0.11243141583352063,4.657471400903592,5.218533810888843,7.214925790574256,1.7500901109821272,0.4583333333333333,3487.086956521739,3968.1393396055937,9.0,0.6904166666666667,17,马尔济斯,0.8899787609041555,0.5303500823849342,0.41560172480239316,0.42040397511894007,0.48480239285316334,0.48888354358296826,0.3921171905376648,0.36879477470187605,off_body_then_partial_recovery_08,2026-01-17,C1,answered_consistent,3,0,2,0,1,1,1,0,1,S2
13.0,0.6341463414634146,0.7573081442225543,0.036941860693783135,3.495268357950251,3.2828864091903704,6.772783391551017,1.6690051929340974,0.15384615384615385,5440.5,6142.003737923534,2.0,0.8541666666666666,19,马尔济斯,0.7240375574902541,0.4848068901404096,0.46729543539313606,0.41424102764696746,0.6838629556456873,0.5181944358434429,0.3689931144743859,0.35982801000903103,off_body_then_partial_recovery_08,2026-01-19,C1,answered_consistent,2,0,1,1,2,2,1,1,2,S2
17.0,0.8877284595300262,1.434454375034348,0.07490623368325577,5.062780147180051,4.658210810616205,7.097551132033687,1.1729070697397508,0.29411764705882354,4842.5,4303.395461725543,5.0,0.7979166666666666,20,马尔济斯,0.5371468026001424,0.6116252415018419,0.5163471092791644,0.43791539924112033,0.407826761960898,0.48749028207274364,0.37644034690503186,0.36588410394770765,off_body_then_partial_recovery_08,2026-01-20,C1,answered_consistent,2,1,2,0,2,2,1,1,3,S2
6.0,0.3024193548387097,0.49632934680980145,0.025016600141623057,4.963293468098015,5.33555090453641,6.323724878334244,1.426386793590067,0.5,15499.4,8414.570852990662,3.0,0.8266666666666667,24,马尔济斯,0.10080645161290323,0.3193679400476438,0.424859011216289,0.39093513155647863,0.174601895924282,0.33645523818124273,0.4177828479249197,0.35545330484343673,off_body_then_partial_recovery_08,2026-01-24,C1,answered_consistent,1,0,1,0,1,0,0,0,1,S1
26.0,1.4590347923681257,2.0075578964477105,0.11265756994656063,4.632825914879332,4.774770941391601,6.84281656553511,1.216022115657528,0.3076923076923077,3339.32,2946.6754652658983,8.0,0.7425,26,马尔济斯,0.674373362341223,0.4617949091782951,0.4733008996593524,0.4270439957515556,0.6798421728885934,0.5303285418485679,0.5038693697673953,0.4014787417387796,off_body_then_partial_recovery_08,2026-01-26,C2,answered_consistent,2,1,1,0,1,1,0,0,0,S1
11.0,0.5078485687903971,0.8550223088725899,0.0394747141677096,4.663758048395945,4.439215576791359,6.733885130992016,1.3323400665163716,0.45454545454545453,8051.8,5316.093373897791,5.0,0.9025,27,马尔济斯,0.7428497669917856,0.407526353358348,0.5095757974300951,0.4300367577159572,0.632330779443849,0.49792505978783713,0.4851053880879465,0.3939893132031283,off_body_then_partial_recovery_08,2026-01-27,C1,answered_consistent,1,1,2,1,2,1,1,1,2,S2
7.0,0.3945885005636979,0.38120743643197236,0.02148858153506045,3.2674923122740487,3.5696146861645617,5.038112757812558,1.1820130820711614,0.2857142857142857,12257.166666666666,14528.862153390479,2.0,0.7391666666666666,33,马尔济斯,0.1315295001878993,0.21495836830697193,0.3383766387426334,0.37598030126335913,0.22781577701958175,0.19176282446268322,0.4039589689325301,0.38554310973673805,off_body_then_partial_recovery_08,2026-02-02,C1,answered_consistent,1,0,0,0,0,0,0,0,1,S0
9.0,0.4444444444444444,0.36391696364903386,0.017971208081433772,2.426113090993559,1.7126351669607347,5.285213450773533,1.4561373127154411,0.4444444444444444,10491.125,10780.011983266762,4.0,0.84375,34,马尔济斯,0.2796776483360474,0.2059006362575501,0.30671349480794907,0.3907951160781739,0.24348735905411267,0.17651382245593597,0.37383709146177563,0.37908251236838497,off_body_then_partial_recovery_08,2026-02-03,C1,answered_consistent,1,0,2,1,2,1,0,1,2,S2
10.0,0.6064281382656156,0.6617769503727596,0.04013201639616493,3.9706617022365576,3.995130527471707,4.547888793323374,0.4109514747775855,0.4,8921.333333333334,5341.666573062921,4.0,0.6870833333333333,36,马尔济斯,0.4218984513079362,0.262345388031775,0.34239457279259156,0.4114699788899651,0.19677380981939763,0.22963096400737928,0.37240949409674146,0.37339552159154926,off_body_then_partial_recovery_08,2026-02-05,C1,answered_consistent,1,1,2,0,1,1,2,2,2,S2
5.0,0.25549310168625444,0.21559916371591373,0.011016819811748273,2.587189964590965,2.0577403430102605,3.9182346931274665,1.2503691953796414,0.4,16833.75,11551.079762840356,2.0,0.8154166666666667,2,比熊,0.2034658845129909,,,,0.07357759613895967,,,,questionnaire_conflict_better_boundary_bichon_14,2026-01-02,C1,answered_conflicting_better,1,0,1,0,0,0,0,0,0,S0
4.0,0.2127659574468085,0.19382654854849715,0.010309922795132827,2.907398228227457,2.7752684665266445,3.961173451125384,0.8955297591949903,0.5,26411.333333333332,26791.109673836872,2.0,0.7833333333333333,5,比熊,0.3405747527310667,0.28573120544383634,,,0.12420417560628183,0.12126997487270913,,,questionnaire_conflict_better_boundary_bichon_14,2026-01-05,C1,answered_conflicting_better,0,0,0,0,1,0,0,0,0,S0
11.0,0.5191127890514393,0.4042571394322088,0.01907773192223732,2.2050389423575023,1.8085039575365816,3.69588900885808,0.9250762058326513,0.2727272727272727,7472.8,4769.993999996226,3.0,0.8829166666666667,6,比熊,0.36000251805236055,0.3246281360451035,,,0.15351818803461373,0.14437088593515235,,,questionnaire_conflict_better_boundary_bichon_14,2026-01-06,C1,answered_conflicting_better,1,1,0,0,0,0,0,0,1,S0
4.0,0.20181634712411706,0.1182325093544289,0.00596531328730721,1.7734876403164335,1.7943403061527137,2.2687405671934924,0.5495754281477596,0.5,14801.0,15033.125711796156,2.0,0.8258333333333333,7,比熊,0.31123169787412164,0.30708359477067687,0.30708359477067687,,0.1801135323715542,0.13972760555617153,0.13972760555617153,,questionnaire_conflict_better_boundary_bichon_14,2026-01-07,C1,answered_conflicting_better,0,0,0,0,0,0,0,0,0,S0
6.0,0.2667852378835038,0.18237887186942278,0.008109331786101502,1.8237887186942279,1.617548940125603,2.885934897979424,0.6657226286485988,0.3333333333333333,8601.0,6130.158007751514,2.0,0.9370833333333333,18,比熊,0.3752298804945457,0.2237369287561213,0.2681616562441403,0.2761196253994631,0.11651578806051135,0.16929850685042275,0.17838560342757265,0.16624556036356555,questionnaire_conflict_better_boundary_bichon_14,2026-01-18,C1,answered_conflicting_better,1,0,0,0,0,0,0,0,0,S0
27.0,1.6052318668252081,1.3972270867525576,0.0830693868461687,3.10494908167235,3.082281870593574,5.195580672623979,1.113840822250267,0.18518518518518517,2772.730769230769,1991.1564200366718,5.0,0.7008333333333333,26,比熊,0.6616183558798919,0.3142523898565123,0.2746965412831412,0.28265581537691903,0.8172261438605296,0.5756865107144652,0.40837039947458403,0.31475726897616707,questionnaire_conflict_better_boundary_bichon_14,2026-01-26,C2,answered_conflicting_better,2,1,1,0,1,2,0,0,1,S1
28.0,1.4410705095213587,1.392831314995767,0.07168457617065192,2.9846385321337863,2.9707194315477157,4.881966695267863,1.0204279975093207,0.42857142857142855,3072.074074074074,3719.8389244888904,10.0,0.8095833333333333,27,比熊,1.081147941778739,0.5201196055024208,0.3604391571858616,0.32556006330819465,0.7699596400318071,0.6907465874739537,0.5132332298880365,0.3807395208769745,questionnaire_conflict_better_boundary_bichon_14,2026-01-27,C2,answered_conflicting_better,3,1,0,0,0,0,0,0,0,S1
13.0,0.5977011494252874,0.7851650974238669,0.036099544709143304,3.623838911187078,3.8539434426842663,5.168427146983834,1.1214924134370603,0.3076923076923077,6220.5,6065.230161887236,4.0,0.90625,28,比熊,1.2146678419239516,0.5812650185748115,0.399583732226423,0.3352793878123765,0.5405766944176531,0.6732789194324116,0.5085860153322824,0.3771453642005186,questionnaire_conflict_better_boundary_bichon_14,2026-01-28,C2,answered_conflicting_better,2,1,0,0,1,0,0,0,0,S1
9.0,0.5226480836236934,0.42695942720416474,0.02479439182370295,2.8463961813610985,2.653387032052781,4.394287933330922,0.9110622358946046,0.1111111111111111,8465.0,6563.012837104618,1.0,0.7174999999999999,29,比熊,0.8538065808567797,0.6559290305210534,0.43328623761882396,0.3417403773231116,0.5099680696911046,0.625349361103773,0.4992439165926803,0.37198019032874136,questionnaire_conflict_better_boundary_bichon_14,2026-01-29,C2,answered_conflicting_better,1,1,1,0,1,0,0,0,0,S1
6.0,0.2826189354686764,0.2616988926358964,0.012326843741681413,2.616988926358964,2.774536894112343,4.116707346940806,1.0775132719669924,0.16666666666666666,14759.2,8014.063598449914,1.0,0.8845833333333334,30,比熊,0.46765605617255246,0.6898419636683846,0.4178722946639197,0.3397696625946304,0.16458217613198584,0.5922732340317252,0.5004083782325374,0.3656698232439648,questionnaire_conflict_better_boundary_bichon_14,2026-01-30,C1,answered_conflicting_better,0,0,0,0,0,1,0,0,1,S0
12.0,0.9795918367346939,0.5766833218898255,0.047076189542026574,2.8834166094491276,2.6787423769284753,4.675200633295184,0.9829498009174052,0.16666666666666666,6294.727272727273,5851.926490728721,2.0,0.5104166666666666,31,比熊,0.5949529519423545,0.8037148329412239,0.462093835376198,0.36737476824112925,0.3540675101752864,0.5538496929654261,0.5218435962715962,0.3818629815794596,questionnaire_conflict_better_boundary_bichon_14,2026-01-31,C2,answered_conflicting_better,1,1,0,0,0,0,0,1,0,S1
11.0,0.5606523955147809,0.5867237039742829,0.029904368194407893,3.2003111125869976,2.904697389390378,4.944725662122555,0.808302234335969,0.18181818181818182,7559.4,4222.3674922962355,2.0,0.8175,32,比熊,0.6076210559060504,0.8556449681590997,0.4830843466355749,0.3775467447020801,0.3508523158951714,0.5021234576194672,0.5192871983080973,0.38284305891676657,questionnaire_conflict_better_boundary_bichon_14,2026-02-01,C2,answered_conflicting_better,1,1,0,0,2,0,0,0,1,S1
9.0,0.5303476723629935,0.42112219053777555,0.024815685948012704,2.807481270251837,2.6658845410061955,4.516969616450673,1.087374128447635,0.3333333333333333,9056.375,11695.543306506757,2.0,0.7070833333333333,34,比熊,0.4677682924572802,0.5408378403748845,0.5304787229386526,0.3786698840724358,0.1354852942670035,0.22930197766387198,0.4945677078015988,0.3837321616298994,questionnaire_conflict_better_boundary_bichon_14,2026-02-03,C1,answered_conflicting_better,1,1,0,0,0,0,0,0,0,S0
25.0,1.3706140350877194,1.3369737338839562,0.07329899856819937,3.2087369613214953,3.051681335740811,5.124703121221583,1.049660859038815,0.16,3446.6666666666665,3712.393316836039,4.0,0.7599999999999999,35,比熊,0.7377555056482598,0.6512539668980891,0.6162594927364503,0.41726481999379944,0.5588095482588197,0.39060411164088926,0.5300508711001934,0.4227171059290495,questionnaire_conflict_better_boundary_bichon_14,2026-02-04,C2,answered_conflicting_better,2,0,2,1,0,0,0,0,1,S1
7.0,0.30501089324618735,0.34561284708250484,0.015059383315141823,2.9623958321357557,3.1582313257440338,4.821592540012968,1.262125270630515,0.14285714285714285,12138.333333333334,8235.254472220166,1.0,0.9562499999999999,36,比熊,0.7353242002323,0.6201629397013025,0.638045985111178,0.4101280901336244,0.5615950914214382,0.41069203003765065,0.5086071362970642,0.42274565376676865,questionnaire_conflict_better_boundary_bichon_14,2026-02-05,C1,answered_conflicting_better,1,1,1,0,0,0,0,0,0,S0
23.0,1.1813045711350796,1.7082828508072352,0.08773923219348922,4.456390045584092,4.780560421684204,6.720727934897261,1.5961795213349677,0.21739130434782608,3211.818181818182,2829.564721365584,5.0,0.8112499999999999,1,金毛,,,,,,,,,questionnaire_conflict_better_habitual_goldendoodle_05,2026-01-01,C1,answered_conflicting_better,2,0,0,1,0,1,0,0,0,S0
7.0,0.37776578521316784,0.5556523021597057,0.029986632604409372,4.762734018511764,4.898263552508756,6.525443935663344,1.3417240959237282,0.5714285714285714,13214.333333333334,13400.21011858479,4.0,0.7720833333333333,2,金毛,0.7795351781741238,,,,0.5681877244717893,,,,questionnaire_conflict_better_habitual_goldendoodle_05,2026-01-02,C1,answered_conflicting_better,0,1,0,0,0,0,0,0,0,S0
10.0,0.6067961165048543,0.8412049396171021,0.0510439890544358,5.047229637702612,5.568714423499489,6.272615731747707,1.305341002160423,0.6,7854.0,13790.968501966141,5.0,0.6866666666666666,3,金毛,0.721955490951034,0.721955490951034,,,0.41396244547342886,0.41396244547342886,,,questionnaire_conflict_better_habitual_goldendoodle_05,2026-01-03,C1,answered_conflicting_better,1,1,0,1,0,0,0,0,0,S0
6.0,0.3678724708767627,0.3608619015056592,0.02212519322536231,3.608619015056592,3.557098994356018,6.000990555827634,1.4229258498959854,0.3333333333333333,14912.4,14129.664038468856,2.0,0.6795833333333333,9,金毛,0.2613310550814009,0.2753287727018387,0.3873746405845687,,0.17302453985573166,0.19215231734813706,0.34275211134765493,,questionnaire_conflict_better_habitual_goldendoodle_05,2026-01-09,C1,answered_conflicting_better,0,1,0,0,0,0,0,0,0,S0
9.0,0.4310344827586207,0.61139701148144,0.029281466067118775,4.075980076542933,3.1871163661477757,6.2613586078103465,1.774872706941321,0.4444444444444444,8586.375,5141.839528259804,3.0,0.87,12,金毛,0.17632589190223694,0.1999950266169235,0.33461245341398577,,0.2259547896222833,0.17688144788327825,0.3222311077463098,,questionnaire_conflict_better_habitual_goldendoodle_05,2026-01-12,C1,answered_conflicting_better,1,0,0,1,0,0,1,0,1,S0
16.0,0.7256235827664399,1.0757450905118258,0.04878662542003745,4.034044089419346,3.747091132994057,6.765697687902573,1.426311329865616,0.4375,5104.6,4450.664112242127,7.0,0.9187500000000001,18,金毛,0.2611423503248441,0.21045855980964237,0.195697119274742,0.28097360427092805,0.40328950110568074,0.26853666408555654,0.21068622844740428,0.3088543575868529,questionnaire_conflict_better_habitual_goldendoodle_05,2026-01-18,C1,answered_conflicting_better,1,0,0,0,0,0,0,0,0,S0
8.0,0.4813477737665463,0.5864374533487713,0.03528504532784424,4.398280900115784,4.7804771633966805,6.598955428091879,1.6446110822310462,0.25,11509.0,6017.176461715958,2.0,0.6925,21,金毛,0.17626953952319457,0.19599611800792374,0.1806803225487527,0.26601588073553756,0.26526907038728725,0.28823781149482175,0.22674331506251333,0.2992133871485673,questionnaire_conflict_better_habitual_goldendoodle_05,2026-01-21,C1,answered_conflicting_better,1,0,0,0,0,0,0,0,0,S0
13.0,0.6283228612856452,0.8758898562081062,0.04233397081721151,4.042568567114336,3.278222904727611,6.222397053109228,1.7335809036582206,0.38461538461538464,6632.75,4721.215841373209,5.0,0.8620833333333334,25,金毛,0.2263015169046907,0.18850999893569645,0.1994842793726694,0.2550837947770632,0.34907806838837785,0.25659830716481696,0.25258873152644845,0.29295854094735674,questionnaire_conflict_better_habitual_goldendoodle_05,2026-01-25,C2,answered_conflicting_better,2,0,0,1,0,0,0,0,0,S1
40.0,1.9483682415976618,2.7084462553684987,0.13192626670085233,4.062669383052748,4.080597172540086,6.689775610622631,1.4880555661770396,0.325,2046.6666666666667,2194.6864192026337,10.0,0.8554166666666667,27,金毛,0.8766464130661786,0.46767507509424694,0.30762862288562787,0.31032263879035077,0.9716576007720514,0.6963583956767972,0.5314435113851829,0.4334724241532381,questionnaire_conflict_better_habitual_goldendoodle_05,2026-01-27,C2,answered_conflicting_better,3,0,0,0,0,0,0,0,0,S1
6.0,0.2669039145907473,0.6158210690396794,0.027394175669024884,6.1582106903967935,6.136886593922089,6.769575911933464,0.44733468883247623,0.0,8785.6,5916.235039279627,0.0,0.9366666666666666,28,金毛,0.7561734308345459,0.4370402380691328,0.3165181780385283,0.30877197006893636,1.0379829227908837,0.7003621390515802,0.5295053503114352,0.42544855469070153,questionnaire_conflict_better_habitual_goldendoodle_05,2026-01-28,C1,answered_conflicting_better,0,1,0,0,0,0,0,0,0,S0
19.0,0.9069212410501194,1.248663221660749,0.059602063086431935,3.943147015770786,3.4485325784262044,6.312673494387298,1.7635753986234866,0.3157894736842105,4513.666666666667,6655.751981890885,5.0,0.8729166666666667,29,金毛,1.0407311324128428,0.5506208691811185,0.37703132693415464,0.329397806999322,0.8486809683379746,0.7032996919586018,0.5460529993477593,0.4322953679256406,questionnaire_conflict_better_habitual_goldendoodle_05,2026-01-29,C2,answered_conflicting_better,2,1,1,1,1,0,0,0,1,S1
15.0,0.7352941176470589,0.991607077367767,0.048608190067047405,3.966428309471068,3.833982531097941,6.535083239632727,1.5585820923087883,0.5333333333333333,5871.428571428572,4987.323082637843,8.0,0.85,31,金毛,0.5915357462206247,0.667350056064451,0.43488007903441617,0.30796392764856706,0.4067846909757475,0.6491276186821453,0.5387700637370163,0.4024346450955517,questionnaire_conflict_better_habitual_goldendoodle_05,2026-01-31,C2,answered_conflicting_better,2,0,0,0,0,0,1,0,0,S1
10.0,0.502008032128514,0.6427555213259766,0.03226684344005906,3.856533127955859,4.1824890482652375,6.446186947375306,1.8944313911788737,0.4,8815.111111111111,9154.038179276637,4.0,0.8300000000000001,32,金毛,0.4565646765800895,0.6493050804705751,0.41890753970313577,0.31210533587907857,0.30400921198744246,0.6521420482984465,0.5327688219593959,0.4038146528110476,questionnaire_conflict_better_habitual_goldendoodle_05,2026-02-01,C2,answered_conflicting_better,1,1,0,0,0,0,0,0,0,S1
9.0,0.5325443786982249,0.6387470179214948,0.03779568153381627,4.258313452809966,5.010692757404974,6.610662624996699,1.8047498236633615,0.1111111111111111,7746.125,4797.789033437693,1.0,0.7041666666666666,33,金毛,0.5899488428245993,0.7177759722395746,0.45694642389586615,0.309630277952191,0.1267953224703844,0.6023933995071145,0.5194024999113369,0.4021703567233774,questionnaire_conflict_better_habitual_goldendoodle_05,2026-02-02,C2,answered_conflicting_better,1,0,1,1,1,1,0,0,1,S1
6.0,0.263042525208242,0.44141376341536814,0.019351765165075325,4.414137634153682,4.430590524957888,6.69058280198952,1.7222446487629215,0.3333333333333333,12701.6,9557.138349945553,2.0,0.9504166666666666,35,金毛,0.28202215322879204,0.44609739006810917,0.441568814068621,0.30509708792525386,0.24159220410366242,0.3149143142824936,0.5217099119500201,0.40403902127107827,questionnaire_conflict_better_habitual_goldendoodle_05,2026-02-04,C2,answered_conflicting_better,0,0,1,0,1,1,0,0,1,S1
6.0,0.27752081406105455,0.44713744162937025,0.02068165779969335,4.471374416293703,4.82706699735448,5.834170958872816,1.1503212318579608,0.5,6523.6,8330.840788299822,3.0,0.9008333333333334,36,金毛,0.19701429834973525,0.3561830433553856,0.453401956268252,0.31144797021503734,0.12710911964540672,0.24306839372592925,0.51549807451829,0.40198473225314363,questionnaire_conflict_better_habitual_goldendoodle_05,2026-02-05,C2,answered_conflicting_better,1,1,0,1,0,1,1,0,1,S1
5.0,0.24131274131274133,0.3482765214633944,0.0168087124258395,4.179318257560732,3.90538212816551,5.0,0.6417905710887568,0.2,9960.0,11614.376113248614,1.0,0.8633333333333333,27,比熊,0.1267842822580961,0.0968290864887108,0.09710278008520944,0.06868246382266338,0.10073851742005621,0.0781076449844267,0.06136779152439967,0.06305782445803704,questionnaire_conflict_better_spike_bichon_06,2026-01-27,C2,answered_conflicting_better,0,1,0,0,0,0,0,0,0,S1
4.0,0.22484541877459246,0.127796703570216,0.007183625833064419,1.9169505535532398,1.896570180321394,2.6938258732815195,0.847657541114022,0.25,7834.333333333333,2639.2152032164577,1.0,0.74125,28,比熊,0.17268409868332335,0.10850275045760026,0.10499523444430289,0.0742597122138037,0.10493071284634732,0.09119149463564005,0.0702230965901595,0.06855639170297388,questionnaire_conflict_better_spike_bichon_06,2026-01-28,C2,answered_conflicting_better,0,0,0,0,0,0,0,0,0,S1
9.0,0.5461165048543689,0.5428312679152256,0.032938790528836505,3.6188751194348376,3.784099010658712,5.514370387976221,1.5379445636200109,0.5555555555555556,6173.0,7242.483724524343,5.0,0.6866666666666666,23,中华田园犬,0.39224939549836835,0.25775280268001316,0.2600642249039061,0.2851610464638679,0.2270637609119092,0.18241938386484585,0.18948864042260813,0.2331537492105515,questionnaire_conflict_worse_boundary_tugou_12,2026-01-23,C2,answered_conflicting_worse,1,1,2,0,3,3,2,2,2,S2
7.0,0.31042128603104213,0.37675892791559895,0.016707712989605276,3.229362239276562,3.274957027254723,4.850265306867716,1.3547339628970543,0.42857142857142855,6849.333333333333,9156.876171611268,3.0,0.9395833333333333,24,中华田园犬,0.32933380642718496,0.27618357272850347,0.2530656453180254,0.2862135564458335,0.20797238893557696,0.1799204711335536,0.18535277745491555,0.22808715439586838,questionnaire_conflict_worse_boundary_tugou_12,2026-01-24,C1,answered_conflicting_worse,1,0,2,1,3,3,2,3,3,S2
4.0,0.23640661938534277,0.2084974580845424,0.012322544804050968,3.127461871268136,3.4187915265532682,4.046639276911869,1.0953095488990818,0.75,15918.333333333334,18764.187775890776,3.0,0.7050000000000001,25,中华田园犬,0.3643148034235846,0.2896059265763892,0.22700880350200564,0.28422127896341387,0.16173570014692026,0.1715928874599416,0.1559576794649102,0.22350687459127905,questionnaire_conflict_worse_boundary_tugou_12,2026-01-25,C1,answered_conflicting_worse,0,0,1,0,2,2,2,0,2,S2
15.0,0.8099352051835853,0.976177519461383,0.05270936930137057,3.904710077845532,4.215742291562942,5.52007697074392,1.2833513112567476,0.0,3166.785714285714,6775.239575928256,0.0,0.7716666666666666,30,中华田园犬,0.363513645666765,0.565109605352584,0.4114312040162987,0.350482376871235,0.3965317995494603,0.7360208688005616,0.539277295592426,0.4096629041474701,questionnaire_conflict_worse_boundary_tugou_12,2026-01-30,C2,answered_conflicting_worse,2,1,2,0,3,3,3,2,3,S2
7.0,0.31222123104371097,0.3975547906050316,0.017732149447146815,3.407612490900271,3.9511698389609577,4.359951426549969,0.8869418425353853,0.42857142857142855,9366.333333333334,7664.385247508258,3.0,0.9341666666666667,5,中华田园犬,0.21611956407751662,0.18549223691768119,,,0.1375005686186361,0.12088409500443834,,,questionnaire_conflict_worse_hidden_lesion_tugou_04,2026-01-05,C1,answered_conflicting_worse,1,0,2,1,3,2,1,1,2,S2
6.0,0.26455026455026454,0.35192286598918293,0.015516881216454274,3.5192286598918296,4.007625707683487,5.664725151270733,2.0117286254689013,0.3333333333333333,15389.4,9514.450937389925,2.0,0.945,6,中华田园犬,0.2847641032183434,0.1986685748564451,,,0.02464709293135602,0.11283646054752298,,,questionnaire_conflict_worse_hidden_lesion_tugou_04,2026-01-06,C1,answered_conflicting_worse,1,0,2,1,2,2,1,0,2,S2
9.0,0.5053340819764178,0.6202041779758745,0.03482336765726415,4.1346945198391625,4.204282692203871,5.519073673406729,1.32535453566629,0.2222222222222222,8396.875,5152.621406563362,2.0,0.7420833333333333,8,中华田园犬,0.3571811572384065,0.2538542556455065,0.24987558203795318,,0.1296388588185959,0.15623027285474042,0.14507823514200122,,questionnaire_conflict_worse_hidden_lesion_tugou_04,2026-01-08,C1,answered_conflicting_worse,1,0,2,1,3,3,2,2,3,S2
5.0,0.2512562814070352,0.2523254762780279,0.012679672174775274,3.0279057153363356,2.791694693655796,4.810581678247548,1.4109199966233528,0.4,18004.25,26397.506116819066,2.0,0.8291666666666666,9,中华田园犬,0.35274982952399664,0.2815940636221149,0.2500289930789623,,0.1345235192732623,0.1306053965437637,0.1357090429465023,,questionnaire_conflict_worse_hidden_lesion_tugou_04,2026-01-09,C1,answered_conflicting_worse,0,1,2,0,3,2,1,1,2,S2
7.0,0.32634032634032634,0.455055915185382,0.021214727980670492,3.90047927301756,3.88528605011912,5.621856767562697,1.5208052101552019,0.42857142857142855,13176.0,10961.334194947864,3.0,0.8937499999999999,21,中华田园犬,0.21359552379596278,0.19174106453259127,0.21198206138338052,0.21244854446164452,0.10098066356133464,0.08473346176971921,0.11761930903943432,0.1123848650593949,questionnaire_conflict_worse_hidden_lesion_tugou_04,2026-01-21,C1,answered_conflicting_worse,1,0,2,0,2,2,2,1,2,S2
5.0,0.22172949002217293,0.2869932685451256,0.012726974214861445,3.443919222541507,2.804605634728935,5.27891839768788,1.6669007540953764,0.4,18555.5,16991.211824057755,2.0,0.9395833333333333,24,中华田园犬,0.22354571601809833,0.2064023340548478,0.18861008003684665,0.21383569090620125,0.07982130454077274,0.08114226315143516,0.08633018781023606,0.10747563943376073,questionnaire_conflict_worse_hidden_lesion_tugou_04,2026-01-24,C1,answered_conflicting_worse,1,1,2,0,3,3,2,1,3,S2
3.0,0.182370820668693,0.10347473560002841,0.006290257483284403,2.069494712000568,2.108040402482342,2.5125437234142254,0.4635254327774713,0.6666666666666666,30153.5,25037.5,2.0,0.6854166666666667,31,中华田园犬,0.22225930657645254,0.2129104595230305,0.2096563967889392,0.21334683105416544,0.050597495141209224,0.05696876565729414,0.06743959560456726,0.09914769589957789,questionnaire_conflict_worse_hidden_lesion_tugou_04,2026-01-31,C1,answered_conflicting_worse,0,0,2,0,2,2,1,1,2,S2
4.0,0.20865936358894102,0.2633578913837704,0.013738022503065748,3.9503683707565562,3.9112627131546636,5.845867065807693,1.6818961494838132,0.75,22970.666666666668,30397.599130340684,3.0,0.7987500000000001,35,中华田园犬,0.24554100997132491,0.2256035893525011,0.21953268360383277,0.22024719398532625,0.12015670794389474,0.07926698227387019,0.07092022323691011,0.09373217987683423,questionnaire_conflict_worse_hidden_lesion_tugou_04,2026-02-04,C1,answered_conflicting_worse,0,0,2,0,2,2,1,0,3,S2
4.0,0.18458698661744347,0.29862546137647344,0.013780593510681746,4.479381920647102,4.87927204204156,5.8184007493828025,1.5304746923027528,0.5,25080.0,5206.740695163018,2.0,0.9029166666666667,40,中华田园犬,0.19633768915361502,0.19445090596057785,0.21589163022126093,0.20159034576340576,0.04233718638752194,0.05416966674821308,0.06971183885388338,0.07656577550859218,questionnaire_conflict_worse_hidden_lesion_tugou_04,2026-02-09,C1,answered_conflicting_worse,0,1,2,1,2,3,2,1,3,S2
3.0,0.14492753623188406,0.11831788962190899,0.005715840078353091,2.36635779243818,2.236090377846928,3.463535977203888,1.038192180164497,0.6666666666666666,22786.5,11361.5,2.0,0.8624999999999999,10,马尔济斯,0.14141459525285913,0.11423876215779176,0.11301874808167178,,0.09524252031261132,0.06580245353256045,0.08691625175540874,,questionnaire_conflict_worse_licking_maltese_03,2026-01-10,C1,answered_conflicting_worse,0,0,2,0,3,3,1,2,3,S2
3.0,0.1838235294117647,0.13926570260141383,0.008533437659400357,2.7853140520282764,2.8748154370654757,3.646269535477723,0.9090168043712638,0.6666666666666666,12744.0,2278.0,2.0,0.68,14,马尔济斯,0.13555896357913522,0.12723173843332808,0.11404041886367407,,0.04387528204151761,0.0675329284235906,0.07655681371851852,,questionnaire_conflict_worse_licking_maltese_03,2026-01-14,C1,answered_conflicting_worse,0,0,2,1,2,2,1,1,2,S2
10.0,0.49627791563275436,0.5201249087083185,0.025812650556244095,3.1207494522499113,3.226507572142148,4.391486877196974,1.1029501991335693,0.2,7211.555555555556,6486.180422184986,2.0,0.8395833333333332,27,马尔济斯,0.25592563429200965,0.1937985988089626,0.145150865087917,0.12758720170038926,0.2116940876897447,0.16601630081979454,0.13541520009994104,0.11064536725743737,questionnaire_conflict_worse_licking_maltese_03,2026-01-27,C2,answered_conflicting_worse,1,1,2,0,3,2,2,1,2,S2
3.0,0.18495684340320592,0.19898897344711516,0.012268124133607594,3.979779468942303,4.266670758670506,4.475415657303172,0.6856788961676037,0.6666666666666666,40156.5,15916.5,2.0,0.6758333333333333,30,马尔济斯,0.14816674125629284,0.1857192735926624,0.15237022476415746,0.12964515565597962,0.03441784305634539,0.1417813923088882,0.13259702598408207,0.1053426269674448,questionnaire_conflict_worse_licking_maltese_03,2026-01-30,C1,answered_conflicting_worse,0,1,2,1,3,3,2,2,3,S2
3.0,0.142721217887726,0.1570338740606664,0.007470688585188697,3.1406774812133285,3.283755621996236,4.073492522924733,1.0119687239610422,0.6666666666666666,31233.5,3189.5,2.0,0.8758333333333334,31,马尔济斯,0.15682240310522735,0.19357119207609044,0.1625645974704236,0.13252776393127727,0.02436516369299126,0.13688960947710385,0.1252649780844545,0.10444414811878784,questionnaire_conflict_worse_licking_maltese_03,2026-01-31,C1,answered_conflicting_worse,0,1,2,1,3,3,2,2,3,S2
6.0,0.30135610246107486,0.2946283701361086,0.014798009549779436,2.946283701361086,3.262190998530376,4.101093413816656,1.2179670186084037,0.3333333333333333,12217.0,6999.867513031943,2.0,0.8295833333333333,32,马尔济斯,0.20967805458400232,0.22273895959413098,0.17995164567634214,0.13343052814386713,0.0821560123337547,0.13466250340412197,0.1265126921246041,0.10581956320326698,questionnaire_conflict_worse_licking_maltese_03,2026-02-01,C1,answered_conflicting_worse,1,0,2,1,2,2,3,2,3,S2
7.0,0.35823950870010235,0.38925045200198305,0.019920698669497597,3.3364324457312833,3.830929829628328,4.298015271260225,1.011332088286704,0.42857142857142855,13576.833333333334,9506.266011017271,3.0,0.8141666666666666,34,马尔济斯,0.33919694596382916,0.2292588970782988,0.21152874794363075,0.15272206790416595,0.03277135938849797,0.10645249859224108,0.13523833497349544,0.11696137320196381,questionnaire_conflict_worse_licking_maltese_03,2026-02-03,C2,answered_conflicting_worse,1,1,1,1,3,3,2,2,3,S2
7.0,0.4055619930475087,0.47564664125016093,0.027557742830252658,4.076971210715665,4.452109105022381,5.373919839671773,0.9906303348893234,0.14285714285714285,12447.5,10311.277252762304,1.0,0.7191666666666667,25,马尔济斯,0.16657465053874895,0.22458337237043446,0.21209393077836877,0.16056801259965392,0.21225652173708257,0.19486419032564856,0.14795454099436395,0.12755041536514178,questionnaire_consistent_boundary_c1_maltese_11,2026-01-25,C2,answered_consistent,1,1,2,1,2,1,2,1,1,S2
6.0,0.3262642740619902,0.3254932028326302,0.017699467255716705,3.254932028326302,2.944330271375336,5.266058716965233,1.1569536480798635,0.16666666666666666,12785.0,6999.118973127975,1.0,0.76625,26,马尔济斯,0.2753294085594123,0.25501394250418913,0.227903393616105,0.1669409457328207,0.16182788931815528,0.19117798332313246,0.1474472778777214,0.12912906456775164,questionnaire_consistent_boundary_c1_maltese_11,2026-01-26,C1,answered_consistent,1,0,0,0,0,0,1,0,0,S0
5.0,0.3035822707953856,0.2839614573535153,0.017241132808349442,3.407537488242183,3.301382204668639,4.125443913741319,0.6353647707379628,0.4,18515.75,11018.880827357196,2.0,0.6862499999999999,35,马尔济斯,0.2664643039224389,0.1940170952685259,0.17317903144827304,0.17339909147229346,0.0514039824193417,0.08974475176933906,0.12286050402511349,0.12852060846828048,questionnaire_consistent_boundary_c1_maltese_11,2026-02-04,C1,answered_consistent,0,1,1,0,2,1,1,0,1,S1
7.0,0.3869541182974019,0.5025076914649398,0.027778202955496947,4.307208783985199,4.272041295238095,5.410373959788716,1.0523230429408896,0.2857142857142857,11905.5,10916.488244089,2.0,0.75375,37,马尔济斯,0.27919840420739966,0.22331121234100562,0.20141135536229351,0.18720272030856694,0.12179231431125177,0.10663845387678679,0.12412112001207128,0.12954339571555215,questionnaire_consistent_boundary_c1_maltese_11,2026-02-06,C1,answered_consistent,1,0,2,1,2,2,0,1,2,S2
8.0,0.41407867494824013,0.30742785255207683,0.015912414728368365,2.3057088941405763,2.1633410628035947,3.3160452568237773,0.8487753867134349,0.375,9265.285714285714,10067.018763045502,3.0,0.805,22,比熊,0.2216793443501518,0.15950072082094005,0.1205314914405181,0.0998452749575942,0.1702132422706008,0.12886101186389173,0.11672034065511154,0.10422142551551578,questionnaire_consistent_c1_moderate_bichon_02,2026-01-22,C2,answered_consistent,1,0,1,0,1,1,0,0,0,S1
4.0,0.1838235294117647,0.17502590407687593,0.008043469856474077,2.625388561153139,2.723272205343701,3.804814703999356,1.2379937271497483,0.25,14734.0,3432.857798783204,1.0,0.9066666666666667,23,比熊,0.2527195382054717,0.18576122502262074,0.12089904465596747,0.10349650341212334,0.1402370512172131,0.10797745349560814,0.11692545039317616,0.10331987833360372,questionnaire_consistent_c1_moderate_bichon_02,2026-01-23,C2,answered_consistent,0,1,2,1,2,1,1,2,2,S2
5.0,0.26082420448617627,0.26165598291695974,0.013649242718672912,3.1398717950035167,3.4655557530499674,4.045952228527533,0.9644731282053491,0.0,9417.25,3346.358571268178,0.0,0.7987500000000001,26,比熊,0.12574621329205485,0.17515717176262638,0.1478446617899792,0.10606377762903851,0.1306622668201183,0.13290518140283258,0.1102205371284459,0.10398249488947571,questionnaire_consistent_c1_moderate_bichon_02,2026-01-26,C1,answered_consistent,0,0,2,0,1,1,0,0,1,S1
6.0,0.27422303473491777,0.24427022368078047,0.01116408700552013,2.4427022368078046,2.369341301457455,4.093277244467746,0.9768894846970264,0.3333333333333333,14066.0,5896.794112057839,2.0,0.9116666666666666,28,比熊,0.2079787093699943,0.19117896683713945,0.16293312528878084,0.11145607649924315,0.10335217060940273,0.13789340765365435,0.11173816319286242,0.1050691731230707,questionnaire_consistent_c1_moderate_bichon_02,2026-01-28,C2,answered_consistent,1,1,2,0,2,2,1,0,2,S2
8.0,0.41972717733473247,0.4074558844760385,0.02137753853494431,3.0559191335702884,3.048097628315541,4.595583948262881,1.053711327932188,0.5,6836.428571428572,7175.603963771827,3.0,0.7941666666666666,31,比熊,0.24615660809151296,0.19462942176921744,0.190430485070511,0.12657862593781785,0.1633906082071426,0.14208958388248855,0.12117035484468767,0.11694009777061083,questionnaire_consistent_c1_moderate_bichon_02,2026-01-31,C2,answered_consistent,1,1,1,1,3,3,1,3,3,S2
7.0,0.34860557768924305,0.41530855579039466,0.02068269700151368,3.5597876210605257,4.233290263185011,4.662794626739961,1.3338508870420134,0.2857142857142857,10194.333333333334,3159.0018817482346,2.0,0.8366666666666666,34,比熊,0.19291549317355608,0.22734847693287502,0.20112324870797096,0.1363350927273902,0.14863372622316326,0.13190419725217972,0.13018121508465913,0.12049153837193614,questionnaire_consistent_c1_moderate_bichon_02,2026-02-03,C1,answered_consistent,1,1,1,0,1,1,0,0,0,S1
2.0,0.09652509652509653,0.06070549419354456,0.0029298018433177877,1.8211648258063369,1.8211648258063369,2.1723812280772217,0.49669499941936995,1.0,737.0,0.0,2.0,0.8633333333333333,35,比熊,0.1658838942059003,0.20196305718861485,0.19657101201287713,0.13782637464332254,0.15976388876744496,0.1383226297823841,0.13280798424271997,0.11968317239525193,questionnaire_consistent_c1_moderate_bichon_02,2026-02-04,C1,answered_consistent,0,0,0,1,0,0,0,0,0,S0
6.0,0.34110289937464466,0.36392876157898857,0.02068952595673613,3.6392876157898857,4.036211015089555,4.709407860386246,1.3471231484852215,0.3333333333333333,12105.8,10387.459812677977,2.0,0.7329166666666667,8,金毛,0.19264008374182395,0.18206461177682604,0.19784713139927573,,0.1408625715547494,0.0957668072914517,0.09926631719645951,,questionnaire_consistent_c2_severe_goldendoodle_01,2026-01-08,C1,answered_consistent,1,1,1,1,1,1,0,0,1,S1
2.0,0.10152284263959391,0.0653505644472014,0.003317287535390934,1.960516933416042,1.960516933416042,1.9963643603107637,0.05069591729069371,1.0,81452.0,0.0,2.0,0.8208333333333333,9,金毛,0.16783000489539338,0.1749555992384149,0.18714443264819997,,0.15142952749997912,0.10017781790967983,0.0982497142923892,,questionnaire_consistent_c2_severe_goldendoodle_01,2026-01-09,C1,answered_consistent,0,0,1,0,1,2,1,1,2,S2
5.0,0.27700831024930744,0.2368052488918441,0.013119404370739284,2.8416629867021292,2.699269199618393,4.006165151676091,0.7740801522560773,0.4,5473.0,1297.5420995096845,2.0,0.7520833333333333,13,金毛,0.20337344925962553,0.17601339639819022,0.18560797337961163,,0.09433455704527527,0.10756094484722856,0.09151314005593764,,questionnaire_consistent_c2_severe_goldendoodle_01,2026-01-13,C1,answered_consistent,0,0,2,0,2,3,1,1,2,S2
17.0,0.9397457158651189,1.4753284562182394,0.08155491742499942,5.207041610182022,5.0,8.607693143008078,1.8473229095583525,0.058823529411764705,3825.3125,6976.740425502711,1.0,0.75375,25,金毛,0.36450504828008884,0.2735539021186155,0.22249682504854998,0.2061524249061033,0.4989557597058814,0.309629568637908,0.22086147310506044,0.1740371168835529,questionnaire_consistent_c2_severe_goldendoodle_01,2026-01-25,C2,answered_consistent,1,0,2,1,3,3,2,3,3,S2
12.0,0.551470588235294,2.317874536296457,0.10651996949891804,11.589372681482283,6.672554740633167,75.0,20.093504199198136,0.0,1375.7272727272727,1837.0618384657355,0.0,0.9066666666666667,26,金毛,0.5320127023451411,0.3374467078078532,0.25495613337158807,0.2194338927264568,0.4178019172863099,0.3149631776171328,0.23400709559636415,0.18347668354604107,questionnaire_consistent_c2_severe_goldendoodle_01,2026-01-26,C2,answered_consistent,2,0,1,1,1,0,0,0,1,S1
14.0,0.6944444444444444,1.3626359437479687,0.0675910686382921,5.8398683303484376,6.1329668968703395,8.449916423461625,2.1005217517224595,0.0,1333.3076923076924,3056.1141084368865,0.0,0.84,27,金毛,0.7285535828482859,0.4071523563725621,0.28477300009981216,0.2370268761234193,0.1963720160205588,0.3345395605762264,0.2619583363447444,0.20180631485698045,questionnaire_consistent_c2_severe_goldendoodle_01,2026-01-27,C2,answered_consistent,1,1,1,1,1,1,0,1,1,S1
14.0,0.8106543138390272,1.0598102287066788,0.06136712383941395,4.5420438373143375,3.908342934953923,7.853020589782959,1.7967688388632814,0.0,1367.6923076923076,2095.5781425371115,0.0,0.7195833333333334,28,金毛,0.6855231155062552,0.4726878071555987,0.3291806923326626,0.2575135703275481,0.12982196842975163,0.36542161167206044,0.2950681886570602,0.22576349588604794,questionnaire_consistent_c2_severe_goldendoodle_01,2026-01-28,C2,answered_consistent,1,0,2,1,2,3,3,2,3,S2
11.0,0.4828797190517998,0.9882010742302386,0.04338020519008949,5.390187677619483,5.1800790989163685,8.288857580609456,1.565783203099673,0.7272727272727273,5523.9,8958.949731413833,7.0,0.9491666666666667,29,金毛,0.6626594924450905,0.5189948872015474,0.34955578237221807,0.265284816835281,0.16618290714506045,0.33855619328963976,0.2951340566219288,0.22561073770602463,questionnaire_consistent_c2_severe_goldendoodle_01,2026-01-29,C2,answered_consistent,1,1,1,0,1,0,0,0,1,S1
8.0,0.39603960396039606,0.727869868624669,0.03603316181310243,5.459024014685017,5.059133609793039,8.58621118758217,2.484837859698864,0.625,8751.42857142857,14603.566754707004,5.0,0.8416666666666667,30,金毛,0.563191212283741,0.5685794554758702,0.3660444513775704,0.26964330973945144,0.21866364894694676,0.278293892663716,0.29045325620191115,0.22296842668517836,questionnaire_consistent_c2_severe_goldendoodle_01,2026-01-30,C2,answered_consistent,1,1,2,1,2,1,1,1,2,S2
6.0,0.3133159268929504,0.7190429683295958,0.03754793568300761,7.1904296832959576,7.942932181436378,8.351570855295193,1.6506695266133398,0.5,7174.6,7457.754074786859,3.0,0.7979166666666666,31,金毛,0.3974117499683821,0.5983643303270043,0.38107932019162805,0.2698096816773357,0.08479022344187387,0.22677569002160616,0.2810766160387431,0.22300014469487744,questionnaire_consistent_c2_severe_goldendoodle_01,2026-01-31,C2,answered_consistent,0,0,2,1,2,2,1,1,2,S2
13.0,0.6024096385542169,1.1125363440911056,0.0515540474555656,5.134783126574334,4.706898908119978,8.000652891952607,1.9622362478175204,0.7692307692307693,4800.333333333333,9293.475841805488,10.0,0.8991666666666666,32,金毛,0.4372550564691878,0.5501734621397327,0.41186368212917407,0.2848471386155272,0.1488886452173245,0.17116360458095978,0.27994766396874315,0.2298375715698591,questionnaire_consistent_c2_severe_goldendoodle_01,2026-02-01,C2,answered_consistent,1,1,2,0,2,2,2,1,2,S2
10.0,0.4901960784313726,0.9746097773135325,0.047774989083996695,5.847658663881195,6.431667477712542,8.606022280078534,2.5649882647679343,0.7,6898.0,9809.563247724696,7.0,0.85,33,金毛,0.4686405479595133,0.5414199607391724,0.4394333342735128,0.2979302093295643,0.14574729569005535,0.17264661146973398,0.2659771161252296,0.22998834935496842,questionnaire_consistent_c2_severe_goldendoodle_01,2026-02-02,C2,answered_consistent,1,1,2,1,2,2,1,1,3,S2
10.0,0.5099439061703213,0.9749023709415277,0.04971455231726301,5.8494142256491655,5.762205259367901,8.402248848632949,1.817469332519361,0.7,5810.888888888889,9894.693768148263,7.0,0.8170833333333333,34,金毛,0.5341832077186369,0.5150627409857264,0.4611075486791442,0.30608191349136343,0.05990516316248165,0.1589299860934177,0.2577728617477164,0.2331080997820385,questionnaire_consistent_c2_severe_goldendoodle_01,2026-02-03,C2,answered_consistent,1,1,2,1,2,3,2,2,3,S2
13.0,0.6951871657754011,1.1545196643212694,0.061739019482420825,5.328552296867397,5.8796464482889865,8.338654883978581,1.9425390855287028,0.0,2306.3333333333335,5782.342782605987,0.0,0.7791666666666667,35,金毛,0.5651090501256983,0.49856743411949406,0.4856276206375464,0.32318317360130244,0.11308285149984057,0.12564381355082602,0.2628629470019093,0.2423386222060813,questionnaire_consistent_c2_severe_goldendoodle_01,2026-02-04,C2,answered_consistent,1,1,2,1,2,1,1,2,2,S2
9.0,0.5136986301369864,0.8075289511984868,0.046091835114068884,5.383526341323245,5.344303987871252,8.51208807940599,1.7145065481944928,0.6666666666666666,4646.5,6456.944362467436,6.0,0.73,36,金毛,0.5729432340275696,0.5029701357030921,0.5109825114523198,0.33444135863323915,0.1058829949750806,0.12554240287767549,0.2454487131016752,0.24310699100137093,questionnaire_consistent_c2_severe_goldendoodle_01,2026-02-05,C2,answered_consistent,1,0,2,1,3,3,2,2,3,S2
8.0,0.3885381253035454,0.5893223689706812,0.028621776054914096,4.4199177672801095,4.265384074037884,7.561379438443719,2.150270782813954,0.0,2977.8571428571427,3722.5002898808834,0.0,0.8579166666666667,37,金毛,0.532474640405311,0.5018984958949706,0.5352389756854203,0.345363820387626,0.15418434559570154,0.12663456414947252,0.21057888116126788,0.23769237553352252,questionnaire_consistent_c2_severe_goldendoodle_01,2026-02-06,C1,answered_consistent,1,0,1,0,0,0,1,1,0,S0
16.0,0.9019165727170237,1.4204005128977912,0.08006767265489241,5.326501923366717,4.970095722087547,8.594322819074955,1.9978372531409565,0.0,3014.4,8743.271521957136,0.0,0.7391666666666666,38,金毛,0.6013844427191851,0.5859843024412668,0.5921743163841356,0.36405760949903854,0.26768630682819555,0.16890628241680145,0.19220896136245133,0.25848906962508333,questionnaire_consistent_c2_severe_goldendoodle_01,2026-02-07,C2,answered_consistent,1,1,2,1,3,2,2,2,2,S2
10.0,0.45641259698767683,0.8223879443789772,0.03753482174253661,4.934327666273863,4.690058103565198,8.678431538072022,2.413646518782219,0.7,7698.444444444444,15784.70136352926,7.0,0.9129166666666667,39,金毛,0.582289098336082,0.5651275822174753,0.557650522178604,0.3758872679773079,0.27887815934733,0.17542805228804373,0.1666905415506625,0.25414414113107514,questionnaire_consistent_c2_severe_goldendoodle_01,2026-02-08,C2,answered_consistent,1,1,1,0,1,1,0,0,1,S1
7.0,0.32618825722274,0.6765785959131718,0.03152742758216085,5.799245107827187,5.8191044022056655,8.162477783510546,1.7668474005662047,0.5714285714285714,11500.666666666666,13345.98929350021,4.0,0.8941666666666667,40,金毛,0.5615058089758135,0.5416978934733849,0.5415589271062787,0.38281076280732346,0.3019092756441231,0.19675900137996138,0.17783441148768836,0.24968002233274844,questionnaire_consistent_c2_severe_goldendoodle_01,2026-02-09,C1,answered_consistent,1,1,1,1,1,0,0,0,0,S0
23.0,1.1095031355523395,2.3579044664900226,0.11374358256102376,6.151055129973972,6.243324106448499,8.497832540241518,1.5715232792944707,0.8695652173913043,2660.8636363636365,7387.239669589069,10.0,0.86375,41,金毛,0.6307013299209188,0.6273492119565304,0.5712059764711284,0.41192514179850787,0.41973559710100256,0.28934583300427497,0.23171723315121695,0.28094565387198145,questionnaire_consistent_c2_severe_goldendoodle_01,2026-02-10,C2,answered_consistent,2,0,2,1,1,1,0,1,1,S1
7.0,0.30607783121993876,0.7154291754005832,0.031282430056868524,6.132250074862141,5.9518534424053,7.494990464515566,1.2016588966630695,0.5714285714285714,8100.833333333333,8174.0676413616475,4.0,0.9529166666666667,42,金毛,0.5805897413316727,0.5717621641628929,0.5351647991411934,0.4188930604487471,0.45816278902593505,0.3107276243987131,0.23084781641389368,0.2754042776002786,questionnaire_consistent_c2_severe_goldendoodle_01,2026-02-11,C1,answered_consistent,1,1,0,0,0,1,0,0,1,S0
7.0,0.3628823224468637,0.6695871891422766,0.03471162203951667,5.739318764076656,5.64618434843104,8.127818530244568,2.1390472197198354,0.5714285714285714,10469.5,18857.79594535551,4.0,0.80375,1,金毛,,,,,,,,,questionnaire_consistent_recovery_goldendoodle_13,2026-01-01,C1,answered_consistent,1,0,0,0,0,0,0,0,0,S0
13.0,0.6256015399422521,1.3000935084778469,0.06256465392097434,6.000431577590063,5.772187719628599,8.723060861064603,1.7484802133944077,0.7692307692307693,2930.75,6327.52150167557,10.0,0.8658333333333333,3,金毛,0.37557757010512766,0.37557757010512766,,,0.24392424764388498,0.24392424764388498,,,questionnaire_consistent_recovery_goldendoodle_13,2026-01-03,C1,answered_consistent,2,0,2,1,3,1,1,2,2,S2
23.0,1.1616161616161615,2.201949435756405,0.1112095674624447,5.744215919364535,6.165366754225147,9.00753986288392,1.9842129760420284,0.8695652173913043,2921.6363636363635,11956.682333039678,10.0,0.8250000000000001,5,金毛,0.6996739034890331,0.5200305761680462,,,0.42972108396421893,0.39893246822818557,,,questionnaire_consistent_recovery_goldendoodle_13,2026-01-05,C2,answered_consistent,1,1,1,1,1,2,1,1,2,S2
16.0,0.7487131492746841,1.4560373199439591,0.06813464295479453,5.460139949789847,5.608448098632252,8.57430717272064,2.1015858189767,0.8125,2578.9333333333334,6288.391214151853,10.0,0.8904166666666667,6,金毛,0.7407111065998437,0.5581443383524858,,,0.4249625845148675,0.36882739129898956,,,questionnaire_consistent_recovery_goldendoodle_13,2026-01-06,C1,answered_consistent,2,1,2,1,2,2,2,1,2,S2
10.0,0.4940711462450593,1.1361451593532783,0.05613365411824498,6.816870956119669,8.024626322658232,9.162269055476816,2.4794787080116945,0.7,5968.444444444444,8610.475043174785,7.0,0.8433333333333333,7,金毛,0.8014668190453017,0.548991025194282,0.548991025194282,,0.3368846971033291,0.33756162766140935,0.33756162766140935,,questionnaire_consistent_recovery_goldendoodle_13,2026-01-07,C1,answered_consistent,1,1,0,1,1,0,0,1,1,S0
11.0,0.5729166666666667,1.1787269628908958,0.06139202931723416,6.4294197975867045,6.872375701199453,8.533366963727286,1.903546869257556,0.7272727272727273,4842.9,8469.857725487484,8.0,0.7999999999999999,8,金毛,0.6052336540621367,0.5789959315113967,0.5519817303783301,,0.13036076166728253,0.3274449167611672,0.3126357982875834,,questionnaire_consistent_recovery_goldendoodle_13,2026-01-08,C1,answered_consistent,1,0,1,0,1,1,0,0,1,S1
11.0,0.5121042830540037,0.887448612380666,0.04131511230822467,4.840628794803632,5.008918138145535,8.030715624494112,1.9759892680221935,0.7272727272727273,7360.5,13070.870868079142,8.0,0.895,9,金毛,0.5263640319885765,0.632403850815359,0.5475509028978495,,0.04131173383430263,0.26881551948944055,0.29274594730586156,,questionnaire_consistent_recovery_goldendoodle_13,2026-01-09,C1,answered_consistent,1,1,0,0,0,0,0,0,0,S0
15.0,0.6999533364442371,1.3593867198694267,0.0634338180060395,5.437546879477707,5.147276085583382,8.950939274357722,2.1626893897683424,0.8,2658.285714285714,5832.972819957877,11.0,0.8929166666666667,10,金毛,0.5949914287216358,0.6430255360299284,0.5627911462524882,,0.09585034196464429,0.2699683997891224,0.28017957909721347,,questionnaire_consistent_recovery_goldendoodle_13,2026-01-10,C1,answered_consistent,1,1,0,1,0,0,1,0,0,S0
10.0,0.5313496280552603,0.8249015243967333,0.04383111181704215,4.9494091463803995,4.196426916804662,8.918199322098555,2.3127121585752084,0.7,3467.8888888888887,5252.155545730077,7.0,0.7841666666666667,11,金毛,0.5811357491845003,0.6743891959080104,0.5599328264163765,,0.10334800485603554,0.23564651336801026,0.2659706878660187,,questionnaire_consistent_recovery_goldendoodle_13,2026-01-11,C1,answered_consistent,1,1,1,0,0,0,0,0,0,S0
13.0,0.6369426751592356,1.3498813563067749,0.06613823401797035,6.230221644492807,6.486297017663615,8.976653144209891,2.3445568336258433,0.7692307692307693,4840.416666666667,9057.594166023828,10.0,0.8504166666666667,12,金毛,0.6227485465529109,0.5994358406998782,0.5663503138116148,,0.08519335411755058,0.09820197144942366,0.2545656505981428,,questionnaire_consistent_recovery_goldendoodle_13,2026-01-12,C1,answered_consistent,1,1,2,0,1,1,2,1,3,S2
19.0,0.8508732646663681,2.102488001109029,0.09415530681186875,6.639435792975881,6.898991052154716,8.969878788919416,1.6161358431863746,0.0,1662.0,3925.357351036124,0.0,0.9304166666666666,14,金毛,0.5592197730125845,0.5705690333225603,0.5597800292584211,,0.33729922102560145,0.2039730554868264,0.2681771509119206,,questionnaire_consistent_recovery_goldendoodle_13,2026-01-14,C1,answered_consistent,2,0,0,0,0,0,1,0,0,S0
5.0,0.26910656620021534,0.5130778291110821,0.027614522557108837,6.156933949332985,5.787229991194707,7.978037351599985,1.5499527400563469,0.4,8059.5,6900.4399316275485,2.0,0.7741666666666666,18,金毛,0.2889029049606993,0.4093527073358635,0.541870951621937,0.5013738912183991,0.12948649639412713,0.2515844092041101,0.2715764740382707,0.26392604618756943,questionnaire_consistent_recovery_goldendoodle_13,2026-01-18,C1,answered_consistent,0,1,1,0,1,0,0,0,1,S1
12.0,0.6372809346787043,1.2965186554965806,0.06885388505026982,6.482593277482903,6.8706699286081685,8.526175632290085,1.9948236906516243,0.75,4934.909090909091,9456.549942231435,9.0,0.7845833333333333,20,金毛,0.5393121627633253,0.48393040272420285,0.5017638524218594,0.5186779982010473,0.23693297411859626,0.2530243042032397,0.20518376851981104,0.25555140967058365,questionnaire_consistent_recovery_goldendoodle_13,2026-01-20,C1,answered_consistent,2,0,2,1,3,2,2,1,2,S2
14.0,0.7333682556312205,1.3598973677671182,0.07123611145977571,5.828131576144792,6.461076921468715,9.168648099773304,2.174943111659182,0.7857142857142857,4760.384615384615,9015.98333336168,10.0,0.7954166666666667,21,金毛,0.694066059240327,0.4671439728620389,0.5188565030922996,0.5289013437929604,0.050372938121823266,0.2272030956527427,0.21426010885268654,0.25344831728049955,questionnaire_consistent_recovery_goldendoodle_13,2026-01-21,C1,answered_consistent,1,1,0,0,0,0,0,0,1,S0
8.0,0.354924578527063,0.7556073168383395,0.03352295105760158,5.667054876287546,5.288867832356734,8.54240239565214,2.01946271061684,0.625,7285.285714285715,8558.770768119946,5.0,0.9391666666666666,22,金毛,0.5751912562789959,0.4719759244471632,0.5032856396537564,0.5209933090081469,0.196713625120029,0.22391540968917284,0.21791899955350674,0.2501059862183429,questionnaire_consistent_recovery_goldendoodle_13,2026-01-22,C1,answered_consistent,1,0,1,0,2,2,2,1,1,S2
7.0,0.4122497055359246,0.592808657734159,0.03491217065572197,5.081217066292792,5.0,8.0686485319641,2.1107738486586705,0.5714285714285714,12125.0,14220.565084880887,4.0,0.7075,23,金毛,0.5001808465647359,0.5065180901730745,0.4961531698310365,0.516265326248485,0.20397014084664564,0.18490025009997044,0.219238285860507,0.24540542749804234,questionnaire_consistent_recovery_goldendoodle_13,2026-01-23,C1,answered_consistent,1,0,2,1,1,2,0,1,2,S2
16.0,0.7424593967517401,2.4809442835812,0.11512502476014848,9.303541063429499,4.757497428822718,75.0,17.615291232728623,0.75,2577.0666666666666,4511.240708373794,10.0,0.8979166666666667,24,金毛,0.5032112269382425,0.5515626321051321,0.49918931699585817,0.5256900791861207,0.20916813241021345,0.20012253145225462,0.22254709660334968,0.24441198815162685,questionnaire_consistent_recovery_goldendoodle_13,2026-01-24,C1,answered_consistent,2,0,1,0,2,1,1,0,1,S1
6.0,0.3213711837171933,0.5579860195600747,0.029886771267277696,5.579860195600747,5.765080666389311,8.187368648440836,2.6723607236965408,0.5,13716.2,14916.442208516079,3.0,0.7779166666666667,26,金毛,0.5337341146751191,0.5341465454854671,0.47707864871436684,0.5182809556823273,0.21056767357834066,0.1760602859191958,0.22361992205438583,0.23785806345871283,questionnaire_consistent_recovery_goldendoodle_13,2026-01-26,C1,answered_consistent,0,1,1,0,1,0,0,0,1,S0
17.0,0.9100642398286938,1.2889904055311547,0.06900376903271706,4.549377901874664,4.390814661444976,8.083982834464685,1.971043982668047,0.8235294117647058,3715.375,7590.854982106759,10.0,0.7783333333333333,27,金毛,0.5896023957007702,0.5731155890783227,0.5285229959012628,0.5327914476877483,0.2978017927735207,0.22584310625002707,0.2350118547053668,0.24512325254013898,questionnaire_consistent_recovery_goldendoodle_13,2026-01-27,C2,answered_consistent,1,1,0,0,1,1,0,1,1,S1
7.0,0.402067777139575,0.6429324430543093,0.03692891688996607,5.5108495118940795,5.994072633600583,7.960756274288276,1.955585090984525,0.5714285714285714,10080.333333333334,13281.182147016216,4.0,0.7254166666666667,28,金毛,0.5445010668951539,0.525786949293802,0.49646546107792044,0.5281227451681707,0.3191477872419328,0.2213319858149422,0.21762548336191048,0.2418063964202986,questionnaire_consistent_recovery_goldendoodle_13,2026-01-28,C1,answered_consistent,1,1,1,1,1,3,0,1,2,S2
19.0,1.0399562123700055,1.3191670488813392,0.07220399829673449,4.165790680677913,4.136412602471637,7.52135500113729,1.6899618294667775,0.8421052631578947,2940.5,6906.706412771736,10.0,0.76125,29,金毛,0.7840294097794246,0.6236486112713652,0.5478122678592642,0.5457721750716823,0.33710383821508577,0.27750820853383,0.2547109391431193,0.25576488433785705,questionnaire_consistent_recovery_goldendoodle_13,2026-01-29,C2,answered_consistent,2,1,1,1,3,3,2,1,2,S2
6.0,0.32345013477088946,0.39835097036741074,0.021474445841908933,3.983509703674107,3.5753118047199557,7.217983096931034,2.200727809370937,0.5,8757.8,9534.778180954185,3.0,0.7729166666666667,31,金毛,0.55328301162931,0.5472462855899738,0.549404458847553,0.536146785904995,0.42168762584178504,0.3053907248169322,0.24806021948150395,0.2564346438784968,questionnaire_consistent_recovery_goldendoodle_13,2026-01-31,C1,answered_consistent,1,1,2,0,3,3,2,0,2,S2
12.0,0.5805515239477503,0.8063266618176481,0.03900951435982816,4.031633309088241,3.718671435163041,7.198762607668149,1.8025845219977186,0.75,3834.5454545454545,6839.614534109844,9.0,0.8612500000000001,32,金毛,0.4001481154885584,0.5534148227887348,0.5716505272580912,0.5508902084390443,0.15681643053729113,0.3055940514210906,0.23458886254063288,0.24523957514657105,questionnaire_consistent_recovery_goldendoodle_13,2026-02-01,C1,answered_consistent,1,0,1,0,0,0,0,1,1,S0
9.0,0.46059365404298874,0.5279639979809677,0.027019651892577674,3.5197599865397846,3.279084924093648,6.711621384384962,1.7985933940252754,0.6666666666666666,5678.25,8716.428063576272,6.0,0.8141666666666666,34,金毛,0.4599334112089755,0.4916738636649189,0.5323947263716209,0.5462849804666523,0.12094958572004934,0.2605561977754742,0.2380340128044618,0.24452261848301532,questionnaire_consistent_recovery_goldendoodle_13,2026-02-03,C1,answered_consistent,1,1,2,0,2,2,2,1,2,S2
6.0,0.32292787944025836,0.3999752855970652,0.02152719513439533,3.9997528559706517,3.855225050205938,6.435705387863585,1.5484208348816098,0.5,8705.2,12779.106673003398,3.0,0.7741666666666666,35,金毛,0.37405886303981156,0.48036816399358795,0.503077556643695,0.5183287043941223,0.07535276078716088,0.266735954872175,0.23664896700544172,0.21828148139443135,questionnaire_consistent_recovery_goldendoodle_13,2026-02-04,C1,answered_consistent,1,0,2,0,2,3,1,1,2,S2
6.0,0.2866698518872432,0.3820137626513938,0.018251971459693924,3.820137626513938,4.199140795323703,5.088605397802711,1.2917041818429058,0.5,8494.6,7884.821535076111,3.0,0.8720833333333333,42,金毛,0.23301895632126035,0.19134322053684713,0.33585569226521755,0.42310709302274835,0.05335541853273929,0.1156827875702805,0.2480008412765217,0.2515170484949214,questionnaire_consistent_recovery_goldendoodle_13,2026-02-11,C1,answered_consistent,1,1,2,0,1,1,0,0,2,S1
8.0,0.4548038658328596,0.4294877613063769,0.02441658677125508,3.2211582097978266,2.99065954766351,4.967220020754724,1.0412147434161638,0.25,9218.57142857143,4631.307216176902,2.0,0.7329166666666667,2,中华田园犬,0.3364531870058518,,,,0.1673731351132167,,,,ramp_border_3_0_tianyuan_02,2026-01-02,C1,answered_consistent,1,0,0,0,0,0,0,0,0,S0
14.0,0.7142857142857142,0.7385834866139416,0.037682830949690896,3.165357799774035,3.042694952155613,4.814166509422631,1.3036216822734552,0.14285714285714285,4539.7692307692305,4780.043162886006,2.0,0.8166666666666668,4,中华田园犬,0.4933081312058952,0.4245067254491324,,,0.20446293349973746,0.2163436953552662,,,ramp_border_3_0_tianyuan_02,2026-01-04,C1,answered_consistent,2,0,0,0,0,0,0,0,0,S0
6.0,0.3133159268929504,0.31692688882388587,0.016549706988192473,3.1692688882388587,3.36014994276334,4.033933124696774,0.8620424038983676,0.6666666666666666,15866.4,14179.071035861269,4.0,0.7979166666666666,10,中华田园犬,0.2611539155576769,0.2934122539744862,0.3037626965332219,,0.09847974564451863,0.22122212363506719,0.18990828402517362,,ramp_border_3_0_tianyuan_02,2026-01-10,C1,answered_consistent,0,1,0,1,0,0,0,0,0,S0
6.0,0.2861230329041488,0.3216712104147996,0.015339590386971847,3.2167121041479962,3.0894238748922063,4.624642989503018,0.8400532579147615,0.3333333333333333,12173.2,7925.989437287941,2.0,0.8737499999999999,13,中华田园犬,0.3229209601343328,0.2503178038680042,0.30818383428732443,,0.04981626884003468,0.1311390888008835,0.1659308946469028,,ramp_border_3_0_tianyuan_02,2026-01-13,C1,answered_consistent,1,0,0,0,0,0,0,0,0,S0
7.0,0.3787878787878788,0.3936285920705761,0.021300248488667538,3.373959360604938,3.8870266015271073,4.223887852891766,0.9741279158925086,0.2857142857142857,13382.0,9450.344208898778,2.0,0.77,20,中华田园犬,0.351366375801856,0.21917526039415844,0.23474653213108132,0.27703083342471635,0.09141743576210935,0.14109552380559975,0.1318585920149329,0.1599164118726555,ramp_border_3_0_tianyuan_02,2026-01-20,C1,answered_consistent,1,0,0,0,1,2,0,1,1,S1
14.0,0.7874015748031495,0.8064271644587081,0.045355858518487516,3.4561164191087492,3.4522629088998995,4.952973596545991,0.9286896388353676,0.2857142857142857,5963.0,4585.497859053542,4.0,0.7408333333333333,22,中华田园犬,0.455664222147478,0.3209266685146422,0.2947922187764931,0.29676461164313095,0.30076051716835184,0.24295638602570882,0.17961998060635465,0.18817590259555558,ramp_border_3_0_tianyuan_02,2026-01-22,C1,answered_consistent,1,0,0,0,1,1,0,0,1,S1
10.0,0.45787545787545786,0.5343754393245053,0.02446773989581068,3.206252635947032,3.5049485178042312,4.781979916065584,1.3280128176452617,0.4,8468.444444444445,7325.251927576904,4.0,0.91,23,中华田园犬,0.4820267485100043,0.36338236365990806,0.30445613397036225,0.30376943104453646,0.2940439987325077,0.23615926792868322,0.18479507470692222,0.18689347100115664,ramp_border_3_0_tianyuan_02,2026-01-23,C1,answered_consistent,1,0,0,1,0,0,1,1,0,S0
8.0,0.3917727717923604,0.6081139552557658,0.02978031122702085,4.560854664418244,4.812894176564418,5.290722011128061,0.5910839477634485,0.25,9711.42857142857,6768.737334395597,2.0,0.8508333333333334,25,中华田园犬,0.40599078496600693,0.40490593999199226,0.31472403876317007,0.3098717524418761,0.046437853294373437,0.19024057338669859,0.1868949980248281,0.18021083340379812,ramp_border_3_0_tianyuan_02,2026-01-25,C1,answered_consistent,1,1,0,0,0,0,0,0,0,S0
12.0,0.6027122049221497,0.5213066446927067,0.026183156438609075,2.6065332234635337,2.5603308143069654,4.201458482322327,0.7761012741184738,0.5,6856.727272727273,8241.052835330614,5.0,0.8295833333333333,26,中华田园犬,0.45426970064823763,0.4553824608946578,0.3306599430812845,0.32113484676804044,0.12908850670269614,0.1889672063297705,0.2017725940210854,0.18567497498545626,ramp_border_3_0_tianyuan_02,2026-01-26,C1,answered_consistent,1,1,1,1,1,1,0,0,1,S1
9.0,0.40124832813196615,0.38015471488096136,0.016948493753052223,2.5343647658730757,2.586467183119197,3.758503758021529,0.9331455923872958,0.2222222222222222,9363.0,10023.838162101381,2.0,0.9345833333333333,27,中华田园犬,0.46524443494882545,0.4585910965152417,0.33888317845470006,0.3241020127444822,0.1191448168325644,0.18763587846878022,0.20216345584125267,0.1827209272146099,ramp_border_3_0_tianyuan_02,2026-01-27,C1,answered_consistent,1,0,0,0,0,0,0,0,0,S0
12.0,0.662251655629139,0.6168372607012647,0.03404179142942961,3.084186303506323,2.830832842959962,5.562890301947283,1.165496044953842,0.16666666666666666,6314.727272727273,6040.593756049138,2.0,0.755,28,中华田园犬,0.5554040628944182,0.5245123026263465,0.3790225179490583,0.33617878570464843,0.13678168542511845,0.16116613054092743,0.206881637488483,0.1903526739361828,ramp_border_3_0_tianyuan_02,2026-01-28,C1,answered_consistent,1,0,0,1,1,1,0,1,2,S1
18.0,0.972447325769854,1.0265358685044832,0.05545844778522329,3.421786228348277,3.279483316662866,5.695737352321052,1.448004787181934,0.3333333333333333,4618.588235294118,4354.8600174547855,6.0,0.7712500000000001,29,中华田园犬,0.6786491031769865,0.5509474099073043,0.43593703921097327,0.35811908018965555,0.2859523228445525,0.2169832716499311,0.2514329195244102,0.22113340582034974,ramp_border_3_0_tianyuan_02,2026-01-29,C2,answered_consistent,2,1,2,0,2,1,0,1,2,S2
6.0,0.3262642740619902,0.40310898873714657,0.02192001026303135,4.031089887371466,3.9360783544892834,5.769719942152397,1.3957454114128816,0.3333333333333333,13961.4,7143.945369331991,2.0,0.76625,30,中华田园犬,0.6536544184869945,0.532145812219666,0.4477640879397871,0.3570572533187334,0.323177301869238,0.23160169249685894,0.24117454870668711,0.21736513322661719,ramp_border_3_0_tianyuan_02,2026-01-30,C1,answered_consistent,1,0,0,1,1,0,0,0,1,S0
18.0,1.0765550239234452,1.4743861761704506,0.08818099139775423,4.914620587234835,5.072279236212521,6.571998492884691,1.3607295053828061,0.3333333333333333,4739.823529411765,3074.9180043643464,6.0,0.6966666666666667,33,中华田园犬,0.629094844008033,0.6070708736595783,0.5312266672771181,0.38717536480250947,0.38781747237011166,0.3055105253618672,0.2564258069387962,0.2515322845222921,ramp_border_3_0_tianyuan_02,2026-02-02,C2,answered_consistent,2,1,1,0,1,2,0,0,1,S1
13.0,0.6277160791887977,0.8479107973973659,0.040942095480317034,3.913434449526304,2.9776740468321123,6.786213576235866,1.807391312730369,0.3076923076923077,6712.833333333333,5979.265978269314,4.0,0.8629166666666667,34,中华田园犬,0.7083428221220333,0.6394234095248399,0.5490072530200408,0.38428971029927894,0.3352508712769327,0.29176376998832204,0.253658016476864,0.24812365236560477,ramp_border_3_0_tianyuan_02,2026-02-03,C1,answered_consistent,1,1,2,1,2,2,1,1,2,S2
19.0,0.9793814432989691,1.3310929973855814,0.06861304110234956,4.20345157069131,4.514208197726069,7.008712955057071,1.7988563144732443,0.3684210526315789,4363.944444444444,2913.9725933322293,7.0,0.8083333333333332,35,中华田园犬,0.8945508488037373,0.6847276649062443,0.6046199837662954,0.4096972495420712,0.23613824743026846,0.3192281294739234,0.2567740835491248,0.26859975452150586,ramp_border_3_0_tianyuan_02,2026-02-04,C2,answered_consistent,2,1,2,1,3,3,1,1,2,S2
16.0,0.7197480881691408,1.3083983850282417,0.05885732726172927,4.9064939438559065,5.043577185386026,7.1180377574847,1.6106299315158386,0.375,5617.2,3889.6929990253298,5.0,0.92625,36,中华田园犬,0.7756152035523026,0.6486277738204281,0.5997875918638662,0.42238941745279396,0.18236771373960736,0.29460736688223627,0.25368765350219635,0.27408325607688366,ramp_border_3_0_tianyuan_02,2026-02-05,C2,answered_consistent,2,0,2,1,1,1,0,0,1,S1
15.0,0.8610792192881744,1.036464120495594,0.05949851437977003,4.145856481982376,4.117205679420137,5.9161446637212265,1.2064803073842834,0.3333333333333333,5497.928571428572,3555.1309894349624,5.0,0.7258333333333334,37,中华田园犬,0.8534029169187615,0.7250299088527401,0.6285878605362031,0.4510920580957331,0.1299867838956821,0.2649268423452231,0.25916558653069244,0.2734106411073615,ramp_border_3_0_tianyuan_02,2026-02-06,C2,answered_consistent,1,1,2,0,3,3,1,3,3,S2
24.0,1.4742014742014742,1.8327095773677535,0.11257429836411262,4.581773943419384,4.678041580475918,6.969637741720702,1.7189328011105627,0.4583333333333333,3689.1739130434785,3194.3781956291236,9.0,0.6783333333333333,38,中华田园犬,1.0183429272195965,0.8799198130462654,0.7075790997484368,0.49531326808182263,0.40105970041649386,0.34209539189357646,0.3320262924751127,0.3250361692024021,ramp_border_3_0_tianyuan_02,2026-02-07,C2,answered_consistent,2,1,2,1,2,2,1,0,2,S2
23.0,1.4101778050275906,1.8341214131445933,0.11245379602358023,4.784664556029374,4.770013993143024,7.797218655703575,1.9972781307102776,0.5217391304347826,3857.318181818182,3092.4127883104134,10.0,0.6795833333333333,39,中华田园犬,1.2484861661724131,1.0212655904425132,0.780322316408096,0.5315665067440326,0.33702798759783587,0.32472258010373806,0.36721071414054557,0.3634849743106317,ramp_border_3_0_tianyuan_02,2026-02-08,C2,answered_consistent,2,0,2,0,2,2,1,2,2,S2
25.0,1.3520822065981613,2.054457054988067,0.11111179313077703,4.930696931971362,4.9188502088304,7.644918663516125,1.6047090163355162,0.4,3063.0416666666665,2884.4923077144595,10.0,0.7704166666666666,40,中华田园犬,1.4121538286090753,1.0606266165389011,0.8338487450992398,0.566192049400873,0.06108360976471606,0.34837867415067153,0.393037591851059,0.3904534641312971,ramp_border_3_0_tianyuan_02,2026-02-09,C2,answered_consistent,2,0,2,1,3,3,2,2,3,S2
12.0,0.6109979633401221,0.7517457243990994,0.038276258879791206,3.758728621995497,3.8465891993803507,5.984234463396405,1.328742528543941,0.4166666666666667,7549.272727272727,8361.999109509521,5.0,0.8183333333333334,8,金毛,0.22245591637831205,0.1672382692442755,0.16710910885743913,,0.3376656332536573,0.22124525515959503,0.2048336299810568,,ramp_chronic_transition_goldendoodle_04,2026-01-08,C1,answered_consistent,1,0,2,0,2,1,1,1,2,S2
13.0,0.7158590308370044,0.9329250099710145,0.05137252257549639,4.305807738327759,3.8331982748933657,5.915933795375299,1.1426548379693684,0.23076923076923078,6232.416666666667,6001.705111304249,3.0,0.7566666666666667,10,金毛,0.4874120185163226,0.25727982607432176,0.21881109630683584,,0.3093450550050261,0.29542357367637323,0.25146239602293463,,ramp_chronic_transition_goldendoodle_04,2026-01-10,C1,answered_consistent,1,1,1,0,0,0,0,0,0,S0
6.0,0.28971511347175277,0.4146870666014887,0.0200235184259531,4.146870666014887,4.145062425459736,5.312138324140229,0.7614458389679376,0.3333333333333333,8066.8,6742.398368533263,2.0,0.8629166666666667,11,金毛,0.3803177352268661,0.2583315649736478,0.22525691604910103,,0.30065906778150614,0.2955407955446419,0.23951416965574962,,ramp_chronic_transition_goldendoodle_04,2026-01-11,C1,answered_consistent,1,0,1,0,1,0,0,0,1,S1
10.0,0.5854800936768151,0.7505039892335577,0.04394051459212867,4.503023935401346,4.765340158800533,5.94323865287169,1.0879953507933902,0.3,8371.666666666666,4485.67368902871,3.0,0.7116666666666666,16,金毛,0.5051106231194566,0.43681549623137145,0.3085570982675233,0.28312252536568466,0.16781880423767317,0.20898037008626602,0.24347785544318168,0.23812968749174515,ramp_chronic_transition_goldendoodle_04,2026-01-16,C1,answered_consistent,1,0,1,1,2,2,0,0,2,S1
6.0,0.32590983161325365,0.43651965585496294,0.023711007922594403,4.36519655854963,4.414471875982358,5.149732427263037,0.5271979613942529,0.6666666666666666,16572.8,15926.191728093694,3.0,0.7670833333333333,17,金毛,0.509673489975971,0.3811084677708357,0.3191941469225787,0.28563942573318873,0.15995381982118,0.17065981346342055,0.24052291153554242,0.23080149522409502,ramp_chronic_transition_goldendoodle_04,2026-01-17,C1,answered_consistent,1,0,0,0,0,0,0,0,0,S0
6.0,0.35778175313059035,0.45897386452477207,0.027368745648465836,4.589738645247721,5.174583042115261,5.707466817899872,1.2458999315791541,0.3333333333333333,13880.2,10629.437057530375,2.0,0.69875,18,金毛,0.4230572261402197,0.3908322734363839,0.32458191920501583,0.28964733281082217,0.14156216220943252,0.16647229760420462,0.24047898649692398,0.2245550710418779,ramp_chronic_transition_goldendoodle_04,2026-01-18,C1,answered_consistent,1,1,0,1,0,0,0,0,0,S0
9.0,0.45045045045045046,0.4652014478363468,0.023283355747564904,3.1013429855756454,2.55916091465532,4.816356287277813,0.9081163285013376,0.3333333333333333,8084.375,6981.784280137492,3.0,0.8325,22,金毛,0.24593864448712685,0.35131721597507287,0.3619162823671527,0.2910773101818023,0.19877432977576948,0.17225947111225742,0.19244793196035218,0.21473877327988936,ramp_chronic_transition_goldendoodle_04,2026-01-22,C1,answered_consistent,1,0,2,0,2,1,0,1,2,S2
14.0,0.7042253521126761,2.196651957927357,0.11049557132431374,9.41422267683153,4.5436581316471685,75.0,18.911396371093986,0.0,3311.6153846153848,4383.436753866528,0.0,0.8283333333333333,26,金毛,0.5039159770898078,0.3475946279917935,0.3918589411207893,0.3115018187108009,0.17553238553728406,0.21285806474342397,0.17312097614523542,0.21601825853821707,ramp_chronic_transition_goldendoodle_04,2026-01-26,C2,answered_consistent,2,0,1,0,2,3,2,3,3,S2
18.0,0.9955752212389382,1.2225693403937654,0.06761998564124809,4.075231134645885,4.089769240069536,5.985959917731367,1.4591628313535518,0.0,2872.0588235294117,6573.532298459689,0.0,0.7533333333333333,27,金毛,0.7101236930906528,0.4564027840752174,0.43428528365908414,0.3368378706562875,0.28254853548157116,0.31515428318772637,0.23677313887522952,0.24940096703690626,ramp_chronic_transition_goldendoodle_04,2026-01-27,C1,answered_consistent,2,1,1,0,1,2,1,2,2,S2
5.0,0.2655337227827934,0.33882492708557227,0.01799388885212811,4.065899125026867,3.619027333420656,5.8983478693252485,1.4403245252563923,0.2,14785.5,10730.957214992519,1.0,0.7845833333333333,28,金毛,0.6551114320448025,0.48670083670762226,0.4309504616404471,0.33429129394651985,0.36749051719105413,0.2779584649831173,0.23894342951893693,0.24510954477344485,ramp_chronic_transition_goldendoodle_04,2026-01-28,C1,answered_consistent,1,1,0,0,1,1,0,0,0,S0
11.0,0.5882352941176471,0.839796565100686,0.04490890722463562,4.580708536912833,4.486580459678352,6.0807119434302574,1.0801122554866915,0.45454545454545453,6072.2,7116.75654775404,5.0,0.7791666666666667,29,金毛,0.616448079379793,0.5063843858029361,0.4288508008890045,0.3430479836075932,0.36583755726580247,0.2798358180366557,0.23730033837688527,0.2452686899661812,ramp_chronic_transition_goldendoodle_04,2026-01-29,C1,answered_consistent,1,1,1,0,2,2,0,0,2,S1
21.0,0.9438202247191011,1.376543401863786,0.06186711918488926,3.9329811481822463,4.03384651010626,6.3614720925627095,1.1527654397326543,0.7142857142857143,2723.15,5056.5186074511785,10.0,0.9270833333333334,31,金毛,0.5458098656045219,0.5761906284097597,0.438693970703708,0.36104602803888464,0.4208300404975118,0.33340517854403795,0.28627495458071134,0.26657555602517613,ramp_chronic_transition_goldendoodle_04,2026-01-31,C2,answered_consistent,2,1,1,0,1,1,0,0,0,S1
8.0,0.4195070791819612,0.5339278340236617,0.02799831326815216,4.004458755177463,3.741333360435732,5.578037922660984,1.314650392599935,0.25,7065.285714285715,7247.683644039773,2.0,0.7945833333333333,33,金毛,0.4837851576383823,0.48658196986162044,0.41708829892670696,0.3705989631654687,0.431501754549726,0.37327387342420393,0.3006995467041026,0.26271852761557646,ramp_chronic_transition_goldendoodle_04,2026-02-02,C1,answered_consistent,1,1,0,0,0,0,0,0,0,S0
16.0,0.7079646017699115,1.3769410839256073,0.06092659663387642,5.163529064721027,5.0145474678972075,7.013459925660341,1.2691811162473392,0.625,4418.133333333333,6293.449397234839,10.0,0.9416666666666668,34,金毛,0.405166616655319,0.44549473850890237,0.4509487612920599,0.3847860185185834,0.31021691090850206,0.3199268987305323,0.3051442414990887,0.26920058893135906,ramp_chronic_transition_goldendoodle_04,2026-02-03,C2,answered_consistent,1,1,2,1,2,2,1,0,2,S2
14.0,0.6334841628959276,1.2065818208715882,0.05459646248287729,5.171064946592521,5.557407232608138,7.165420226092367,1.4723110311903527,0.5714285714285714,3148.3846153846152,7077.683623012236,8.0,0.9208333333333334,35,金毛,0.5869852812826001,0.4980590870964929,0.49237996190205763,0.405902157281781,0.14974493339629943,0.3156296100630045,0.28578492296284197,0.26274502540191125,ramp_chronic_transition_goldendoodle_04,2026-02-04,C2,answered_consistent,1,0,1,1,3,3,2,3,3,S2
20.0,1.1520737327188941,1.5453041795631555,0.08901521771677164,4.635912538689466,4.66758896852078,7.146790741904206,1.495973510714156,0.7,2716.6315789473683,5444.485439999927,10.0,0.7233333333333333,36,金毛,0.831174165794911,0.5786074354680997,0.5424959106355178,0.44242562217925036,0.2803912141681961,0.40247555989758815,0.3351262172544968,0.2874737612889925,ramp_chronic_transition_goldendoodle_04,2026-02-05,C2,answered_consistent,2,1,1,0,1,1,0,0,1,S1
6.0,0.32485110990795885,0.4902983423144757,0.02654566011448163,4.902983423144757,4.5669483019570976,7.146415102596019,1.2798940491167137,0.16666666666666666,9810.0,8436.00846372264,1.0,0.7695833333333333,37,金毛,0.7034696685075935,0.6099612971725484,0.5525853805423899,0.45325399250951565,0.41802846215220935,0.36639697676657196,0.32547732120822587,0.2761283725767365,ramp_chronic_transition_goldendoodle_04,2026-02-06,C1,answered_consistent,1,0,1,0,1,1,0,1,1,S1
6.0,0.30816640986132515,0.3986550404968921,0.020475348767174738,3.9865504049689213,4.241180718443907,4.703030712096048,0.7899029338826838,0.5,9311.2,10173.899142413395,3.0,0.8112499999999999,39,金毛,0.2857023852078752,0.5385909617414744,0.5329234852965985,0.4461166265429724,0.05400641597150855,0.3229874902864269,0.33896499292461063,0.27274279175322247,ramp_chronic_transition_goldendoodle_04,2026-02-08,C1,answered_consistent,0,0,1,1,2,1,1,0,2,S1
14.0,0.6815968841285297,1.387024989626215,0.06752799365268818,5.944392812683779,6.0331779957286935,7.672532640301495,1.3369837544906398,0.5714285714285714,5222.307692307692,7541.31780347558,8.0,0.8558333333333333,40,金毛,0.4046176432813988,0.5760323624481269,0.5313071661548737,0.44497455498602323,0.24352689969907856,0.322071996773325,0.3381382669728888,0.2716438553518386,ramp_chronic_transition_goldendoodle_04,2026-02-09,C2,answered_consistent,1,0,1,0,2,2,0,0,1,S1
21.0,1.1332973556395034,1.689377398530489,0.09116985421103556,4.826792567229968,5.155142135280497,7.51321069103964,1.342822686272433,0.7142857142857143,2907.75,4131.704961332549,10.0,0.7720833333333333,41,金毛,0.707686883209786,0.6367941844294972,0.5411444614691997,0.4730939630582816,0.41318371877319016,0.3850706407972425,0.3543010330914132,0.2974537281182547,ramp_chronic_transition_goldendoodle_04,2026-02-10,C2,answered_consistent,2,1,0,1,0,1,0,1,1,S1
13.0,0.6605691056910569,0.8889378334997547,0.045169605360759896,4.102790000768099,3.932967673399181,5.584748539635248,1.0892164476648198,0.0,3280.5,6405.925063304024,0.0,0.82,42,金毛,0.8251544484863632,0.6406634619716586,0.5693612745340758,0.4906063987729948,0.26706662144134624,0.38516790319321487,0.3463029146970868,0.2922949766248883,ramp_chronic_transition_goldendoodle_04,2026-02-11,C1,answered_consistent,1,1,2,0,3,1,0,1,2,S2
18.0,0.8028545941123996,1.6778162864960722,0.07483569520499875,5.592720954986907,5.904438827321313,7.89551065567176,1.6083178692907896,0.0,2308.1176470588234,3081.7425911201403,0.0,0.9341666666666667,43,金毛,0.8655736851476532,0.5907750135993022,0.584691224533701,0.5039813377199811,0.242524767518797,0.3259522918193889,0.35190765965330484,0.2972207769907941,ramp_chronic_transition_goldendoodle_04,2026-02-12,C2,answered_consistent,2,0,2,1,2,2,2,1,2,S2
15.0,0.8264462809917356,1.1765335079956598,0.06482278280967824,4.706134031982639,4.594611401252475,7.526981088415567,1.4429529693811907,0.6,4268.857142857143,7222.110364875974,9.0,0.75625,44,金毛,0.7632899935983972,0.6624314666112703,0.6361963818919094,0.5211221727182486,0.0897375480599255,0.3126105863439876,0.32833714556503585,0.3005892473108935,ramp_chronic_transition_goldendoodle_04,2026-02-13,C2,answered_consistent,2,0,1,0,1,1,1,1,2,S1
13.0,0.6286266924564797,1.2873954427050056,0.06225316454086101,5.941825120176949,5.6190823476849925,7.998745357776633,1.6501588641831222,0.5384615384615384,6221.333333333333,8412.835771737271,7.0,0.8616666666666667,45,金毛,0.7526425225202048,0.72022247469729,0.613682558158865,0.5214887109788697,0.10804668667871878,0.24898891207612775,0.31620311327063744,0.30071766445676634,ramp_chronic_transition_goldendoodle_04,2026-02-14,C2,answered_consistent,2,1,1,0,2,2,1,1,2,S2
11.0,0.5857294994675186,0.9997810967090683,0.05323648012295358,5.453351436594918,5.639851514755816,8.003009669727296,1.5400475960621258,0.45454545454545453,6577.6,9456.822586894607,5.0,0.7825000000000001,46,金毛,0.6802674909719112,0.7598743446410319,0.6492326531912532,0.5214970245052265,0.128398680991387,0.18675524727520107,0.27826009167050747,0.3007194979829407,ramp_chronic_transition_goldendoodle_04,2026-02-15,C1,answered_consistent,1,1,2,0,1,1,0,0,1,S1
11.0,0.617630544637844,1.094915603044453,0.06147757456734716,5.972266925697016,5.860007281305527,8.462306048151614,1.3584883959833152,0.45454545454545453,6500.1,9133.22057600713,5.0,0.7420833333333333,47,金毛,0.6106622455206141,0.7507362961423626,0.6633843292952448,0.5312210482727129,0.02228138653727531,0.19269429355477435,0.27061097493430286,0.29888787437876585,ramp_chronic_transition_goldendoodle_04,2026-02-16,C1,answered_consistent,1,0,2,1,3,2,0,1,3,S2
12.0,0.625,0.9176157400336724,0.04779248646008711,4.588078700168362,4.4929621045488535,5.773322092608071,0.8111353162563589,0.16666666666666666,5564.181818181818,4682.410195579775,2.0,0.7999999999999999,1,中华田园犬,,,,,,,,,ramp_fast_severe_tianyuan_01,2026-01-01,C1,answered_consistent,2,1,1,0,1,2,0,0,1,S1
10.0,0.4496402877697842,0.7661958249559746,0.03445125112212116,4.597174949735847,4.4756449735904695,5.974805953546426,0.7951070883909802,0.2,6885.777777777777,4808.1404531569115,2.0,0.9266666666666666,16,中华田园犬,0.3873879705629171,0.4374835829561702,0.3561937155952936,0.3631327947966756,0.056672039374087324,0.1450588553306131,0.1727184772205113,0.1796650579364964,ramp_fast_severe_tianyuan_01,2026-01-16,C1,answered_consistent,2,0,2,0,2,2,2,1,2,S2
11.0,0.5059797608095676,0.7674822957616534,0.035302773494096294,4.186267067790837,3.799552871541606,5.69026957405222,0.945991957844335,0.18181818181818182,6754.0,5322.331105821959,2.0,0.9058333333333333,18,中华田园犬,0.3788445541095955,0.35877464821245963,0.3728471461447792,0.36094544951698954,0.173712483487783,0.11073126582735728,0.17310926882611535,0.17784923566651456,ramp_fast_severe_tianyuan_01,2026-01-18,C1,answered_consistent,1,1,0,0,0,0,0,0,0,S0
4.0,0.21152829190904282,0.2505125750445162,0.013247624275225604,3.757688625667743,3.278899285084881,5.935886581014598,1.506945491806094,0.5,14316.0,15524.319330220784,2.0,0.7879166666666667,22,中华田园犬,0.21500219608477086,0.26731230704046194,0.35187081317622015,0.3287122990118299,0.15526768236612695,0.17590759051260244,0.1779979553701682,0.18264933109836756,ramp_fast_severe_tianyuan_01,2026-01-22,C1,answered_consistent,0,0,2,0,2,1,0,1,2,S2
7.0,0.36958817317845827,0.46743355802413794,0.02467970211320686,4.006573354492611,4.09760897094752,5.517513976258684,1.2867949619122427,0.2857142857142857,10513.5,12463.605815199173,2.0,0.7891666666666667,23,中华田园犬,0.3176980488088736,0.2558762906702725,0.3466799368132213,0.33048951093211815,0.09195346865365855,0.1642976289868517,0.17620986712595943,0.1786533633454828,ramp_fast_severe_tianyuan_01,2026-01-23,C1,answered_consistent,1,0,1,0,0,0,0,0,0,S0
10.0,0.45167118337850043,1.941795075729727,0.08770528797333907,11.650770454378364,5.3626064496326205,75.0,22.30580153862054,0.0,5167.777777777777,4824.1088475323095,0.0,0.9225,24,中华田园犬,0.34426254948866714,0.29455594347442476,0.32875815616795867,0.33553874728405075,0.1220581520927038,0.17521686260001118,0.14767775091303947,0.17646870100531387,ramp_fast_severe_tianyuan_01,2026-01-24,C1,answered_consistent,1,0,1,0,2,2,1,1,1,S2
17.0,0.8015087223008015,1.433327882083448,0.06757792937687167,5.058804289706288,5.055522171406043,7.205760867627057,1.6457409271960546,0.7058823529411765,3590.125,5560.486375702669,10.0,0.88375,26,中华田园犬,0.5208619487577871,0.3681686582437331,0.3512349078474468,0.3524555614504645,0.2532425881466364,0.22978517380177327,0.18668367818821235,0.1925219939182127,ramp_fast_severe_tianyuan_01,2026-01-26,C2,answered_consistent,1,0,2,0,2,2,1,1,2,S2
28.0,1.4522821576763485,2.8113148009686646,0.1458150830377938,6.024246002075709,5.892084116196164,9.15788338259849,1.5532199783069993,0.0,1363.3703703703704,2851.742211456633,0.0,0.8033333333333333,29,中华田园犬,0.7273402411506756,0.5877421061291209,0.4275272065847915,0.39123673521255536,0.6525511455489627,0.42805422840517815,0.35565830767498063,0.27750573444395615,ramp_fast_severe_tianyuan_01,2026-01-29,C2,answered_consistent,2,1,2,0,3,3,2,2,3,S2
12.0,0.662251655629139,1.1348128623294014,0.06262764140890735,5.674064311647007,5.66141812711519,7.829889087379332,1.4002461136026247,0.5833333333333334,6443.545454545455,10369.291256253959,7.0,0.755,30,中华田园犬,0.8857854970768995,0.6295511750506468,0.4427137328604597,0.40027056589310817,0.49422127638497776,0.4173541824257453,0.3611716579020374,0.27713216679892116,ramp_fast_severe_tianyuan_01,2026-01-30,C2,answered_consistent,2,1,2,0,2,2,1,1,2,S2
29.0,1.5855658829961727,3.3769082876812186,0.1846313989984264,6.986706802099073,6.669008228556219,10.523378404876102,2.087823679076531,0.0,1287.9285714285713,3349.668607580793,0.0,0.7620833333333333,31,中华田园犬,1.2333665654338868,0.7915361321388856,0.5430460378066552,0.43228942865964726,0.4990694520903339,0.5390973980708108,0.46346722554558833,0.3499226683717548,ramp_fast_severe_tianyuan_01,2026-01-31,C2,answered_consistent,3,1,1,1,0,1,0,0,1,S1
3.0,0.13986013986013987,0.36142296920952083,0.016849555674103536,7.228459384190416,7.723549602494425,9.45997362617679,2.5158638694615156,0.3333333333333333,30511.0,14767.0,1.0,0.8937499999999999,32,中华田园犬,0.7958925594951506,0.7673153034626115,0.5168946363102674,0.43033767670789536,0.7320595551754793,0.5674330452663392,0.47588255800899415,0.35143217451756625,ramp_fast_severe_tianyuan_01,2026-02-01,C1,answered_consistent,0,1,0,0,0,0,0,0,1,S0
14.0,0.6641366223908919,1.7919576899807246,0.08500748054937024,7.679818671345963,7.201763336298923,11.69545913610821,2.483628614310952,0.6428571428571429,4222.7692307692305,6227.999223776521,9.0,0.8783333333333333,33,中华田园犬,0.7965208817490682,0.7476907177611958,0.5579296880024645,0.44770911988832257,0.7318882893095686,0.5684279996841551,0.460735129928713,0.34961430895882334,ramp_fast_severe_tianyuan_01,2026-02-02,C2,answered_consistent,1,1,2,1,3,3,1,1,3,S2
51.0,2.6743576297850025,6.491021023902364,0.34037865883074797,7.6364953222380745,7.543272882592534,11.754903368479257,2.2859416087204707,0.9019607843137255,1281.36,6048.48144168435,10.0,0.7945833333333333,34,中华田园犬,1.1594514640120115,1.103039538037558,0.7445623319152396,0.5264959735515516,1.3378796567167293,0.8614261272712155,0.7073667406310662,0.5349076644751659,ramp_fast_severe_tianyuan_01,2026-02-03,C2,answered_consistent,4,1,1,1,1,1,1,0,1,S1
21.0,0.9275618374558303,2.5637906537313664,0.11324163664891194,7.32511615351819,6.936615585338656,11.16480184552442,2.3032633906337936,0.0,2462.1,6110.8816786123425,0.0,0.9433333333333334,35,中华田园犬,1.4220186965439083,1.1580022751133607,0.7842469144950047,0.5529162759156888,1.092525887000662,0.8314779023173308,0.700406560320668,0.5344757937433378,ramp_fast_severe_tianyuan_01,2026-02-04,C2,answered_consistent,2,1,2,1,3,3,2,2,3,S2
8.0,0.4028197381671702,1.1182852106500873,0.05630841946878587,8.387139079875656,8.532590231034057,11.669064614083249,2.302439397735075,0.375,8298.142857142857,9596.590100187692,3.0,0.8275,36,中华田园犬,1.3349130684693344,1.0080790723263353,0.7979105892277281,0.5575369074345153,1.1892949034281022,0.8635676252174208,0.6901654134340006,0.5324892319487534,ramp_fast_severe_tianyuan_01,2026-02-05,C2,answered_consistent,1,1,2,1,3,3,1,2,3,S2
24.0,1.3008130081300813,3.306540559052064,0.1792162904635265,8.266351397630158,8.810421052929222,11.664336693480708,2.6450567191406575,0.0,1514.5217391304348,2978.6413574789317,0.0,0.7687499999999999,37,中华田园犬,0.8770648612510272,1.0993021226836126,0.8644266488671297,0.5978462350129169,0.4511213103800813,0.8546285060927765,0.6905837673744998,0.541688080305689,ramp_fast_severe_tianyuan_01,2026-02-06,C2,answered_consistent,1,1,2,1,3,3,2,2,3,S2
23.0,1.3466042154566746,2.8518218641494255,0.1669684932171795,7.439535297781109,7.319578312480845,11.590858123375282,2.568645858936736,0.0,1876.9545454545455,3957.4280499664364,0.0,0.7116666666666666,38,中华田园犬,1.0167456539179753,1.0651647416065415,0.9283504368727135,0.624811895241401,0.5321681888181171,0.836549227037999,0.6908577633250713,0.5584631608356055,ramp_fast_severe_tianyuan_01,2026-02-07,C2,answered_consistent,2,0,2,0,3,3,2,2,3,S2
4.0,0.22831050228310504,1.3429651515917393,0.07665326207715407,20.14447727387609,2.1517230114138703,75.0,36.57291026040034,0.25,23971.666666666668,18915.513039713078,1.0,0.73,20,马尔济斯,0.1978397327524427,0.19084046057694884,0.15119705328289984,0.16036304089783163,0.026619540557381072,0.07926032081262863,0.09442474608011987,0.10517582516797379,ramp_slow_severe_maltese_01,2026-01-20,C1,answered_conflicting_worse,0,1,2,0,3,3,1,2,2,S2
5.0,0.22172949002217293,0.16671439515345415,0.007393099563346082,2.0005727418414496,1.4600833757373697,3.1817515106083296,0.9470474177724959,0.6,13637.25,19615.901449780482,3.0,0.9395833333333333,22,马尔济斯,0.1692589042865168,0.19826844179042652,0.1644362363913014,0.158487592206049,0.09663708154171965,0.07737865477410616,0.08816314076247318,0.1033712108142779,ramp_slow_severe_maltese_01,2026-01-22,C1,answered_conflicting_worse,0,0,2,0,1,2,0,1,2,S2
4.0,0.19880715705765406,0.1542394783879871,0.007665978051092798,2.3135921758198066,2.2150877751619227,2.7405553314221045,0.2950325009987411,1.0,28084.666666666668,29646.3023476603,4.0,0.8383333333333334,25,马尔济斯,0.22203947752908007,0.19328566043696158,0.18796340456882102,0.1661138184448127,0.027011215344449883,0.06396609719000493,0.0844462653494956,0.09927224907134398,ramp_slow_severe_maltese_01,2026-01-25,C1,answered_conflicting_worse,0,1,2,0,1,2,1,0,2,S2
5.0,0.22532672374943666,0.1859019438371785,0.008377735188696642,2.230823326046142,2.0859172258812606,2.648756021146353,0.3029282387930762,0.6,13246.0,17926.269759768762,3.0,0.9245833333333334,28,马尔济斯,0.12869127681039144,0.1819888218629411,0.18697794635567602,0.1621042604125533,0.0877561252453865,0.07277231299794719,0.07213559051284733,0.09731068568374666,ramp_slow_severe_maltese_01,2026-01-28,C1,answered_conflicting_worse,1,1,2,1,3,3,2,2,3,S2
5.0,0.24606299212598426,0.23890075756604326,0.011756927045572995,2.866809090792519,2.852332555368018,3.774105333405316,0.5824716161412916,0.6,12685.5,12435.595612997393,3.0,0.8466666666666667,30,马尔济斯,0.20581539701527338,0.1755254724477436,0.17962360752767617,0.16436795862826253,0.05278110231505581,0.07546277886586558,0.06500961074622653,0.09519958127194521,ramp_slow_severe_maltese_01,2026-01-30,C1,answered_conflicting_worse,1,0,2,1,1,2,1,2,2,S2
4.0,0.2324230098779779,0.13577572141117025,0.0078893504596845,2.036635821167554,1.7961090128366328,3.2193803161403056,0.8835682106021815,0.75,21545.666666666668,23823.58879113071,3.0,0.7170833333333334,32,马尔济斯,0.20812164083331683,0.1652136040145034,0.1792496322257325,0.17318367655023292,0.05433350214347177,0.07210925686786385,0.06708581205371926,0.09019075658377305,ramp_slow_severe_maltese_01,2026-02-01,C1,answered_conflicting_worse,0,0,2,1,2,3,1,2,3,S2
4.0,0.19675356615838663,0.13472452105641133,0.006626882491707395,2.02086781584617,1.7201816989342298,3.0331249423751707,0.6780938745341596,0.5,20690.333333333332,12252.082172249562,2.0,0.8470833333333333,33,马尔济斯,0.19168516551078427,0.1856117505021675,0.18051028140762154,0.16747219010520573,0.04349409575543459,0.053079718382163084,0.06724850450153573,0.08252106446404121,ramp_slow_severe_maltese_01,2026-02-02,C1,answered_conflicting_worse,0,0,1,0,3,3,2,2,3,S2
8.0,0.35211267605633806,0.3283322850083766,0.01445124493874897,2.4624921375628244,2.2249592718176725,4.034226571788449,0.8958527203065249,0.75,6527.285714285715,12251.836931827065,6.0,0.9466666666666667,34,马尔济斯,0.2604297506975675,0.22065919480493015,0.18935329381999533,0.16893706564503946,0.0813781076553928,0.070491935834935,0.08079338997338222,0.08544304941307415,ramp_slow_severe_maltese_01,2026-02-03,C1,answered_conflicting_worse,1,1,2,1,3,3,2,1,3,S2
6.0,0.3225806451612903,0.2737122413215071,0.014715711899005758,2.737122413215071,2.75013027357581,4.173381370249039,0.8755238455680757,0.6666666666666666,5812.2,7050.031585744847,4.0,0.775,36,马尔济斯,0.29669816864138143,0.24445899922606878,0.20781869519794968,0.17685622297694462,0.07193702044063177,0.07150517508401193,0.07851590670671942,0.08999849750206204,ramp_slow_severe_maltese_01,2026-02-05,C1,answered_conflicting_worse,1,0,2,0,2,2,0,1,2,S2
4.0,0.24906600249066005,0.13231800954445255,0.00823897942368945,1.9847701431667881,2.0317313543740094,2.3468605106102114,0.3579341358336875,0.5,26127.333333333332,8308.59331589222,2.0,0.6691666666666666,37,马尔济斯,0.26234927745282205,0.24488800070673672,0.21020673657724018,0.18202116815800584,0.05481052117189226,0.07152540780815266,0.07927660964591743,0.08953143111682779,ramp_slow_severe_maltese_01,2026-02-06,C1,answered_conflicting_worse,0,0,2,0,3,1,1,0,2,S2
7.0,0.36458333333333337,0.33640280905318476,0.017520979638186707,2.883452649027298,2.3618561433038234,4.408789374888647,1.0271546513030458,0.7142857142857143,4023.8333333333335,5951.838943180129,5.0,0.7999999999999999,39,马尔济斯,0.27443098056467147,0.27287728768236363,0.21904544584843352,0.19580013583654482,0.0805240111465065,0.07167341270695125,0.08883479863200049,0.088527609775591,ramp_slow_severe_maltese_01,2026-02-08,C1,answered_conflicting_worse,1,0,2,0,3,2,2,2,3,S2
5.0,0.22593764121102577,0.2868836876280788,0.012963564736921772,3.442604251536946,3.863589079318059,4.503819271549583,1.1533761956295188,0.6,6845.5,6741.279644844886,3.0,0.9220833333333333,40,马尔济斯,0.2667215268047934,0.27704644126131206,0.23132909588173978,0.20080038573466988,0.08514149270300313,0.06721768749816519,0.07507693666989262,0.08571532122025814,ramp_slow_severe_maltese_01,2026-02-09,C1,answered_conflicting_worse,0,0,1,0,2,1,1,1,2,S2
4.0,0.23405500292568754,0.2009862770277013,0.011760460914435418,3.0147941554155198,2.936427535193439,3.649512362283325,0.4937927128001155,0.5,21973.0,16058.239152119595,2.0,0.7120833333333333,41,马尔济斯,0.27485865915668223,0.26018105938550484,0.2404201270952175,0.2052705516659426,0.07780977289120777,0.05962597518245458,0.0659913408276654,0.08374879829564283,ramp_slow_severe_maltese_01,2026-02-10,C1,answered_conflicting_worse,0,0,2,0,3,3,1,2,3,S2
9.0,0.5507955936352509,0.4723800058974684,0.028909425085524385,3.1492000393164563,3.1769506144393773,4.481206605798614,0.9082165697288284,0.7777777777777778,3227.0,6692.897877601301,7.0,0.6808333333333333,43,马尔济斯,0.38179111818667905,0.3135148482092967,0.2789869237176828,0.2239805034950487,0.15943778664282288,0.12250606026046826,0.10281231412395656,0.10221391814283919,ramp_slow_severe_maltese_01,2026-02-12,C2,answered_conflicting_worse,1,1,1,1,3,3,2,2,3,S2
6.0,0.263042525208242,0.3183626631617414,0.013957153141680903,3.183626631617414,3.0314994628510057,4.529762845748612,0.988097925881812,0.6666666666666666,14355.2,21955.7080268435,4.0,0.9504166666666666,44,马尔济斯,0.39145362561419716,0.3155114943118085,0.2801997475092726,0.23108690604685547,0.14634888460749135,0.12138939019281182,0.1024937073312238,0.09696647192071237,ramp_slow_severe_maltese_01,2026-02-13,C1,answered_conflicting_worse,0,0,2,1,2,3,2,2,3,S2
12.0,0.5390835579514824,0.6539386058797633,0.029377295861624582,3.2696930293988165,3.5095928465835744,4.532952709468258,1.0160420873303397,0.0,3047.2727272727275,7638.33457681961,0.0,0.9275000000000001,46,马尔济斯,0.6821566581874797,0.4882544243333574,0.3805658560078605,0.274031813995716,0.5060538774005586,0.36023823125328064,0.273412559013952,0.21403971742154926,ramp_slow_severe_maltese_01,2026-02-15,C1,answered_conflicting_worse,1,0,2,0,3,3,2,1,3,S2
7.0,0.35211267605633806,0.3703819562399948,0.018630883110663726,3.1747024820570986,2.992588762420452,4.356910608791745,0.8183456341824936,0.7142857142857143,10209.333333333334,14213.282375612216,5.0,0.8283333333333333,47,马尔济斯,0.7118467084701785,0.5062794293112592,0.3916629352862856,0.2791877909896308,0.47053635889533285,0.3478696295127563,0.2684866634326748,0.21399394079735906,ramp_slow_severe_maltese_01,2026-02-16,C2,answered_conflicting_worse,1,1,2,1,3,3,2,1,2,S2
8.0,0.3611738148984199,0.5258380547038232,0.023739867029517976,3.943785410278674,3.7985270073233908,5.1346065704919,0.9446956454177976,0.75,6695.428571428572,11045.577122051327,6.0,0.9229166666666666,48,马尔济斯,0.4174566829687468,0.5244392595930781,0.39231015948929154,0.28502344420750203,0.10542935358726445,0.3343453104666334,0.26839489399651967,0.21375496004815397,ramp_slow_severe_maltese_01,2026-02-17,C1,answered_conflicting_worse,1,0,2,1,3,2,0,1,2,S2
9.0,0.4591836734693877,0.4917344260840259,0.025088491126736015,3.2782295072268393,3.2688968166561967,4.4421792307034815,0.8747771268249656,0.7777777777777778,6202.75,15558.124242256841,6.0,0.8166666666666668,49,马尔济斯,0.39082338814138184,0.5385336760888337,0.4097231944009252,0.2943594174027503,0.05937484751031961,0.32830875299967843,0.26390498539755963,0.215081576465949,ramp_slow_severe_maltese_01,2026-02-18,C2,answered_conflicting_worse,1,1,2,0,3,3,2,2,2,S2
10.0,0.6246096189881324,0.5546529245645483,0.03464415518829158,3.3279175473872895,3.1322134864098468,5.108887204524646,1.2239768822346428,0.8,2074.0,3338.8421479442372,8.0,0.6670833333333334,50,马尔济斯,0.48165570245198003,0.549078536853531,0.43129669253141395,0.3075693879595845,0.13314784934066434,0.3299495361620934,0.26853770215337686,0.22291254573321279,ramp_slow_severe_maltese_01,2026-02-19,C2,answered_conflicting_worse,1,1,2,0,3,3,1,2,3,S2
18.0,0.9183673469387754,1.22925780839091,0.0627172351219852,4.097526027969701,3.860905747528041,6.59792260357328,1.338786028859719,0.1111111111111111,4224.470588235294,4360.470294625503,2.0,0.8166666666666668,2,金毛,0.6167703461393562,,,,0.4265225689015879,,,,single_day_spike_conflict_goldenretriever_18,2026-01-02,C1,answered_conflicting_better,1,0,1,1,0,0,0,0,1,S0
20.0,1.148105625717566,1.4755809743355939,0.08470614089182513,4.426742923006782,3.964854568612872,6.556704919018494,1.2132978278808764,0.15,3694.8947368421054,4435.149162562949,3.0,0.7258333333333334,3,金毛,0.7938821059987594,0.7938821059987594,,,0.4301935347406905,0.4301935347406905,,,single_day_spike_conflict_goldenretriever_18,2026-01-03,C1,answered_conflicting_better,2,0,0,0,0,0,0,0,1,S0
17.0,0.914470145239376,1.3323151951638663,0.07166838058977226,4.702288924107764,4.832443895984424,6.970867322366256,1.3530322984658438,0.23529411764705882,4683.6875,3496.524751784799,4.0,0.7745833333333333,4,金毛,0.9936477059652392,0.8240291158089136,,,0.1337786745932761,0.35638886115744495,,,single_day_spike_conflict_goldenretriever_18,2026-01-04,C1,answered_conflicting_better,1,1,0,1,0,1,1,0,0,S0
15.0,0.706547338671691,1.2840271839718014,0.0604817326411588,5.1361087358872055,5.142743981474885,6.742938425239871,1.1168234734560807,0.26666666666666666,5309.857142857143,4819.751843895564,4.0,0.8845833333333334,5,金毛,0.9230410365428776,0.800532760381469,,,0.2209038826006102,0.31308171275194185,,,single_day_spike_conflict_goldenretriever_18,2026-01-05,C1,answered_conflicting_better,1,0,0,0,0,0,0,0,0,S0
27.0,1.3691683569979718,1.9497605329113885,0.09887223797725095,4.33280118424753,4.697484892060917,6.989065219013488,1.5110496557642876,0.2222222222222222,2903.0384615384614,4525.586017988501,5.0,0.8216666666666667,6,金毛,0.9967286136363462,0.8953053598175528,,,0.33888271599360287,0.36374056786532055,,,single_day_spike_conflict_goldenretriever_18,2026-01-06,C1,answered_conflicting_better,3,0,0,0,0,0,0,0,0,S0
29.0,1.804604853764779,2.2382563016979935,0.13928166158668284,4.630875106961366,4.849031103585116,6.973236530218904,1.4555104514771526,0.20689655172413793,2870.214285714286,2585.985103221137,6.0,0.6695833333333333,7,金毛,1.2934401831448141,1.0252052875242994,1.0252052875242994,,0.5529318618504928,0.4778848596890407,0.4778848596890407,,single_day_spike_conflict_goldenretriever_18,2026-01-07,C2,answered_conflicting_better,3,0,0,0,1,0,0,0,0,S1
11.0,0.5210800568450972,0.8414590946518475,0.03986068662490988,4.589776879919168,4.29060669221869,6.904275835107079,1.9427947383835134,0.18181818181818182,7038.5,4832.826879787854,2.0,0.8795833333333333,10,金毛,0.5672543993462483,0.9280791275303661,0.887820021070884,,0.45881338770936825,0.5513198554177561,0.49795950502104275,,single_day_spike_conflict_goldenretriever_18,2026-01-10,C1,answered_conflicting_better,1,0,0,1,0,0,0,0,0,S0
20.0,1.0758472296933836,1.473589100085302,0.07926783755165692,4.420767300255906,4.139351023109489,6.814224432866485,1.5022244387882124,0.1,4115.684210526316,4544.873746757023,2.0,0.7745833333333333,11,金毛,0.576733795646101,0.9511329967380815,0.9049134036729295,,0.47374468862295627,0.5540233658259779,0.4757954631911708,,single_day_spike_conflict_goldenretriever_18,2026-01-11,C1,answered_conflicting_better,1,0,0,0,0,0,0,0,0,S0
26.0,1.3436692506459946,1.8139201688173894,0.0937426443833276,4.185969620347821,3.8371380176530465,6.936755573143358,1.3115471792373148,0.19230769230769232,2862.32,2147.2435859957764,5.0,0.80625,12,金毛,0.9801988457281584,1.0421504127344108,0.9414763909206849,,0.4195529828947375,0.5594528153598863,0.4710025764017843,,single_day_spike_conflict_goldenretriever_18,2026-01-12,C1,answered_conflicting_better,3,1,0,0,1,0,0,0,0,S0
13.0,0.6007393715341959,1.076199107531785,0.04973193657725439,4.967072803992854,5.223354976403724,6.874361280593588,1.4305306324830773,0.15384615384615385,5236.416666666667,4398.898942885847,2.0,0.9016666666666667,13,金毛,1.0067519506245246,0.9323748433824426,0.915265850967878,,0.37625366378478037,0.5599810945799673,0.46074654202615056,,single_day_spike_conflict_goldenretriever_18,2026-01-13,C1,answered_conflicting_better,2,0,0,0,0,0,0,0,0,S0
17.0,0.7936507936507936,1.3352102703726143,0.06233474651599506,4.7125068366092275,5.038564117581258,6.833007739510097,1.6428791178886488,0.23529411764705882,5121.875,3764.6205299306066,4.0,0.8925000000000001,14,金毛,0.9126864719436614,0.7879528347947303,0.9065790611595149,,0.38550398292268034,0.40700698452907075,0.443862616443981,,single_day_spike_conflict_goldenretriever_18,2026-01-14,C1,answered_conflicting_better,2,1,0,0,0,0,0,0,0,S0
12.0,0.6389776357827476,0.8465919120714879,0.04507944153735292,4.232959560357439,3.6003213872583775,6.945766219621298,1.8565638268688756,0.25,7081.545454545455,7070.113736562792,3.0,0.7825000000000001,15,金毛,0.6777892669892457,0.7296054912217192,0.929707939048287,0.8887389661343971,0.10214431571773235,0.39263496879156284,0.41837992136891317,0.4332616149296729,single_day_spike_conflict_goldenretriever_18,2026-01-15,C1,answered_conflicting_better,2,0,0,0,0,0,0,0,0,S0
32.0,1.6137165910237017,2.3404241101047756,0.11802441301587371,4.388295206446454,4.358862298197012,6.99429011306394,1.5370512963051388,0.125,2345.5806451612902,2372.088256180461,4.0,0.8262499999999999,16,金毛,1.0154483401524144,0.9410972755965591,0.9793757421972105,0.9340500676899787,0.5238555348964642,0.41591529534566407,0.4564702045574548,0.45612584516438065,single_day_spike_conflict_goldenretriever_18,2026-01-16,C2,answered_conflicting_better,2,0,1,0,2,1,0,0,1,S1
58.0,2.737140160453044,4.326698671563453,0.20418587407095107,4.475895177479435,4.6272865624619115,6.894389077639721,1.5060127870745068,0.15517241379310345,1485.7894736842106,1890.888649683855,6.0,0.8829166666666667,20,金毛,1.1508919888665863,0.9617704593945408,0.9470726513884917,0.9315424639172101,1.3738145799618122,0.910136530871797,0.7261377462315219,0.6294266283265953,single_day_spike_conflict_goldenretriever_18,2026-01-20,C2,answered_conflicting_better,4,0,0,1,0,1,0,0,1,S1
29.0,1.4222658165767532,1.9407960215633475,0.09518371856612788,4.015440044613823,3.526319913712284,6.720016200992005,1.5665304575517274,0.034482758620689655,2000.25,1254.5196469736363,1.0,0.8495833333333334,22,金毛,1.7479602876248486,1.1152150698213923,0.9224102805215557,0.9607995445802593,0.8731456315114347,0.9036894019289798,0.6986433082513793,0.6083837281444933,single_day_spike_conflict_goldenretriever_18,2026-01-22,C1,answered_conflicting_better,2,0,0,0,0,0,0,0,0,S0
20.0,0.9615384615384615,1.44007699989887,0.06923447114898414,4.32023099969661,4.32313912292802,6.551803768007166,1.3014851692497629,0.2,3841.5263157894738,3078.2114145174264,4.0,0.8666666666666667,23,金毛,1.1560930546533212,1.0220467656092151,0.9815720206028872,0.9608316714045289,0.23856717187778495,0.8769528316730669,0.6607178893538027,0.5943960455159529,single_day_spike_conflict_goldenretriever_18,2026-01-23,C1,answered_conflicting_better,2,0,1,0,0,0,0,0,0,S0
33.0,1.6019417475728155,2.5977440265697025,0.12610407895969428,4.72317095739946,5.018248746682276,6.902276123785922,1.286722157184908,0.12121212121212122,2443.9375,2732.0673255053125,4.0,0.8583333333333334,24,金毛,1.328582008562677,1.217556696876077,1.0587764270834386,0.9875445912448741,0.33032042641034676,0.822696718750172,0.6658992846688842,0.5958786973158448,single_day_spike_conflict_goldenretriever_18,2026-01-24,C2,answered_conflicting_better,3,1,1,0,0,0,0,0,0,S1
9.0,0.5507955936352509,0.7203866748916183,0.0440873118048726,4.8025778326107895,4.24382499361016,6.960046013050831,1.743332174634089,0.2222222222222222,8938.375,7291.137358764749,2.0,0.6808333333333333,26,金毛,0.9701043662612747,1.3022474890281188,0.9794089178599835,0.9619015977341534,0.5568692542839695,0.7289253300012103,0.6761660220089108,0.5794197585306261,single_day_spike_conflict_goldenretriever_18,2026-01-26,C1,answered_conflicting_better,1,0,0,0,0,0,1,0,0,S0
13.0,0.7917174177831912,1.0368108072263558,0.06314316730976588,4.785280648737027,5.176285884156963,6.81892982721864,1.5146154040613422,0.15384615384615385,5838.916666666667,5948.985298047802,2.0,0.6841666666666667,27,金毛,0.7000295896647334,1.024329954360997,0.9930502068777688,0.9555984799581919,0.13036296413715412,0.3761758682036185,0.6698357231620979,0.569111026702306,single_day_spike_conflict_goldenretriever_18,2026-01-27,C1,answered_conflicting_better,1,0,1,0,0,0,0,0,0,S0
37.0,2.20763723150358,2.4866640405674207,0.1483689761675072,4.0324281738931145,3.6220631540150583,6.820768276379842,1.4556865020592096,0.16216216216216217,2246.0833333333335,2424.7407120831153,6.0,0.6983333333333334,28,金毛,1.1833834143073407,1.1847817180265443,1.0940492381529678,1.0003141496562413,0.8951719068807358,0.5867189876798194,0.740347574414981,0.6065288812602551,single_day_spike_conflict_goldenretriever_18,2026-01-28,C2,answered_conflicting_better,3,1,1,1,1,1,0,0,1,S1
49.0,2.5789473684210527,6.32144571128559,0.33270766901503107,7.74054576892113,7.327552835712738,12.439580335302262,2.4296550538695634,0.02040816326530612,1449.0625,3949.6523075152345,1.0,0.7916666666666666,29,金毛,1.8594340059026078,1.350021939718587,1.2326185047699898,1.0547497778895107,0.943123448363704,0.7917916256446601,0.8252971964984605,0.6638318314111323,single_day_spike_conflict_goldenretriever_18,2026-01-29,C2,answered_conflicting_better,3,0,2,1,0,1,0,0,0,S1
10.0,0.56657223796034,0.6916277427620562,0.03918570780521565,4.149766456572337,3.8541456586957423,6.766594181333542,1.2030155186224003,0.3,7002.666666666667,7936.677670438963,3.0,0.7354166666666666,30,金毛,1.7843856126283242,1.293598193493141,1.1578224795511782,1.038477193225205,1.0708734127265398,0.8368783682078542,0.8354897530040599,0.6583471731434194,single_day_spike_conflict_goldenretriever_18,2026-01-30,C1,answered_conflicting_better,1,0,0,0,0,0,0,0,0,S0
12.0,0.7142857142857143,0.9282685705949884,0.05525408158303502,4.641342852974941,4.763871180989638,6.768432537443761,1.2976558682101944,0.16666666666666666,5392.0,2736.3225155472646,2.0,0.7000000000000001,31,金毛,1.2866017735557025,1.166790188737841,1.1921734428069588,1.051780938856731,1.1216383865568877,0.8495251349801521,0.8038444841104336,0.6471643979276986,single_day_spike_conflict_goldenretriever_18,2026-01-31,C1,answered_conflicting_better,1,1,0,0,0,0,0,0,0,S0
4.0,0.212879191059074,0.32205522381737983,0.017139713880648208,4.830828357260698,5.066698566909379,5.260843440672459,0.6105306074453498,0.75,9911.333333333334,11605.560085100971,3.0,0.7829166666666666,26,马尔济斯,0.10276688176583719,0.1055217978017885,0.07154663418758786,0.05548591710764608,0.09536310451065054,0.06331560275310566,0.06230546561018053,0.06129829603570005,single_day_spike_extreme_maltese_15,2026-01-26,C2,answered_consistent,0,0,2,1,3,2,1,1,2,S2
34.0,1.9871420222092344,1.8456732977587706,0.10787102850723382,3.257070525456654,3.0162388328156666,4.867409156145415,0.8312763610792853,0.2647058823529412,2535.787878787879,2533.9624588543884,8.0,0.7129166666666666,1,中华田园犬,,,,,,,,,single_day_spike_mild_ruralmixed_17,2026-01-01,C1,answered_conflicting_worse,3,1,1,1,3,3,2,2,3,S2
10.0,0.5115089514066496,0.604398786814447,0.030915538967490896,3.6263927208866824,3.7330199580821795,4.843040834120208,0.9042500231174627,0.3,8835.111111111111,6696.70257903834,3.0,0.8145833333333333,5,中华田园犬,0.1854038927576628,0.536721230980035,,,0.28329836816449505,0.8354183846485037,,,single_day_spike_mild_ruralmixed_17,2026-01-05,C1,answered_conflicting_worse,1,1,1,0,2,3,1,1,2,S2
7.0,0.39503386004514673,0.4174637839389891,0.023558904285496,3.5782610051913353,3.474150267407974,4.652378771827013,0.863784491988616,0.2857142857142857,12599.0,6065.842975217872,2.0,0.7383333333333333,9,中华田园犬,0.18122314359185288,0.21756252755237607,0.4055924632770911,,0.18649244360470782,0.21578028442092317,0.6223501739002082,,single_day_spike_mild_ruralmixed_17,2026-01-09,C1,answered_conflicting_worse,1,1,2,0,2,2,1,1,2,S2
4.0,0.18148820326678766,0.2284177375019756,0.010363781193374574,3.426266062529634,3.376814553070893,4.814958799241682,1.3028992679888565,0.5,18518.0,19229.963407834835,2.0,0.9183333333333333,10,中华田园犬,0.20954417917241655,0.2434894137333458,0.3831820372760607,,0.1731746675382292,0.1952047072336473,0.5910215599609661,,single_day_spike_mild_ruralmixed_17,2026-01-10,C1,answered_conflicting_worse,1,1,2,0,3,2,2,3,3,S2
20.0,0.8818342151675486,1.1790744620073113,0.05198741014141584,3.537223386021934,3.518198232951313,4.7759106567683,0.8551184837193844,0.15,3962.1052631578946,3488.124196466103,3.0,0.945,12,中华田园犬,0.4707875193501307,0.33986979609200524,0.42189122729535095,,0.36570199951655974,0.2801426545631409,0.5539607145602065,,single_day_spike_mild_ruralmixed_17,2026-01-12,C1,answered_conflicting_worse,2,0,2,1,3,3,2,2,2,S2
14.0,0.6116207951070336,0.8170257599449398,0.03569356749431803,3.501538971192599,3.503270207288075,4.714351958527798,0.8834488088431479,0.35714285714285715,6504.7692307692305,5750.15490298166,5.0,0.95375,14,中华田园犬,0.5819934209332782,0.3890932771333057,0.4233457696554641,,0.31569887328085994,0.27966044116940403,0.5144264714327501,,single_day_spike_mild_ruralmixed_17,2026-01-14,C1,answered_conflicting_worse,1,1,2,0,2,3,1,2,3,S2
15.0,0.8939213349225268,0.976466714081044,0.05819229523724934,3.905866856324176,3.939406504675954,4.978434285933297,0.7458164016793465,0.26666666666666666,5633.357142857143,7164.484246287803,3.0,0.6991666666666667,15,中华田园犬,0.5860224608516044,0.5093519715214788,0.34525857770641355,0.4547174740066016,0.3214633566460294,0.2913527808804962,0.2949401292719124,0.5103869913925076,single_day_spike_mild_ruralmixed_17,2026-01-15,C1,answered_conflicting_worse,2,1,2,0,2,2,1,1,1,S2
18.0,1.0044642857142856,1.0614848211141799,0.05923464403538949,3.538282737047266,3.7064483796865666,4.805571754281534,0.9379533224022647,0.2777777777777778,4843.588235294118,4746.751409974709,4.0,0.7466666666666667,19,中华田园犬,0.6264986024668063,0.5697479016459382,0.4548088488689717,0.4763647388981989,0.4249741315194351,0.32309289470010083,0.31405136216548674,0.47717819783833176,single_day_spike_mild_ruralmixed_17,2026-01-19,C1,answered_conflicting_worse,2,0,2,0,3,2,2,2,3,S2
9.0,0.4094631483166515,0.47638337172091955,0.021673492798949933,3.1758891448061304,2.668917195798396,4.662721712155589,1.0154467281077688,0.3333333333333333,10375.75,7040.517412626717,3.0,0.9158333333333334,24,中华田园犬,0.1766241800830741,0.3187903783744428,0.44854973872839693,0.42131319645659016,0.210440239171244,0.34094410328285885,0.3226704717680309,0.44341534434946395,single_day_spike_mild_ruralmixed_17,2026-01-24,C1,answered_conflicting_worse,0,1,2,0,1,2,0,1,2,S2
34.0,1.8681318681318682,2.100587481821832,0.11541689460559518,3.7069190855679395,3.485509352510721,5.277130456838181,0.8838138811496637,0.11764705882352941,2158.6666666666665,2211.968075645932,4.0,0.7583333333333333,25,中华田园犬,0.7591983388161733,0.5618832613912199,0.5570562907652408,0.4791859433236013,0.9819445996530398,0.66596538390848,0.49567288295657724,0.5216858790204689,single_day_spike_mild_ruralmixed_17,2026-01-25,C2,answered_conflicting_worse,2,1,2,1,3,3,2,2,3,S2
20.0,1.0167768174885612,1.2241468980878736,0.06223420935881411,3.6724406942636207,3.8162774616624247,4.84359808522261,0.8958241642646867,0.3,3449.1052631578946,3159.1079003037826,6.0,0.8195833333333334,26,中华田园犬,1.0981239446456936,0.5636421945018307,0.5666950480738845,0.49986251540686905,0.7327288890608722,0.6673439746180917,0.5037209600866205,0.5219055916308654,single_day_spike_mild_ruralmixed_17,2026-01-26,C2,answered_conflicting_worse,2,0,1,1,3,2,2,3,3,S2
30.0,1.506024096385542,1.6682776725155548,0.08374887914234712,3.3365553450311096,2.955865721854071,4.850009245248339,0.9506623852780722,0.23333333333333334,2545.5862068965516,1892.0173054038594,6.0,0.8300000000000001,27,中华田园犬,1.463644260668657,0.7632858197741782,0.6562306797781908,0.5371277591468199,0.4272568237260931,0.7157782611084291,0.5526130975743263,0.5471781609336019,single_day_spike_mild_ruralmixed_17,2026-01-27,C2,answered_conflicting_worse,2,0,1,1,3,3,2,1,3,S2
7.0,0.3540718259989884,0.3710361599481479,0.01876763580921335,3.180309942412696,3.13096988992666,4.66042712846223,0.8524295460391554,0.2857142857142857,11376.333333333334,7761.940686595217,2.0,0.82375,28,中华田园犬,0.9589575799576973,0.753553878322026,0.637834324841902,0.530590047248683,0.5781486024230031,0.7216279707402291,0.5584682369451831,0.5380628884687526,single_day_spike_mild_ruralmixed_17,2026-01-28,C2,answered_conflicting_worse,1,0,2,0,3,2,2,2,3,S2
22.0,1.3245033112582782,1.3855765392133674,0.08341821428135866,3.7788451069455475,3.8491415247012064,4.96923678701342,0.8729519086405912,0.0,2534.6666666666665,2353.71743122061,0.0,0.6920833333333333,29,中华田园犬,1.0615330778809362,0.9255672953685556,0.6685901802944556,0.5579663666972897,0.619365413987643,0.6882916743339584,0.5848878166561251,0.5485493528460336,single_day_spike_mild_ruralmixed_17,2026-01-29,C2,answered_conflicting_worse,2,1,2,0,3,3,2,2,3,S2
130.0,6.467661691542288,22.519493391024458,1.1203728055236049,10.39361233431898,10.594525162212513,14.853639846824958,2.906844712444256,0.3769230769230769,661.4108527131783,621.9694976494021,28.0,0.8375,1,中华田园犬,,,,,,,,,sparse_history_chronic_high_07,2026-01-01,C2,answered_conflicting_better,4,0,1,0,2,1,0,1,1,S1
64.0,3.7187681580476464,10.403690471334576,0.6045142632966052,9.753459816876164,9.664336238682871,14.454015572932724,2.5161602694677883,0.390625,1339.4444444444443,1265.4318138426145,23.0,0.7170833333333334,2,中华田园犬,5.093214924794967,,,,1.9437612582939112,,,,sparse_history_chronic_high_07,2026-01-02,C2,answered_conflicting_better,4,1,1,1,1,1,0,1,0,S1
64.0,3.252032520325203,10.911003372066485,0.5544209030521589,10.22906566131233,10.104210712411005,14.772615050174547,2.9296986881267726,0.40625,1332.126984126984,1336.2765431406958,21.0,0.82,3,中华田园犬,4.479487456638379,4.479487456638379,,,1.7375523388179857,1.7375523388179857,,,sparse_history_chronic_high_07,2026-01-03,C2,answered_conflicting_better,4,0,0,0,0,1,0,0,0,S1
121.0,6.626506024096385,20.085918431092264,1.0999955329185247,9.959959552607735,9.778759801363554,14.808714546435052,2.809250324040685,0.4297520661157025,717.1333333333333,908.8421107223313,28.0,0.7608333333333334,4,中华田园犬,4.5324355674897445,5.016242098502881,,,1.828471724365625,1.779086170577541,,,sparse_history_chronic_high_07,2026-01-04,C2,answered_conflicting_better,4,1,1,1,1,1,0,0,1,S1
117.0,5.852926463231617,19.43768372247887,0.9723703713095984,9.968042934604549,9.68150484791654,14.888354205511218,2.7634551543072052,0.41025641025641024,739.1120689655172,768.4409291406062,33.0,0.8329166666666666,5,中华田园犬,5.243821669217735,5.183578971448628,,,1.7677738386121284,1.5855184789183314,,,sparse_history_chronic_high_07,2026-01-05,C2,answered_conflicting_better,4,1,1,0,0,0,0,0,0,S1
100.0,4.361098996947231,15.906368980062332,0.6936924980402238,9.543821388037399,9.29874041688177,14.841761057152532,2.974002915793717,0.4,853.929292929293,860.5139555682888,24.0,0.9554166666666667,6,中华田园犬,5.613510494758411,5.046498975698395,,,1.1515238834406194,1.4573402584854722,,,sparse_history_chronic_high_07,2026-01-06,C2,answered_conflicting_better,4,1,1,0,1,2,0,0,0,S1
42.0,2.320441988950276,6.799060893617314,0.37563872340427146,9.71294413373902,9.537322853800505,14.288736109330356,2.9368784603494755,0.4523809523809524,1991.7317073170732,2414.0348071165536,14.0,0.7541666666666668,7,中华田园犬,4.178155816376375,4.657062263305806,4.657062263305806,,1.7733338083247936,1.6827043298064732,1.6827043298064732,,sparse_history_chronic_high_07,2026-01-07,C2,answered_conflicting_better,3,1,0,0,1,2,0,0,1,S1
36.0,1.6208914903196758,5.863946294692503,0.26402279579885196,9.773243824487505,9.68075446011154,14.588879492173952,3.058867183952488,0.2222222222222222,2378.9142857142856,2486.9553085929742,8.0,0.9254166666666667,8,中华田园犬,2.7674774920723944,3.9646665202740046,4.27754091668254,,1.4237502767807406,1.8061534997392346,1.8919001978996826,,sparse_history_chronic_high_07,2026-01-08,C2,answered_conflicting_better,3,0,2,0,1,1,0,0,1,S1
85.0,4.164625183733464,14.441532466029491,0.7075714094085983,10.194022917197287,10.074364376962352,14.93597973472752,2.8244315028801092,0.3176470588235294,1023.0357142857143,867.5778467394504,22.0,0.8504166666666667,9,中华田园犬,2.701986221001139,4.028360381086264,4.264994724132643,,1.3140880018136538,1.8038967955943044,1.7701107949754848,,sparse_history_chronic_high_07,2026-01-09,C2,answered_conflicting_better,4,1,1,0,2,1,0,0,1,S1
3.0,0.16602102933038185,0.21456522964975028,0.011874113428320435,4.291304592995005,4.968678887606616,5.0,1.2004737257953824,0.6666666666666666,32437.5,29394.5,2.0,0.7529166666666667,5,马尔济斯,0.20030309942217842,0.19488320050016117,,,0.08433839923827216,0.0675284524296743,,,sparse_history_moderate_onset_12,2026-01-05,C1,answered_consistent,0,0,2,0,2,1,1,1,2,S2
6.0,0.2691790040376851,0.4310729872173354,0.01933929956111868,4.310729872173353,4.381707352915936,6.390180235229305,1.7639560953151308,0.5,14503.6,16248.034990114958,3.0,0.92875,7,马尔济斯,0.21023448489264662,0.2055854896926234,0.2055854896926234,,0.05313327688123464,0.06185850209633356,0.06185850209633356,,sparse_history_moderate_onset_12,2026-01-07,C1,answered_consistent,0,0,0,0,0,0,0,0,0,S0
4.0,0.20887728459530028,0.1641204811890039,0.008570260114308299,2.4618072178350587,2.556677751153177,3.018010746054399,0.5562213390793566,0.5,21386.0,18469.72230435531,2.0,0.7979166666666666,11,马尔济斯,0.13384728517699218,0.14961327797509608,0.14413559113268992,,0.06509291763140442,0.0722951072314481,0.06058321306135826,,spike_recover_conflicting_worse_maltese_07,2026-01-11,C1,answered_conflicting_worse,0,1,1,1,3,3,2,2,3,S2
5.0,0.29429075927015896,0.24472712862774368,0.014404186499572908,2.936725543532924,3.3451369137577247,3.660654235642614,0.7835054851840626,0.4,15517.25,11893.152869928983,2.0,0.7079166666666666,18,马尔济斯,0.15977004365217023,0.19679973392548375,0.1732065059502899,0.1646160911076653,0.11654186223315627,0.11588415779652218,0.09596765842838273,0.08715859545350914,spike_recover_conflicting_worse_maltese_07,2026-01-18,C1,answered_conflicting_worse,1,1,2,0,2,2,1,1,2,S2
9.0,0.47745358090185674,0.5207193492569117,0.02762436866084412,3.471462328379411,3.855952017842396,5.0,1.2969078156006872,0.1111111111111111,8737.125,14899.174351599991,1.0,0.7854166666666668,25,马尔济斯,0.2534883967731114,0.18506875607529807,0.19093424500039088,0.1703428372986025,0.20136131439235233,0.13604343567615226,0.12156143807756364,0.1004775558000547,spike_recover_conflicting_worse_maltese_07,2026-01-25,C2,answered_conflicting_worse,1,1,2,0,3,3,3,2,2,S2
7.0,0.36008230452674894,0.37960017917923233,0.019526758188232116,3.2537158215362774,3.4533999162996944,4.937320743197263,1.1328568054965564,0.0,6627.5,7180.343788194731,0.0,0.81,28,马尔济斯,0.18019590656306797,0.21329766213207493,0.16909865880400035,0.1713985232912238,0.18004135179175756,0.16047215818452787,0.12984254341924156,0.1066992244859616,spike_recover_conflicting_worse_maltese_07,2026-01-28,C1,answered_conflicting_worse,0,0,2,1,2,3,1,1,2,S2
17.0,1.0065127294256957,1.5059803302686838,0.08916402192236138,5.315224695065943,5.518624535129453,6.901409769653325,1.1418678753739546,0.17647058823529413,5115.6875,3703.954976082154,3.0,0.70375,1,金毛,,,,,,,,,spike_recover_fast_taper_goldenretriever_06,2026-01-01,C1,answered_conflicting_better,2,0,1,0,1,0,0,1,0,S0
19.0,1.01931330472103,1.5096752921933845,0.08099116374428028,4.767395659558056,4.277885700885985,6.897349656951881,1.564948058521379,0.15789473684210525,4438.722222222223,5057.056794504043,3.0,0.7766666666666667,2,金毛,1.012913017073363,,,,0.00905137359441995,,,,spike_recover_fast_taper_goldenretriever_06,2026-01-02,C1,answered_conflicting_better,2,1,0,0,0,0,0,0,0,S0
14.0,0.7205352547606794,1.148464684828132,0.05910780673330581,4.92199150640628,5.1710760711604955,6.873723666379726,1.4470020021308265,0.14285714285714285,5572.461538461538,5171.693229872139,2.0,0.8095833333333333,3,金毛,0.9154537629691349,0.9154537629691349,,,0.16892567097285788,0.16892567097285788,,,spike_recover_fast_taper_goldenretriever_06,2026-01-03,C1,answered_conflicting_better,1,0,1,0,0,0,0,1,0,S0
10.0,0.4885197850512946,0.7016019539474034,0.03427464357339538,4.209611723684421,4.162232256083552,6.485687446160112,1.2555191918453845,0.2,7582.111111111111,7687.047727537023,2.0,0.8529166666666667,5,金毛,0.5545334981191429,0.7378853057008309,,,0.1447618775416614,0.271167876885686,,,spike_recover_fast_taper_goldenretriever_06,2026-01-05,C1,answered_conflicting_better,1,0,0,0,0,0,0,1,1,S0
24.0,1.2987012987012987,1.9171481867456426,0.10374178499705858,4.792870466864106,4.632117937841064,6.957393382327098,1.1592945252406888,0.16666666666666666,3292.521739130435,4419.289819687884,3.0,0.77,6,金毛,0.747255512766016,0.8313546378675755,,,0.4778680831596375,0.33353367191025246,,,spike_recover_fast_taper_goldenretriever_06,2026-01-06,C1,answered_conflicting_better,2,0,0,0,0,0,0,0,0,S0
13.0,0.7107709130672499,1.024817544339155,0.05603157705517523,4.7299271277191774,4.6024260503977645,6.839246852223314,1.537539883100905,0.15384615384615385,5019.5,2717.2691100931956,2.0,0.7620833333333333,8,金毛,0.9085282479126193,0.7726426489737596,0.8018764090302516,,0.3379103289253418,0.29699458149684355,0.28712690109954175,,spike_recover_fast_taper_goldenretriever_06,2026-01-08,C1,answered_conflicting_better,1,0,0,0,1,0,0,1,1,S0
10.0,0.5988023952095809,0.7890871298261107,0.04725072633689286,4.734522778956665,4.784593312260732,6.5951592798125125,1.134999739058567,0.3,9070.0,6949.64534666658,3.0,0.6958333333333333,9,金毛,0.6752286134153801,0.7125696619006954,0.7793126297168437,,0.06624091141472899,0.2808758217972708,0.276981483858191,,spike_recover_fast_taper_goldenretriever_06,2026-01-09,C1,answered_conflicting_better,1,0,1,0,0,0,0,0,0,S0
5.0,0.24142926122646063,0.43303648985050847,0.020909535965741594,5.196437878206102,5.079088820469512,6.376408546295036,0.8527512097403646,0.4,19027.25,9702.986637499816,2.0,0.8629166666666667,10,金毛,0.5170008565010972,0.6441259485386641,0.7255242928678054,,0.24513060873637707,0.33228135588386876,0.3116509096713799,,spike_recover_fast_taper_goldenretriever_06,2026-01-10,C1,answered_conflicting_better,1,1,0,0,0,0,0,0,0,S0
19.0,1.1571254567600486,1.2723547003828481,0.07748810599164727,4.01796221173531,3.5001625557188936,6.818828756576147,1.4880457719717326,0.15789473684210525,4074.6111111111113,3059.107207065648,3.0,0.6841666666666667,12,金毛,0.5795635908027593,0.7232968444793881,0.7293753699883226,,0.5026122158401789,0.3903019110898534,0.3314928074026792,,spike_recover_fast_taper_goldenretriever_06,2026-01-12,C1,answered_conflicting_better,2,0,0,0,0,0,0,1,1,S0
18.0,0.8430913348946135,1.2677464449923037,0.05937922458980345,4.225821483307679,4.126627013055959,6.998170220880737,1.4894326548537051,0.3333333333333333,4502.411764705882,4121.56976175802,6.0,0.8895833333333334,13,金毛,0.7801176153588103,0.6582097067927188,0.7381227519041911,,0.41211914284269213,0.30757643395641665,0.3189434247972005,,spike_recover_fast_taper_goldenretriever_06,2026-01-13,C1,answered_conflicting_better,2,0,0,0,0,0,0,0,0,S0
21.0,1.0214007782101169,1.4465818074089687,0.07035903732533895,4.133090878311339,4.072149459634369,6.247205426731794,1.308972439347617,0.14285714285714285,3733.6,3780.0285237019043,3.0,0.8566666666666666,15,金毛,0.742051921969208,0.6519498476464974,0.7122962483101285,0.7319106803844997,0.3412770002261792,0.36080400367839405,0.32359703051740135,0.320945917189871,spike_recover_fast_taper_goldenretriever_06,2026-01-15,C1,answered_conflicting_better,2,0,0,0,0,0,0,0,0,S0
10.0,0.4551661356395084,0.8890344916983887,0.04046583940365902,5.334206950190332,5.462628349313935,6.9353006306597615,1.0915100435001457,0.2,6951.444444444444,5874.374257193718,2.0,0.9154166666666667,18,金毛,0.379886847394562,0.6461345378359082,0.6369581431784515,0.6732400415528433,0.06683851106354338,0.35195890049953676,0.3352948015863618,0.32183523965793487,spike_recover_fast_taper_goldenretriever_06,2026-01-18,C1,answered_conflicting_better,1,0,0,0,0,0,1,0,1,S0
24.0,1.2006003001500751,1.956654971862476,0.09788168943784273,4.89163742965619,5.042697825677145,6.87484059384773,1.3600728716651704,0.25,3040.1739130434785,2845.984931552488,5.0,0.8329166666666666,20,金毛,0.6560423297046641,0.5765265466673115,0.6173681267300151,0.6815640800712832,0.47697578132103047,0.3715434371169622,0.3304122385059245,0.3377777001990318,spike_recover_fast_taper_goldenretriever_06,2026-01-20,C1,answered_conflicting_better,2,0,0,0,1,0,1,0,0,S0
18.0,0.8832188420019628,1.2931054929806427,0.06344972978315225,4.310351643268809,4.058180520198076,6.925982469881974,1.6740740340334848,0.1111111111111111,4282.823529411765,3719.1573086527533,2.0,0.8491666666666666,21,金毛,0.7987265651588156,0.651034430838607,0.6293042917323476,0.691166687782268,0.4501073989558882,0.37356420269706847,0.33720237616229937,0.33215282263746004,spike_recover_fast_taper_goldenretriever_06,2026-01-21,C1,answered_conflicting_better,2,1,0,0,0,0,0,0,1,S0
35.0,2.0149683362118593,3.3715212563247983,0.19410024503884848,5.779750725128226,5.907471713564778,8.09908657644384,1.3725591999396287,0.11428571428571428,2320.029411764706,2818.4837129760776,4.0,0.72375,23,金毛,1.1973297377888195,0.8452999559991515,0.7292469390957522,0.748837861512701,0.7144013857087926,0.6046257371730525,0.5003836159681618,0.4200903865259807,spike_recover_fast_taper_goldenretriever_06,2026-01-23,C2,answered_conflicting_better,3,1,1,0,1,1,1,0,0,S1
13.0,0.711159737417943,1.0031673524873408,0.054877863921626954,4.630003165326188,4.598717572205654,6.390696315263507,1.343427138958458,0.23076923076923078,5943.5,3726.684663790771,3.0,0.7616666666666667,25,金毛,0.9523393753286076,0.8495714080878437,0.747852972961876,0.7226128241826434,0.9649162959714845,0.6233008522678256,0.49761949327191013,0.4207412033164815,spike_recover_fast_taper_goldenretriever_06,2026-01-25,C1,answered_conflicting_better,1,0,0,0,0,0,0,0,0,S0
19.0,1.104009296920395,1.4369607135441813,0.08349568352958636,4.537770674350046,3.956884679900597,6.870950997359726,1.572560829192093,0.10526315789473684,4159.388888888889,3312.3832665198915,2.0,0.7170833333333334,26,金毛,0.6486863622314528,0.9626640857444132,0.744058961544758,0.7372819192879416,0.4895584316409824,0.5798903883850182,0.49445143798875807,0.4189713294401995,spike_recover_fast_taper_goldenretriever_06,2026-01-26,C1,answered_conflicting_better,2,1,0,1,1,0,0,0,0,S0
29.0,1.8023617153511498,2.274024220178522,0.14133152393900075,4.70487769692108,4.371745673664957,6.952144212914771,1.3800437555260665,0.13793103448275862,2990.5,3614.608628290798,4.0,0.6704166666666667,27,金毛,1.2058435832298289,1.0486300022017097,0.8125782744345106,0.7767293191421345,0.5526826445279868,0.660099067153691,0.5699350623790717,0.45912980884881655,spike_recover_fast_taper_goldenretriever_06,2026-01-27,C2,answered_conflicting_better,3,1,1,0,0,0,0,0,0,S1
14.0,0.6717850287907869,1.067461366808669,0.051221754645329604,4.57483442918001,4.371003329507266,6.929014509817078,1.7358627023121818,0.07142857142857142,4937.692307692308,4890.942466745827,1.0,0.8683333333333333,28,金毛,1.1927186803541103,1.0184251717429702,0.8347298012907887,0.7729813087724435,0.5704848175721631,0.6736281900188217,0.5569399055626876,0.4509834803372305,spike_recover_fast_taper_goldenretriever_06,2026-01-28,C1,answered_conflicting_better,2,0,0,0,0,0,0,0,1,S0
17.0,0.8337420304070623,1.5468954387919014,0.0758653967038696,5.459630960442006,5.782569360334916,6.819171387827378,1.1697720023259885,0.11764705882352941,4814.25,4981.879107073956,2.0,0.8495833333333334,30,金毛,0.5223425580679996,0.7593497823213582,0.8023248691602548,0.751290643034721,0.40723333600885303,0.5921913034119868,0.5766903544948684,0.45437364166632993,spike_recover_fast_taper_goldenretriever_06,2026-01-30,C1,answered_conflicting_better,2,1,0,0,0,0,0,0,0,S0
18.0,0.9900990099009901,1.3071984505191618,0.07190310508906281,4.357328168397206,4.257400217736273,6.429108129916641,1.214972329716677,0.05555555555555555,4203.823529411765,5136.481185486629,1.0,0.7575,31,金毛,0.6284472184380673,0.8820939191134968,0.8475474063307821,0.7507435190505642,0.49717523532086444,0.5255099033388569,0.5637601807320753,0.4540655020101631,spike_recover_fast_taper_goldenretriever_06,2026-01-31,C1,answered_conflicting_better,2,1,0,0,0,0,0,1,0,S0
24.0,1.4440433212996389,1.9138963089086647,0.11515621593914949,4.784740772271662,4.912897349528322,6.968891451322091,1.5584474846907286,0.20833333333333334,3193.913043478261,2560.7035703195443,5.0,0.6925,32,金毛,1.0892947872025636,0.986791573953739,0.9181814910207914,0.7649011862698512,0.31701225227447194,0.5577934795073349,0.5726945700964271,0.46910077673056144,spike_recover_fast_taper_goldenretriever_06,2026-02-01,C1,answered_conflicting_better,2,0,1,0,0,0,0,0,0,S0
5.0,0.23073373327180433,0.27196713930572386,0.012550398675852507,3.2636056716686865,3.163113912157482,4.402760800381658,1.0237158969072393,0.6,16491.25,19317.451984863324,3.0,0.9029166666666667,24,比熊,0.11690324602361485,0.10388711115403582,0.1090273948670019,0.13361069912776613,0.11539755327672684,0.09301355934253239,0.09042302406396426,0.104694461294795,spike_recover_moderate_bichon_03,2026-01-24,C1,answered_consistent,0,1,0,1,1,1,0,0,1,S1
3.0,0.16260162601626016,0.12664994260084841,0.006864495533921324,2.532998852016968,2.0965223413476752,3.768948616037906,1.0856429077680463,0.6666666666666666,17222.0,13073.0,2.0,0.7687499999999999,25,比熊,0.17110378802903492,0.1208830552346434,0.10470681146516757,0.1347703362033059,0.05586621226895768,0.091016093299623,0.08588490773983044,0.10265400018219545,spike_recover_moderate_bichon_03,2026-01-25,C1,answered_consistent,0,1,1,0,0,0,0,0,0,S0
5.0,0.28328611898017,0.22633525691342893,0.012823527303876994,2.716023082961147,3.2162632662239115,3.84822214858807,1.0173168247198814,0.6,6957.0,9173.483008105482,3.0,0.7354166666666666,27,比熊,0.16414755993984048,0.12687089115929787,0.10516796881885362,0.13700368366244106,0.11837316343612364,0.10475078293657727,0.0894142888326761,0.10425790380528403,spike_recover_moderate_bichon_03,2026-01-27,C2,answered_consistent,1,0,2,0,2,2,1,1,2,S2
3.0,0.1759530791788856,0.17160839191951863,0.010065008323725432,3.4321678383903724,3.392836161535767,4.239344697516944,0.7882473237036394,0.6666666666666666,34690.5,11339.5,2.0,0.7104166666666667,28,比熊,0.16859804432738232,0.14558649958132164,0.11029556971258356,0.13839473350231407,0.11853685414820701,0.09923159560138473,0.09138899647054745,0.10257343313782724,spike_recover_moderate_bichon_03,2026-01-28,C1,answered_consistent,0,1,2,0,2,2,1,1,2,S2
5.0,0.23255813953488372,0.22542494771540733,0.010484881289088713,2.705099372584888,2.79096395107604,3.7274369430055785,0.6855339952586992,0.0,11091.0,6761.806156641877,0.0,0.8958333333333334,36,比熊,0.13597935133819164,0.13443646902013598,0.14800572844494497,0.12634935398219438,0.08792681036365083,0.05625799556599635,0.06725245103870017,0.08307758140173131,spike_recover_moderate_bichon_03,2026-02-05,C1,answered_consistent,0,1,0,0,0,0,1,0,0,S0
5.0,0.24533856722276742,0.2921492717544082,0.014335096749480285,3.505791261052898,3.131072335301024,5.0,1.3698222631308863,0.2,17598.25,18511.012376083054,1.0,0.8491666666666666,22,马尔济斯,0.12257038345786958,0.09208336762306317,0.08618424406716728,0.07060821315345155,0.1063219491764358,0.08434705880297362,0.07837558786689755,0.0721211007465388,spike_recover_severe_maltese_04,2026-01-22,C2,answered_consistent,1,0,2,0,2,1,1,0,1,S1
5.0,0.23062730627306274,1.4387827405209122,0.06636451755170258,17.265392886250943,2.5273122525267717,75.0,32.2863724773296,0.6,10794.75,14321.080150865018,3.0,0.9033333333333333,23,马尔济斯,0.17924413201353695,0.1009259958211594,0.08616141721402247,0.07756556502821725,0.10200415111431876,0.09614147336021017,0.07833021598711282,0.07796366218136182,spike_recover_severe_maltese_04,2026-01-23,C2,answered_consistent,0,0,1,0,1,1,0,0,1,S1
3.0,0.14756517461878998,0.1940071301936188,0.009542898681437225,3.880142603872376,4.456383939561497,4.945899868263039,1.4429227328970566,1.0,30239.5,29510.5,3.0,0.8470833333333333,24,马尔济斯,0.20784368270487338,0.12200673505241512,0.09336244267684193,0.08048221542782445,0.05271839529514899,0.08596265739639825,0.0790590601685808,0.07757719818785758,spike_recover_severe_maltese_04,2026-01-24,C1,answered_consistent,0,1,2,0,2,1,0,0,1,S1
3.0,0.1485148514851485,0.14118077953299718,0.006989147501633524,2.823615590659944,2.4216978011773,4.363338008355236,1.3832719192259657,0.6666666666666666,40074.0,12065.0,2.0,0.8416666666666667,25,马尔济斯,0.17556911079233375,0.1348148349997175,0.10016112254482874,0.08320352087011741,0.04768416024984863,0.08155169680120176,0.07944359627718053,0.07715309471967327,spike_recover_severe_maltese_04,2026-01-25,C1,answered_consistent,0,1,2,0,1,1,0,0,1,S1
6.0,0.3683241252302026,0.3440461501615306,0.021120082882844116,3.440461501615306,3.645697217771996,4.888894562259169,1.3377348385071393,0.0,2542.0,4365.525718627712,0.0,0.67875,26,马尔济斯,0.2214680504447137,0.18039180114011608,0.123208410028656,0.09416969796088992,0.12718197788047034,0.10998072143459751,0.10508292440458843,0.09402754417441062,spike_recover_severe_maltese_04,2026-01-26,C2,answered_consistent,1,0,2,0,2,2,1,1,2,S2
7.0,0.3314393939393939,0.39278416212145617,0.018597734948932583,3.3667213896124815,3.3702374418597123,4.421715215618916,0.9122011090163652,0.8571428571428571,4655.166666666667,9589.56593415758,6.0,0.88,27,马尔济斯,0.282759456884915,0.2190822773305923,0.13699862504119573,0.10295746447861227,0.11771291946852329,0.10844555895616549,0.11897613459150912,0.10288928226431446,spike_recover_severe_maltese_04,2026-01-27,C2,answered_consistent,1,0,2,0,2,2,1,0,2,S2
4.0,0.18099547511312217,0.19121213420460037,0.00865213276943893,2.8681820130690054,2.982073008420009,3.2571806183579284,0.4391945921423357,0.75,4313.333333333333,5592.273320295503,3.0,0.9208333333333334,28,马尔济斯,0.2935863314275729,0.23611498484035534,0.1499268732635616,0.10574453628698764,0.09923530896215696,0.08682760838525776,0.1126076623141214,0.1020373475726523,spike_recover_severe_maltese_04,2026-01-28,C2,answered_consistent,0,0,2,1,3,3,3,2,2,S2
4.0,0.18441678192715535,0.19811046374055893,0.00913372354728257,2.971656956108384,2.7501561705851163,4.709180681344051,1.3912929876480389,0.0,983.0,896.6950429215052,0.0,0.90375,30,马尔济斯,0.16703248911745117,0.21384871608941267,0.15738735595528602,0.10936496694249617,0.02720138326363876,0.09522547725182762,0.10901546790073123,0.09962105592800044,spike_recover_severe_maltese_04,2026-01-30,C1,answered_consistent,0,0,2,0,1,1,0,0,1,S1
8.0,0.4151530877010898,0.47807197727091805,0.024809132188423354,3.585539829531885,3.1803274096936134,5.354487378525951,1.1632516377368818,0.5,10029.142857142857,7920.750874012089,4.0,0.8029166666666666,12,中华田园犬,0.37684558702947174,0.302179619201819,0.26587275505055713,,0.033183323619876186,0.11522955571901736,0.10513551268939722,,step_onset_boundary_3x_tugou_08,2026-01-12,C1,answered_conflicting_worse,1,1,2,1,3,3,2,2,3,S2
9.0,0.5514705882352942,0.6950919792825665,0.04259142029917687,4.633946528550443,4.615786810477189,5.6902190276713975,1.0435385926183438,0.2222222222222222,8488.625,7059.0406206775015,2.0,0.68,14,中华田园犬,0.37748705173556635,0.3121338102773081,0.2791272234365925,,0.19555631255859768,0.15422290165008778,0.12731000383152646,,step_onset_boundary_3x_tugou_08,2026-01-14,C1,answered_conflicting_worse,1,0,2,0,2,1,1,1,1,S2
11.0,0.5519317611640743,0.6720790735412425,0.033721980609194305,3.665885855679505,3.4636633401878494,5.238193627151149,1.1107644060945034,0.2727272727272727,6304.5,2484.117036292775,3.0,0.8304166666666667,15,中华田园犬,0.42307994288989453,0.3578549107334595,0.2995791885434554,0.2973141926184246,0.22277862776065513,0.1727900082354571,0.14651998201702174,0.14146244076659006,step_onset_boundary_3x_tugou_08,2026-01-15,C1,answered_conflicting_worse,1,1,2,0,2,3,2,2,3,S2
17.0,0.9345794392523363,1.0849796981919018,0.059647042231550394,3.8293401112655356,3.726347731509296,5.2957841234825,0.8531947474999277,0.0,3477.1875,3504.3277211676063,0.0,0.7579166666666667,24,中华田园犬,0.3884893551651747,0.3548389768728518,0.5035812222183946,0.3944597560372925,0.4774379690372786,0.31778061644922745,0.5570295229859408,0.44324133462620713,step_onset_boundary_3x_tugou_08,2026-01-24,C1,answered_conflicting_worse,2,0,2,1,3,3,2,2,3,S2
15.0,0.8923259964306961,1.640029105711538,0.09756270706195944,6.560116422846152,6.073926287940757,9.332506074187206,2.125262859449404,0.3333333333333333,5534.571428571428,4470.844514570977,5.0,0.7004166666666666,25,中华田园犬,0.6256268160589284,0.46934479167972704,0.5417171548871514,0.41437440565302863,0.4989765400982798,0.3495935730445964,0.564552596478383,0.44518733033496766,step_onset_boundary_3x_tugou_08,2026-01-25,C1,answered_conflicting_worse,2,0,1,1,2,2,1,0,2,S2
19.0,0.878003696857671,2.1111692528311186,0.09755865308831417,6.666850272098269,7.456724622214072,9.016434828995113,1.8836153989025255,0.21052631578947367,3839.3888888888887,1848.759077474188,4.0,0.9016666666666667,28,中华田园犬,0.9261013528857038,0.690871160083333,0.6592773622764666,0.46920229285652953,0.8053137492138337,0.6101697233344887,0.6523793488612699,0.5001883116154363,step_onset_boundary_3x_tugou_08,2026-01-28,C2,answered_conflicting_worse,2,1,2,1,3,3,2,2,3,S2
13.0,0.7315700619020822,1.5330375560030702,0.08627110613410638,7.075557950783401,7.328895155102771,9.344939999405526,1.5813884367981033,0.46153846153846156,6295.666666666667,5122.390463011928,6.0,0.7404166666666666,30,中华田园犬,0.6268588229289512,0.8011117523241894,0.5303489274922343,0.471341232397067,0.3167583971717055,0.525343217224866,0.47199727720694595,0.48647458168236324,step_onset_boundary_3x_tugou_08,2026-01-30,C1,answered_conflicting_worse,2,0,2,0,2,3,1,1,2,S2
22.0,1.1634056054997355,2.203457319882591,0.11652339079231046,6.009429054225248,6.0907497879250165,8.66109620935112,1.7278361064747665,0.3181818181818182,3678.2380952380954,3905.6829523481597,6.0,0.7879166666666667,32,中华田园犬,4.206537782853745,2.2384171596064926,1.3538809756431098,0.8526583059878292,5.6489680648236895,3.7810156301628894,2.738099127573839,1.929664231203854,step_onset_boundary_3x_tugou_08,2026-02-01,C2,answered_conflicting_worse,2,0,2,0,3,3,2,2,2,S2
41.0,1.965484180249281,4.402676629399149,0.2110583235570062,6.442941408876804,6.416977921293517,9.575412408547267,1.9601069781345324,0.3170731707317073,2036.825,2016.808901302997,12.0,0.8691666666666666,33,中华田园犬,4.617842488969479,2.2685740475117786,1.4556436818738667,0.9126158016385325,5.3038234463011396,3.777351702842067,2.7320240142051353,1.9355529751310911,step_onset_boundary_3x_tugou_08,2026-02-02,C2,answered_conflicting_worse,2,0,2,0,3,3,2,3,3,S2
12.0,0.6441223832528181,1.282745794812222,0.0688537732051649,6.413728974061111,7.44850249341418,9.384021456053176,2.381665362864593,0.5,7717.727272727273,6167.140048690745,6.0,0.77625,34,中华田园犬,1.2576707230006117,2.339746616992587,1.4874800879338756,0.9291507135909876,0.6657054032554723,3.735148720742401,2.7188114634940344,1.930909722021438,step_onset_boundary_3x_tugou_08,2026-02-03,C2,answered_conflicting_worse,1,1,2,0,3,3,1,2,3,S2
8.0,0.4289544235924933,0.8757463636641619,0.04695690957984783,6.568097727481215,6.44899816591246,8.584231363207211,1.2858072905862934,0.25,8742.142857142857,6898.6900708669,2.0,0.7770833333333332,35,中华田园犬,1.0128536623648643,2.2755967208118473,1.4832339404475903,0.9330541839823936,0.831987373954471,3.768148169722889,2.7205376898051203,1.9297367849225775,step_onset_boundary_3x_tugou_08,2026-02-04,C2,answered_conflicting_worse,1,1,2,0,3,3,2,1,3,S2
12.0,0.5550416281221091,1.25470712328331,0.058034557043631356,6.27353561641655,6.181110034375926,8.698812279569996,1.7161670738785504,0.16666666666666666,5359.727272727273,5847.408564964469,2.0,0.9008333333333334,37,中华田园犬,3.7644248007433547,3.684417750341617,2.2427647513329036,1.2736105589377398,5.668360035033056,4.697484110388566,3.5426103148030315,2.5718056239492104,step_onset_boundary_3x_tugou_08,2026-02-06,C1,answered_conflicting_worse,1,0,1,1,3,3,2,2,2,S2
14.0,0.862600123228589,1.4667847788819797,0.09037490935810102,6.28622048092277,5.9481887891075065,9.040037812414466,1.7583660713135185,0.35714285714285715,6520.0,5435.46175237564,4.0,0.67625,38,中华田园犬,3.9089733672887204,2.275555242065784,2.2376233716169214,1.2946344277796589,5.5449595098355635,3.5800801871825674,3.544706535211955,2.565566525038461,step_onset_boundary_3x_tugou_08,2026-02-07,C1,answered_conflicting_worse,2,0,2,0,2,2,1,1,2,S2
6.0,0.3189792663476874,0.2573686785780275,0.01368254537894883,2.573686785780275,2.7074349990998097,3.5282222010935897,0.7049023782924868,0.3333333333333333,14011.4,7136.13392811542,2.0,0.78375,9,马尔济斯,0.14593822643358248,0.10968528733920697,0.10274845794496056,,0.16120752142455147,0.10694935368454038,0.09458376512389927,,step_onset_mild_late_maltese_03,2026-01-09,C1,answered_consistent,1,0,2,0,2,3,0,1,1,S2
4.0,0.17497812773403326,0.19060966341503718,0.008338130508094364,2.8591449512255576,3.058894649690264,3.988005059679218,1.1385856545971869,0.0,9078.0,4157.026902326549,0.0,0.9525,35,马尔济斯,0.09211818277153537,0.10020766553330236,0.08280092644263472,0.08707553767637753,0.07209767692912836,0.06640189509420868,0.06487040951626155,0.07969550218885758,step_onset_mild_late_maltese_03,2026-02-04,C1,answered_consistent,0,1,0,1,0,0,0,0,0,S0
7.0,0.3216911764705882,0.3390300962100246,0.015580427215534218,2.905972253228782,2.8265434914865875,4.117075873870144,1.1273107617454612,0.2857142857142857,12269.333333333334,12950.758892392712,2.0,0.9066666666666667,39,马尔济斯,0.13876492280339442,0.11602786328072516,0.1006686348590882,0.08738404724854688,0.1584218390162456,0.10317414376100689,0.0851111283681855,0.07901954390744746,step_onset_mild_late_maltese_03,2026-02-08,C2,answered_consistent,1,0,2,0,3,3,1,2,3,S2
5.0,0.2523977788995457,0.25074979167628536,0.012657738095723644,3.008997500115424,3.00089302755954,3.7040006778752095,0.5760317705605684,0.4,16108.25,12896.998417752093,2.0,0.8254166666666666,42,马尔济斯,0.16149338160884766,0.145760091353859,0.12298387844358069,0.09711083583788592,0.10073624507062247,0.10959557446253215,0.09020702340331842,0.08452311563212843,step_onset_mild_late_maltese_03,2026-02-11,C2,answered_consistent,0,1,2,0,3,3,3,2,3,S2
7.0,0.37214247740563533,0.4695694114202755,0.024963817725692478,4.024880669316647,3.8435683448219393,5.216861870776198,0.8227769421964128,0.42857142857142855,13918.666666666666,10029.283036300363,3.0,0.78375,24,金毛,0.3090870021747337,0.251392036933694,0.2531328672519338,0.2403214486757791,0.07242067041228563,0.09508160923983887,0.1119344410637946,0.11135538460353196,step_onset_mild_night_focused_goldendoodle_10,2026-01-24,C1,answered_consistent,1,1,2,0,1,2,0,0,1,S1
7.0,0.3094606542882405,0.40704529461685035,0.0179949290281543,3.4889596681444317,3.0581778998217137,5.676395149858263,1.0343132930793566,0.42857142857142855,9750.833333333334,10429.442784998417,3.0,0.9425,25,金毛,0.3355769534814854,0.2724846592984958,0.2629572160744053,0.24308701690027756,0.03262119648997894,0.08801156942200983,0.11028185958200634,0.10988431780878043,step_onset_mild_night_focused_goldendoodle_10,2026-01-25,C1,answered_consistent,1,1,2,1,1,3,1,2,2,S2
6.0,0.27014858171994593,0.4028146981837499,0.018136636568381354,4.028146981837499,4.280352928899613,5.00574707590898,0.8692319362631011,0.5,15622.0,10307.007480350443,3.0,0.9254166666666667,26,金毛,0.3172505711379406,0.27840558304497826,0.25657300918500536,0.24412784631641865,0.051441236305903054,0.08594510153113255,0.10679327191393727,0.10779493142536961,step_onset_mild_night_focused_goldendoodle_10,2026-01-26,C1,answered_consistent,1,1,2,1,2,2,0,0,1,S1
7.0,0.37614185921547555,0.5804217740107431,0.031188703600792216,4.975043777234942,5.058226819007676,5.72040698566047,0.6099390616053733,0.42857142857142855,6141.5,12521.75875226799,3.0,0.7754166666666666,27,金毛,0.3185836984078873,0.2851255598433742,0.27941840582137456,0.2490172542015689,0.05358233075434344,0.09218234379097788,0.09411352620441377,0.10871202436343474,step_onset_mild_night_focused_goldendoodle_10,2026-01-27,C1,answered_consistent,0,1,1,0,1,0,0,0,1,S1
6.0,0.29585798816568043,0.45322678447584186,0.022348460772970504,4.532267844758419,4.907193954125889,5.6036116579227775,1.1319850026932738,0.3333333333333333,10983.8,5887.83411451104,2.0,0.8450000000000001,29,金毛,0.30667190679900963,0.3138421660802045,0.28903115202595675,0.25059792153875565,0.0647439009641942,0.04829147692892404,0.08779230112238831,0.10511872719963195,step_onset_mild_night_focused_goldendoodle_10,2026-01-29,C1,answered_consistent,0,1,1,0,0,1,1,0,0,S0
10.0,0.5878894767783656,0.6935346816595523,0.04077217411284846,4.161208089957315,4.296517650088229,5.4528789714942425,0.9884424268465888,0.6,6604.111111111111,13569.636214270975,6.0,0.7087500000000001,30,金毛,0.37725444598663965,0.35137955865560233,0.3061496981037747,0.261840973380076,0.183977047870041,0.11482129168875979,0.11829121031630595,0.12025431634962205,step_onset_mild_night_focused_goldendoodle_10,2026-01-30,C2,answered_consistent,1,0,2,1,3,3,1,2,3,S2
7.0,0.3827227993439038,0.5442087178454187,0.029754440560165046,4.664646152960732,5.072156386625251,5.693592604873143,1.053254322067097,0.42857142857142855,9768.833333333334,11575.247605942988,3.0,0.7620833333333333,33,金毛,0.24047938104537356,0.31847762004450214,0.29844160154474025,0.2606927601184468,0.1346962871915906,0.15051122549271279,0.11957016780683428,0.11877508976138451,step_onset_mild_night_focused_goldendoodle_10,2026-02-02,C1,answered_consistent,1,1,2,0,2,2,0,1,3,S2
9.0,0.391815411406182,0.5884953549077748,0.025620172177090766,3.9233023660518325,3.957161402591087,5.953883270153838,1.3614203404557892,0.3333333333333333,6897.375,8231.410251856907,3.0,0.9570833333333333,7,中华田园犬,0.32193082176020654,0.2362996051291204,0.2362996051291204,,0.19148592206836906,0.15994971081020992,0.15994971081020992,,step_onset_moderate_early_tugou_04,2026-01-07,C1,answered_consistent,1,1,2,1,0,1,1,0,1,S1
8.0,0.40120361083249745,0.4658632296406259,0.023363251235738507,3.493974222304694,3.5482262763434465,5.193380471166272,0.9972556114638598,0.25,9791.142857142857,6697.971493105131,2.0,0.8308333333333334,17,中华田园犬,0.2111599456780393,0.30824252499340715,0.29531214851778165,0.26817422174725825,0.1646399548237645,0.2324830150117539,0.19108703420731202,0.18768129783645876,step_onset_moderate_early_tugou_04,2026-01-17,C1,answered_consistent,1,1,2,1,2,2,2,1,2,S2
5.0,0.2513826043237808,0.4314991773588956,0.021694277393609632,5.177990128306748,5.382910070628342,7.163837083385056,1.5956146585806075,0.6,8882.5,3057.411364209926,3.0,0.82875,25,中华田园犬,0.29979346902422527,0.1847991392500896,0.25124415878476875,0.24382276440756528,0.046156854695856994,0.12143719090027344,0.18830357450803872,0.16913238446612078,step_onset_moderate_early_tugou_04,2026-01-25,C1,answered_consistent,0,0,0,0,0,0,0,1,0,S0
7.0,0.3422982885085575,0.5501088939302361,0.026900190412236485,4.715219090830595,4.664082863376035,6.301813465556304,1.1426945715407446,0.2857142857142857,12076.166666666666,9047.463630150103,2.0,0.8520833333333333,26,中华田园犬,0.3123288115882194,0.2336988947513121,0.2199239807653242,0.24761028456529577,0.05278336645956633,0.10197949592565855,0.11605885146073083,0.16683677942457245,step_onset_moderate_early_tugou_04,2026-01-26,C1,answered_consistent,1,1,1,1,1,2,0,0,1,S1
10.0,0.4875670404680643,0.9579656281746995,0.04670724661992684,5.747793769048197,5.8001938430670545,7.38167187004678,1.3157701944642148,0.4,8248.222222222223,6949.608170853596,4.0,0.8545833333333334,29,中华田园犬,0.364500302400897,0.3335970861119892,0.24957800533859512,0.25970235537587516,0.18380407682607597,0.11416185777613626,0.14500440464158554,0.16904988203248575,step_onset_moderate_early_tugou_04,2026-01-29,C1,answered_consistent,1,0,1,0,1,1,0,1,1,S1
12.0,0.529567519858782,0.7673404668025111,0.03386321565765715,3.8367023340125557,3.584421523618194,5.687230480808905,1.3561449388860969,0.25,6345.454545454545,6413.058472773082,3.0,0.9441666666666667,7,中华田园犬,0.21722254731963472,0.20983403311875617,0.20983403311875617,,0.2773024456384702,0.18822992918261963,0.18822992918261963,,step_onset_moderate_loose_collar_tugou_11,2026-01-07,C1,answered_conflicting_better,1,0,0,0,0,0,0,1,0,S0
14.0,0.6329113924050632,0.9638137344546551,0.043572049478058546,4.13063029051995,4.127072334297387,5.587095429621479,0.975332234928251,0.21428571428571427,5642.153846153846,4390.6738022619975,2.0,0.9216666666666667,14,中华田园犬,0.44803021062456083,0.3790077839572867,0.2944209085380214,,0.26016635167370933,0.2213438393899417,0.21603254059739846,,step_onset_moderate_loose_collar_tugou_11,2026-01-14,C1,answered_conflicting_better,2,1,0,1,0,0,0,0,0,S0
10.0,0.5567928730512249,0.6030418574292594,0.033576940836818454,3.6182511445755567,3.434499767527454,5.689579025725834,1.3292068715535243,0.2,7366.111111111111,5301.801610866598,2.0,0.7483333333333334,16,中华田园犬,0.4130534165434578,0.41776012386952793,0.2943338363734159,0.2955088485473506,0.3171763340262882,0.22540518688236857,0.23475611247490957,0.22144053917869844,step_onset_moderate_loose_collar_tugou_11,2026-01-16,C1,answered_conflicting_better,1,0,0,0,0,0,1,0,0,S0
3.0,0.23059185242121447,0.24847703351328743,0.019098926480652378,4.969540670265748,5.211809570917559,5.452589487855326,0.6395764898714688,0.6666666666666666,26922.0,16060.0,2.0,0.5420833333333334,17,中华田园犬,0.27894690321550814,0.3858257303981068,0.303348673431239,0.29169020171640136,0.2571018045577915,0.23502317458933605,0.22925968302588978,0.21498619246081815,step_onset_moderate_loose_collar_tugou_11,2026-01-17,C1,answered_conflicting_better,0,1,0,0,0,0,0,0,0,S0
21.0,1.2537313432835822,1.360017290750673,0.08119506213436853,3.8857636878590656,3.5499723072116827,5.8948045598941015,1.3290878199225442,0.3333333333333333,4214.7,3397.286183117342,7.0,0.6979166666666666,23,中华田园犬,0.4787301797716232,0.31443994404206255,0.36610003395579527,0.30127048630661074,0.6723381066464588,0.43444369282517786,0.3368012003807459,0.29152668715540975,step_onset_moderate_loose_collar_tugou_11,2026-01-23,C2,answered_conflicting_better,2,1,0,1,0,0,1,0,0,S1
16.0,0.8154943934760448,1.0087048107000163,0.051412069862386146,3.782643040125061,3.870316389858076,5.68492666124414,1.1468305758933102,0.0,3259.266666666667,3217.85896659392,0.0,0.8175,26,中华田园犬,0.6887449423579867,0.559715683139035,0.40407153778232924,0.3459790773894618,0.36956850559651827,0.4596437473220016,0.38934776643902175,0.3188311538746766,step_onset_moderate_loose_collar_tugou_11,2026-01-26,C1,answered_conflicting_better,2,0,0,0,0,0,0,0,0,S0
7.0,0.3825136612021858,0.6565977594686412,0.03587965898735744,5.627980795445496,5.741888825308363,7.14487743918719,1.084763568880203,0.2857142857142857,10671.5,8485.632106684805,2.0,0.7625000000000001,27,中华田园犬,0.49016253957030936,0.5549912896558593,0.4206420247286398,0.3473322101232664,0.28706704270828953,0.46153814247369124,0.3826051969721075,0.31271872079329954,step_onset_moderate_loose_collar_tugou_11,2026-01-27,C1,answered_conflicting_better,1,1,0,0,0,0,0,0,0,S0
16.0,0.8150789607743251,1.7654804208885513,0.08993787167032864,6.620551578332067,6.911726289842926,8.496770596124,1.5466026835894284,0.0625,3937.133333333333,3025.810257692236,1.0,0.8179166666666666,29,中华田园犬,0.4567018534822987,0.670010247257777,0.44244377634760845,0.3574331576749277,0.3276441501999079,0.4012787551254971,0.3853753741810926,0.3156064407320569,step_onset_moderate_loose_collar_tugou_11,2026-01-29,C2,answered_conflicting_better,2,1,0,0,0,0,0,0,0,S1
9.0,0.5169442848937392,0.8587250490521114,0.04932366737806499,5.72483366034741,7.144891743654119,8.465094462921117,2.3600899468410876,0.2222222222222222,8236.125,11138.62437015339,1.0,0.7254166666666667,30,中华田园犬,0.5015120613794832,0.5647549532020851,0.4395974486220738,0.3627501952488881,0.3215608626633876,0.3085708909073199,0.38461224379919073,0.3114816419637918,step_onset_moderate_loose_collar_tugou_11,2026-01-30,C1,answered_conflicting_better,1,0,0,0,0,0,0,1,0,S0
40.0,2.258610954263128,3.790284182104411,0.21401943433678208,5.685426273156617,5.886189455228395,8.103950625577202,1.4564650339211966,0.275,2110.3333333333335,3379.9376366066913,10.0,0.7379166666666667,33,中华田园犬,2.8989024766265685,1.511965325031477,1.035840504085256,0.6289120428734957,2.942054640152236,2.1458357435780124,1.5706203651597785,1.1326387958376218,step_onset_moderate_loose_collar_tugou_11,2026-02-02,C2,answered_conflicting_better,4,0,1,1,1,0,0,0,0,S1
23.0,1.2054507337526206,2.00292390647547,0.10497504750919653,5.225018886457748,5.667087037860025,6.99089432836279,1.2412169601673828,0.17391304347826086,2908.6363636363635,2642.145401433095,4.0,0.7949999999999999,1,金毛,,,,,,,,,step_onset_severe_high_baseline_goldendoodle_05,2026-01-01,C1,answered_consistent,2,1,0,0,1,0,1,0,0,S0
50.0,3.048780487804878,4.197066186683387,0.2559186699197188,5.036479424020064,5.195180109588105,6.916752290259972,1.1113408147960748,0.12,1649.3673469387754,2326.3678416028665,5.0,0.6833333333333332,2,金毛,2.127115610778749,,,,1.3034309690532822,,,,step_onset_severe_high_baseline_goldendoodle_05,2026-01-02,C2,answered_consistent,4,0,2,1,3,3,1,2,2,S2
21.0,1.2765957446808511,1.6585779331196222,0.10082540626867005,4.738794094627492,4.830149064040292,6.913674984566367,1.1815086272820852,0.14285714285714285,3700.1,3847.3534656956067,3.0,0.6854166666666667,3,金毛,1.8436089887461165,1.8436089887461165,,,1.0443151630387502,1.0443151630387502,,,step_onset_severe_high_baseline_goldendoodle_05,2026-01-03,C1,answered_consistent,1,1,1,0,1,1,0,0,2,S1
25.0,1.1633317822242903,2.075978415203415,0.09660206678470987,4.9823481964881955,4.6766120475669855,6.93190342459772,1.3006259131519153,0.04,3222.0833333333335,4929.672655770924,1.0,0.8954166666666666,4,金毛,1.8295693382366733,1.67353968711566,,,1.0573854792465271,0.918017996880627,,,step_onset_severe_high_baseline_goldendoodle_05,2026-01-04,C1,answered_consistent,2,0,2,0,2,2,1,1,2,S2
33.0,1.972504482964734,2.8373711588640065,0.16959779789982107,5.1588566524800115,5.313538265422356,6.91829529000855,1.1206634141018768,0.24242424242424243,2644.375,3030.2778105934444,7.0,0.6970833333333334,6,金毛,1.1153067662674898,1.4794578775068032,,,0.8821911707170603,0.952191895973552,,,step_onset_severe_high_baseline_goldendoodle_05,2026-01-06,C2,answered_consistent,3,1,2,1,3,3,2,2,3,S2
19.0,1.098901098901099,1.584141868377901,0.09162185473556397,5.002553268561792,5.251572117844875,6.636717095954348,1.1332733755211528,0.15789473684210525,3793.5,3835.8154753730155,3.0,0.7204166666666666,7,金毛,1.0938298718264263,1.425092623420274,1.425092623420274,,0.8812211686523035,0.8810487528667221,0.8810487528667221,,step_onset_severe_high_baseline_goldendoodle_05,2026-01-07,C1,answered_consistent,2,0,2,0,1,1,1,1,2,S2
18.0,0.9054325955734407,1.6797721631656473,0.08449558164817139,5.59924054388549,6.077494752530948,6.923979797577358,1.2141350902748977,0.2222222222222222,3800.1176470588234,3775.536640973789,3.0,0.8283333333333333,8,金毛,1.3256127258130912,1.382232889394677,1.3601351199394198,,0.568514929045857,0.9005948697766214,0.8361281648204495,,step_onset_severe_high_baseline_goldendoodle_05,2026-01-08,C1,answered_consistent,2,0,0,0,0,1,0,0,0,S0
25.0,1.3827433628318586,2.0477545934835715,0.11326076291391436,4.914611024360571,4.963002420136187,6.686237236775602,1.0681328007846973,0.12,3081.75,3283.0050925181336,3.0,0.7533333333333333,9,金毛,1.1290256857687995,1.1442275858271027,1.3626471469274686,,0.24007709217179982,0.5311183810194118,0.7821625866925362,,step_onset_severe_high_baseline_goldendoodle_05,2026-01-09,C2,answered_consistent,2,0,0,1,0,0,0,0,1,S1
22.0,1.049618320610687,1.774383595318271,0.0846557058835053,4.839227987231649,4.778713580368325,6.986461907078975,1.0264029960043382,0.09090909090909091,3309.6190476190477,3537.345554107062,2.0,0.8733333333333334,10,金毛,1.1125980930053287,1.111802239531365,1.3313442642957904,,0.24480855976326746,0.5286129916977315,0.7440441173947214,,step_onset_severe_high_baseline_goldendoodle_05,2026-01-10,C1,answered_consistent,2,1,1,0,1,1,0,1,1,S1
22.0,1.1299435028248588,1.8808472143210397,0.09660232225583153,5.129583311784653,5.230780169441868,6.998249003990942,1.3239557916710198,0.09090909090909091,3576.2380952380954,4342.224291817905,2.0,0.8112499999999999,11,金毛,1.1874350620891347,1.1070324853314462,1.3130351041620694,,0.17384485318436207,0.528221028189211,0.7084694506889804,,step_onset_severe_high_baseline_goldendoodle_05,2026-01-11,C1,answered_consistent,3,0,0,0,1,0,0,0,0,S0
34.0,1.8250134192163179,2.7730477131525912,0.14884850848913533,4.893613611445749,5.223717311891571,6.922505511059044,1.1521495419702896,0.17647058823529413,2298.242424242424,2039.1557823930104,6.0,0.77625,12,金毛,1.334858414217288,1.3377366832747135,1.3556999637499236,,0.4263824344630464,0.41079472478557827,0.691478517233999,,step_onset_severe_high_baseline_goldendoodle_05,2026-01-12,C2,answered_consistent,3,1,2,1,3,3,3,2,3,S2
28.0,1.3861386138613863,2.412418122647243,0.11942663973501204,5.1694674056726635,5.45694874957451,6.930054251098571,1.1703163468550604,0.17857142857142858,3081.6666666666665,3782.1573796504613,4.0,0.8416666666666667,14,金毛,1.2389044019932085,1.169207283974353,1.2971499536973135,,0.6719352591093574,0.4180480350255836,0.6756897878010572,,step_onset_severe_high_baseline_goldendoodle_05,2026-01-14,C1,answered_consistent,2,1,1,0,2,1,2,0,1,S2
37.0,1.9504480759093306,3.091183290890136,0.16295114870269564,5.012729660902923,4.987584545617608,6.895512679789377,1.031971103195947,0.10810810810810811,2225.9444444444443,2483.1098215347765,4.0,0.7904166666666667,15,金毛,1.2807159542242126,1.318495209736623,1.35036404956565,1.3407031618447813,0.7281895312995903,0.48876321002197226,0.696915307235137,0.6726059220242344,step_onset_severe_high_baseline_goldendoodle_05,2026-01-15,C2,answered_consistent,3,0,2,0,3,2,1,0,2,S2
17.0,0.7465963987703118,1.4328058243157853,0.06292515697478196,5.056961732879242,4.913532486642907,6.870379517391156,1.2003340169870373,0.29411764705882354,4756.3125,4899.973197869938,5.0,0.94875,18,金毛,0.7272490093445496,1.1212726157032293,1.1141525505173377,1.2384608030947426,0.09906924974556003,0.5940582013725627,0.5401029347784017,0.655027013108383,step_onset_severe_high_baseline_goldendoodle_05,2026-01-18,C1,answered_consistent,1,1,1,0,0,0,1,0,0,S0
20.0,0.9587727708533078,1.597738973294231,0.07659343112628146,4.793216919882694,4.755078147257198,6.522050047382948,1.0572929054383458,0.1,3847.0,2996.3731761124673,2.0,0.8691666666666666,19,金毛,0.7751008025275362,0.9975239516513706,1.167630317463042,1.2237403803451934,0.17120874112666323,0.5068513650918264,0.4770913581999382,0.6397974880831533,step_onset_severe_high_baseline_goldendoodle_05,2026-01-19,C1,answered_consistent,2,1,1,0,2,3,1,0,3,S2
30.0,1.500750375187594,2.4947051142208503,0.12479765453831168,4.989410228441701,5.10445038937152,6.735092456188962,0.9716641938107161,0.13333333333333333,2770.448275862069,3141.174451853922,4.0,0.8329166666666666,20,金毛,1.0687065149370711,1.139693837692181,1.1339335954789607,1.2375908800873134,0.3889101774223781,0.48495933849565637,0.43022892979735905,0.6258061190435936,step_onset_severe_high_baseline_goldendoodle_05,2026-01-20,C2,answered_consistent,3,0,2,0,2,2,2,1,3,S2
23.0,1.303116147308782,1.8662600765502957,0.10573711481871365,4.868504547522511,4.796710775392455,6.96597802153177,1.1197032239781666,0.30434782608695654,3686.409090909091,3595.438052197546,5.0,0.7354166666666666,21,金毛,1.254213097783228,1.1278334853275234,1.1485203846509382,1.2407111309073835,0.2742782566840782,0.47890508938562226,0.43240621345246255,0.6101279283638533,step_onset_severe_high_baseline_goldendoodle_05,2026-01-21,C1,answered_consistent,2,0,2,1,1,2,0,1,2,S2
17.0,1.0125074449076832,1.3927475018017164,0.08295101261475381,4.915579418123706,4.744567544773217,6.997927973118443,1.2597474073367152,0.17647058823529413,4975.375,4710.128168041184,3.0,0.6995833333333333,22,金毛,1.272124655801353,0.9938419666130022,1.1561685881748127,1.2303382360892152,0.2455924350452793,0.31279113083802473,0.428706969220673,0.5974083539543436,step_onset_severe_high_baseline_goldendoodle_05,2026-01-22,C1,answered_consistent,2,0,2,0,2,2,2,1,2,S2
36.0,1.8274111675126905,2.89107983997727,0.14675532182625736,4.818466399962116,4.705405427606902,6.99982944187647,1.273181649554172,0.16666666666666666,2114.7428571428572,1724.77101325459,6.0,0.8208333333333333,23,金毛,1.3810115865763855,1.1384410774999085,1.1879305742234434,1.256297928759801,0.41299853979511136,0.4288741662548864,0.4619667479005558,0.5968031434424034,step_onset_severe_high_baseline_goldendoodle_05,2026-01-23,C2,answered_consistent,3,1,2,1,2,2,1,0,2,S2
28.0,1.435161455663762,2.3785872578245613,0.12191631254867048,5.096972695338345,5.016244225734697,6.8665414105110845,1.2051029741145396,0.17857142857142858,2835.777777777778,2146.9559731436702,5.0,0.8129166666666667,24,金毛,1.4250266893613786,1.254902251457733,1.2154693695843775,1.2637505757141327,0.4075463831208387,0.3714495189479116,0.4645715996729495,0.5848257629428075,step_onset_severe_high_baseline_goldendoodle_05,2026-01-24,C1,answered_consistent,2,0,2,0,1,1,0,0,2,S1
21.0,0.9910335063709296,1.7523739056031453,0.08269815505441931,5.0067825874375576,5.385964033075148,6.8694724543717465,1.2125819558094437,0.19047619047619047,3876.5,3369.449695425056,4.0,0.8829166666666667,25,金毛,1.4178687098491274,1.289821838257821,1.2055472269805254,1.2528418929404048,0.41845690017921505,0.3241822282608928,0.46800941179822475,0.5751045772637192,step_onset_severe_high_baseline_goldendoodle_05,2026-01-25,C1,answered_consistent,2,1,2,1,2,1,1,2,2,S2
74.0,3.3621081326669695,10.423092753048225,0.4735616880076431,8.451156286255317,8.798282829550871,11.59798058946504,2.082340179884791,0.7027027027027027,1035.5479452054794,2577.1614364682446,11.0,0.9170833333333334,26,金毛,1.9294343649005536,1.6331554613740589,1.3153397065127146,1.3339675175452728,1.2604475405467206,0.8154953368304168,0.7309467864804271,0.6990214624415136,step_onset_severe_high_baseline_goldendoodle_05,2026-01-26,C2,answered_consistent,4,1,2,0,2,2,0,2,2,S2
81.0,3.526338702655638,12.529118831494479,0.5454557610576612,9.280828764069984,8.618137706532652,75.0,7.653298442363227,0.7160493827160493,853.7125,1970.2978277011193,10.0,0.9570833333333333,27,金毛,2.626493447231179,1.9225252224409222,1.5311095300665516,1.415166450327138,1.4187282451719414,1.0778577158910367,0.8998574380045146,0.8048948411165362,step_onset_severe_high_baseline_goldendoodle_05,2026-01-27,C2,answered_consistent,4,1,1,1,1,0,0,0,2,S1
62.0,2.7840143691064214,8.705944210780649,0.39092699644277723,8.425107300755467,8.310964397479905,11.48640254854204,1.8716948968885714,0.0,924.1475409836065,2286.516169054226,0.0,0.9279166666666666,28,金毛,3.224153734809676,2.1340821112691564,1.6309577982983399,1.4640538759978268,0.3899165499962075,1.081346788440745,0.9581971376294438,0.8311320595366242,step_onset_severe_high_baseline_goldendoodle_05,2026-01-28,C2,answered_consistent,4,1,1,0,1,1,0,0,1,S1
83.0,5.0795593635250915,11.30333935244621,0.6917588342990337,8.171088688515333,7.921921527862798,11.592692730490878,1.9376141497751629,0.7349397590361446,798.8414634146342,2173.087830431294,10.0,0.6808333333333333,29,金毛,3.79663747842905,2.715089528214501,1.8544657474137511,1.588726479016008,1.1713999216700515,1.4183784428436523,1.3309117835021669,1.0568179827147923,step_onset_severe_high_baseline_goldendoodle_05,2026-01-29,C2,answered_consistent,3,1,2,0,2,3,1,1,3,S2
78.0,4.707302353651177,10.319494411109499,0.6227817991013578,7.938072623930384,7.69195899703271,11.591271247621409,1.9060707201034335,0.0,658.7142857142857,1907.5934036612787,0.0,0.6904166666666667,30,金毛,4.190292028760897,3.1265025548057133,2.1324718161528105,1.6926790081705139,1.2320131745977851,1.5311705088686807,1.4936752967525764,1.1842869322177496,step_onset_severe_high_baseline_goldendoodle_05,2026-01-30,C2,answered_consistent,4,0,1,1,2,3,1,1,2,S2
96.0,4.25531914893617,13.289135133884562,0.5890574084168689,8.305709458677851,8.167180205487616,11.607629793285316,2.0231920152618286,0.0,552.5894736842105,1593.499944641796,0.0,0.94,31,金毛,4.680726955370813,3.5293822252731997,2.3921422383654662,1.7943412886766323,0.4127622459500285,1.3750337420575476,1.52614552817137,1.2689013319725575,step_onset_severe_high_baseline_goldendoodle_05,2026-01-31,C2,answered_consistent,4,1,2,0,2,2,1,1,2,S2
111.0,6.502636203866432,15.169707607111897,0.8886764854781428,8.199841949790216,8.211333037189096,11.614269739005923,1.971126071895294,0.0,499.73636363636365,1388.33739465771,0.0,0.71125,32,金毛,5.15508590215126,4.316754039201128,2.803287938729475,1.9094698125453506,1.1886930074984008,1.2517754817106308,1.799579668107756,1.518733514024524,step_onset_severe_high_baseline_goldendoodle_05,2026-02-01,C2,answered_consistent,4,0,1,0,1,1,1,0,0,S1
122.0,5.4905490549054905,17.304142611662655,0.778764293954215,8.510234071309503,8.8065612173776,11.534718080368012,1.783698843710655,0.0,430.6694214876033,1276.5590655126932,0.0,0.9258333333333333,33,金毛,5.416168135902698,4.620817028092346,3.1269862447332026,2.049934922886172,1.1255033883462426,1.239685239836242,1.8491690141981956,1.6475863082370195,step_onset_severe_high_baseline_goldendoodle_05,2026-02-02,C2,answered_consistent,4,1,2,0,2,1,1,1,2,S2
39.0,2.1959459459459456,5.172352806444542,0.2912360814439494,7.957465856068527,7.4586517776593295,11.450618286409409,2.0363294812771815,0.4358974358974359,1557.3684210526317,1594.8970668164175,10.0,0.7400000000000001,34,金毛,4.729710401572623,4.430760919990961,3.1766430712159415,2.084355395010227,2.2518996062704106,1.5083205148884218,1.8110814934869044,1.6391901877030706,step_onset_severe_high_baseline_goldendoodle_05,2026-02-03,C2,answered_consistent,4,0,1,0,1,0,0,0,1,S1
54.0,3.2667876588021776,7.33311526553078,0.44362463796314455,8.147905850589755,7.677870329924701,11.587137486894832,1.907695466933878,0.5925925925925926,1207.3584905660377,2616.7815973229954,10.0,0.6887500000000001,35,金毛,3.6510942198845378,4.499728532804641,3.3169053220368987,2.1862455158498517,1.6805865229317074,1.429449106147274,1.7290015841664415,1.613469112074774,step_onset_severe_high_baseline_goldendoodle_05,2026-02-04,C2,answered_consistent,4,1,2,0,2,2,1,1,2,S2
93.0,5.758513931888546,13.052921445950352,0.8082304300898051,8.421239642548615,8.718000044494511,11.507968834331988,1.9220040447896074,0.7634408602150538,764.1086956521739,1858.1210498811272,10.0,0.6729166666666666,36,金毛,3.740415845545556,4.596722042570848,3.6559057853926746,2.3124458308139784,1.8278991788592012,1.496798315545937,1.7075648167461002,1.7393301873198286,step_onset_severe_high_baseline_goldendoodle_05,2026-02-05,C2,answered_consistent,4,0,1,0,3,3,1,1,3,S2
39.0,1.8063918480778138,5.367393272605848,0.24860552443751033,8.257528111701305,8.488151338134237,11.563245391339358,2.162243051402707,0.4358974358974359,1876.157894736842,3057.1144678938817,10.0,0.8995833333333333,37,金毛,3.6105644795895118,4.182306256060367,3.6544044054330405,2.336028855786536,1.9983628594975198,1.8263790527007322,1.7093045487021397,1.7270617919203504,step_onset_severe_high_baseline_goldendoodle_05,2026-02-06,C2,answered_consistent,4,0,2,0,3,3,2,2,2,S2
15.0,0.7583417593528816,2.122756185067672,0.10731831067076199,8.491024740270689,8.856597261640323,11.575683180925674,1.7849365639822823,0.06666666666666667,4871.5,4900.429817154526,1.0,0.8241666666666667,38,金毛,2.7744158464397466,3.6827380575484696,3.606060141410835,2.331125827912517,2.6368984214041076,2.23551582273907,1.7848034960272887,1.7314663935148706,step_onset_severe_high_baseline_goldendoodle_05,2026-02-07,C1,answered_consistent,1,1,2,0,2,3,1,1,2,S2
66.0,3.7757437070938216,9.162557243161972,0.5241737553296323,8.32959749378361,8.39581718776708,11.274226150216878,1.8028554289794505,0.0,812.3230769230769,1511.084461394351,0.0,0.7283333333333334,39,金毛,2.113492438174839,3.293181986580954,3.8049680128910413,2.4108925060545823,1.53196335069941,1.8699257084416834,1.6183641594662983,1.7413620324410908,step_onset_severe_high_baseline_goldendoodle_05,2026-02-08,C1,answered_consistent,4,1,0,0,0,0,0,0,0,S0
105.0,5.401234567901234,13.995275748003113,0.7199215919754688,7.997300427430351,7.656503464400659,11.563743146332785,1.93046641995196,0.0,511.3942307692308,1249.932224456969,0.0,0.81,40,金毛,3.3117733447826456,3.2804227741517744,3.95061990112206,2.5559463809642673,2.3559636628659777,1.8526583153533747,1.666485768359554,1.8041692094442836,step_onset_severe_high_baseline_goldendoodle_05,2026-02-09,C1,answered_consistent,4,0,2,0,2,2,1,2,2,S2
4.0,0.18823529411764706,0.2519658775325269,0.01185721776623656,3.779488162987904,3.6342996965435477,5.305304283353953,1.2975407008049005,0.5,13909.333333333334,18098.37166401687,2.0,0.8854166666666666,10,金毛,0.12733503217975226,0.1668017473361543,0.15602623398527318,,0.06540332277665538,0.08844306261401509,0.07589082403103439,,step_onset_severe_late_clustered_goldendoodle_13,2026-01-10,C1,answered_consistent,0,1,0,0,0,1,0,0,0,S0
4.0,0.191662673694298,0.3096736543578629,0.01483822014172798,4.645104815367944,4.510105182270937,5.99610598544442,1.067548814246472,0.5,9573.666666666666,4339.234673943731,2.0,0.8695833333333334,15,金毛,0.14340653160648417,0.14290476916561948,0.15773007205782832,0.15427688081329513,0.051044731158278324,0.05311236690310614,0.06610566554795144,0.06508983817988263,step_onset_severe_late_clustered_goldendoodle_13,2026-01-15,C1,answered_consistent,0,1,0,1,0,0,0,1,0,S0
4.0,0.23405500292568754,0.2924556240714599,0.01711267548691983,4.386834361071899,4.114122887049671,5.798261644537165,1.0260186018337467,0.75,23230.0,21153.61004651452,3.0,0.7120833333333333,21,金毛,0.25931294511172265,0.21599265724626054,0.17544156399396268,0.17306853043947396,0.09620843712367537,0.07318719819653435,0.07301853550063997,0.07392574932515393,step_onset_severe_late_clustered_goldendoodle_13,2026-01-21,C1,answered_consistent,0,1,2,1,2,2,1,2,2,S2
4.0,0.18340210912425495,0.36503713924752135,0.01673714531166994,5.47555708871282,5.4963180524216515,5.998025895026651,0.47906905318008053,0.5,20429.0,24365.281707106664,2.0,0.90875,22,金毛,0.1985700771598442,0.21481257659339725,0.17885867287950835,0.17353823856150943,0.03083849852334744,0.07370961433668378,0.07212262489038176,0.07217777568130174,step_onset_severe_late_clustered_goldendoodle_13,2026-01-22,C1,answered_consistent,0,0,1,0,2,1,0,1,1,S1
4.0,0.20942408376963348,0.1802742987332227,0.00943844495985459,2.7041144809983404,2.577086727294744,3.5221541232221503,0.6719778896406592,0.5,23848.666666666668,12086.016639994428,2.0,0.7958333333333334,34,金毛,0.10617827705941778,0.15702583202358936,0.14053357721599688,0.15658087770165974,0.10474283389544764,0.08752408394536267,0.08247173686017707,0.07925742396891798,step_onset_severe_late_clustered_goldendoodle_13,2026-02-03,C1,answered_consistent,0,0,1,0,1,2,0,0,1,S1
19.0,1.0095642933049946,2.396310538059717,0.12732787131029313,7.5672964359780535,7.1587870616726645,11.555648513219502,2.119298041637308,0.8421052631578947,3487.1666666666665,7315.39620139151,11.0,0.7841666666666667,45,金毛,0.4207842413602158,0.2682929345679609,0.20089974549229073,0.18492542036138707,0.5165442224618353,0.339155836985825,0.2534090731101763,0.18102028302659903,step_onset_severe_late_clustered_goldendoodle_13,2026-02-14,C2,answered_consistent,1,0,1,1,2,1,0,0,1,S1
12.0,0.5265467310223783,2.65536933270164,0.1165146701492602,13.2768466635082,8.02741077540689,75.0,19.555163049098436,0.6666666666666666,6431.181818181818,10223.90962239701,8.0,0.9495833333333333,46,金毛,0.5266376797400194,0.3435138961425864,0.23071660146470202,0.19501150587101693,0.48288114562983897,0.32793969562301273,0.2660225798345492,0.1914023714203027,step_onset_severe_late_clustered_goldendoodle_13,2026-02-15,C2,answered_consistent,1,1,2,0,2,2,1,1,2,S2
14.0,0.7303077725612936,1.9147286413865272,0.09988151493930762,8.205979891656545,7.507125369481628,12.128725219036276,2.629677225536267,0.7857142857142857,4279.846153846154,8989.441454764532,10.0,0.7987500000000001,47,金毛,0.7554729322962221,0.42387425866572415,0.2828814423619373,0.21334638565640837,0.24249011385358304,0.3461192205947244,0.28799692413533035,0.21484963933601295,step_onset_severe_late_clustered_goldendoodle_13,2026-02-16,C2,answered_consistent,1,1,2,0,3,2,1,1,3,S2
9.0,0.5145797598627788,1.3085206118268609,0.07481535802326249,8.723470745512406,9.824463044328011,11.73879988535264,2.61225106769056,0.6666666666666666,7648.375,12804.014116064345,6.0,0.7287499999999999,48,金毛,0.5904780878154835,0.4626272240128225,0.3046782763685906,0.2258949927531235,0.121243794281473,0.3376147259617327,0.2935047722363587,0.22120433690786914,step_onset_severe_late_clustered_goldendoodle_13,2026-02-17,C2,answered_consistent,1,0,2,1,1,2,1,1,2,S2
27.0,1.36226034308779,3.60380415293793,0.18182664747416397,8.0084536731954,7.505661202481518,12.07944241612731,2.4057820641799688,0.8888888888888888,1557.8846153846155,4571.021341239943,10.0,0.8258333333333333,49,金毛,0.8690492918372875,0.6280067615164125,0.38003832501354895,0.2591159804233868,0.44054227909751414,0.453727713410485,0.40751131361281623,0.3027289967439841,step_onset_severe_late_clustered_goldendoodle_13,2026-02-18,C2,answered_consistent,3,1,2,1,3,2,0,0,2,S2
9.0,0.4515805318615153,1.050427508413731,0.052705845881270995,7.002850056091539,6.848143604453126,12.289121309585866,2.8539043432033804,0.6666666666666666,6391.5,9673.013374848606,6.0,0.8304166666666667,50,金毛,0.776140211604028,0.6626630637990623,0.39674584667801505,0.26822689417111767,0.5085713638026581,0.4247261425397879,0.4051305253808536,0.3043202746547071,step_onset_severe_late_clustered_goldendoodle_13,2026-02-19,C2,answered_consistent,1,0,1,0,3,3,2,2,3,S2
6.0,0.36719706242350064,0.3408407556439023,0.020859287371107853,3.4084075564390233,3.4703705080129312,5.0,0.9460291679204287,0.8333333333333334,13089.4,25613.07206564648,4.0,0.6808333333333333,26,马尔济斯,0.12239902080783356,0.07488816789310673,0.0629494444743411,0.05586285424280405,0.2120013228358479,0.13545373016732476,0.1019216803674227,0.0804101028260646,step_onset_severe_low_baseline_maltese_06,2026-01-26,C2,answered_consistent,1,1,1,0,1,1,0,0,0,S1
7.0,0.35371399696816574,1.5701443259891668,0.07934028933750212,13.458379937050001,3.591111122146073,75.0,27.146278987265553,0.7142857142857143,11939.833333333334,18212.108393563027,5.0,0.8245833333333333,27,马尔济斯,0.24030368646388878,0.12541873888855898,0.08126642535839294,0.06689437804744708,0.20821826183027137,0.16550353124660583,0.12821643523644408,0.09748257579297202,step_onset_severe_low_baseline_maltese_06,2026-01-27,C2,answered_consistent,0,0,2,1,3,3,3,2,3,S2
3.0,0.14430014430014432,0.1657143142332723,0.007970866485486883,3.314286284665446,3.640615056958717,4.012495227108687,0.9065494260799172,0.3333333333333333,17505.0,565.0,1.0,0.86625,28,马尔济斯,0.2884037345639369,0.14603304521715102,0.09157357852268896,0.06965886969932912,0.12497932552508223,0.15599172689528246,0.12697504284937294,0.09677232390907517,step_onset_severe_low_baseline_maltese_06,2026-01-28,C1,answered_consistent,0,1,1,0,1,1,0,1,1,S1
6.0,0.32894736842105265,0.31005461565011067,0.016998608314150804,3.1005461565011068,3.0113453356462014,4.924043290668188,1.0517737648583108,0.0,11013.8,21304.125416453968,0.0,0.7599999999999999,29,马尔济斯,0.2756538365631209,0.1770905411600199,0.11506981912419272,0.07859985241387131,0.11442766634750197,0.16907431996624517,0.13862682860537995,0.10653035513123121,step_onset_severe_low_baseline_maltese_06,2026-01-29,C2,answered_consistent,1,1,2,1,3,3,2,2,3,S2
4.0,0.175054704595186,0.2837798127523085,0.01241924782285814,4.256697191284628,4.197148766826876,4.962394859805761,0.5909091462231201,0.75,15304.666666666666,21120.81005917045,3.0,0.9520833333333334,30,马尔济斯,0.216100739105461,0.1956018966725785,0.12757372659527744,0.08181501415324847,0.09893044049054495,0.1590595343822345,0.1353043362493683,0.10614847837229005,step_onset_severe_low_baseline_maltese_06,2026-01-30,C2,answered_consistent,0,0,2,0,2,2,1,0,2,S2
4.0,0.2274019329164298,0.245751674647559,0.013971101458076124,3.686275119713385,3.7773947372985095,4.841248255577597,1.2590619358408013,0.75,9245.0,12580.845996990822,3.0,0.7329166666666667,33,马尔济斯,0.15008562297359962,0.20746758331504964,0.1411778756040782,0.09682357645060843,0.0670924002539418,0.1000557513055954,0.13349553527282126,0.10552072764217645,step_onset_severe_low_baseline_maltese_06,2026-02-02,C2,answered_consistent,0,1,2,1,3,2,1,2,2,S2
4.0,0.22259321090706735,0.20931860860999177,0.011648225298274445,3.1397791291498764,3.032698494938494,4.780514845209188,1.4320786228468112,0.0,10003.333333333334,13622.884920440147,0.0,0.7487499999999999,34,马尔济斯,0.18855631456927446,0.18873604244917844,0.15707739066886872,0.10238011183933106,0.06316388732449976,0.07794399373604569,0.12855166376668667,0.10765860326363728,step_onset_severe_low_baseline_maltese_06,2026-02-03,C1,answered_consistent,0,1,2,0,1,2,1,0,2,S2
6.0,0.36855036855036855,0.2703997519618913,0.016609321373580545,2.703997519618913,2.4934075393551396,3.966778770862605,0.6588234491340116,0.8333333333333334,5863.0,11000.007654542791,5.0,0.6783333333333333,35,马尔济斯,0.27284850412462186,0.22077178877063908,0.18340241699389503,0.10927428854482851,0.08291511377766912,0.0996880271041039,0.13161052941975446,0.11774018188500256,step_onset_severe_low_baseline_maltese_06,2026-02-04,C2,answered_consistent,1,1,1,0,1,1,0,0,1,S1
5.0,0.26001040041601664,0.32100207611878234,0.01669277566920345,3.852024913425388,4.017943831355173,4.73217631462853,0.6457730094041348,0.0,7896.25,13049.733012115612,0.0,0.80125,36,马尔济斯,0.2837179932911508,0.21092365048420536,0.19400709582211265,0.11605593235960072,0.07581167744337078,0.09017115975063207,0.13135628585580966,0.12042779141257749,step_onset_severe_low_baseline_maltese_06,2026-02-05,C1,answered_consistent,1,1,2,1,1,1,0,0,1,S1
